时间,城市,产品名称,本期价格,价格类型,_ID,_DATA_TIME,_ACTIVE,_CREATE_ID,_CREATE_TIME,_UPDATE_ID,_UPDATE_TIME,_REMARK,_CHANGE_LOG,_RESERVE
2024-07-18,滨海新区,特级铸造焦,3900.00,出厂价,1,2024-07-18 00:00:00,1,0,2024-07-20 22:13:35,0,2024-07-20 22:13:35,,,
2024-07-18,滨海新区,二级铸造焦,3550.00,出厂价,2,2024-07-18 00:00:00,1,0,2024-07-20 22:13:35,0,2024-07-20 22:13:35,,,
2024-07-11,滨海新区,特级铸造焦,3900.00,出厂价,3,2024-07-11 00:00:00,1,0,2024-07-20 22:13:35,0,2024-07-20 22:13:35,,,
2024-07-11,滨海新区,二级铸造焦,3550.00,出厂价,4,2024-07-11 00:00:00,1,0,2024-07-20 22:13:35,0,2024-07-20 22:13:35,,,
2024-07-04,滨海新区,特级铸造焦,3900.00,出厂价,5,2024-07-04 00:00:00,1,0,2024-07-20 22:13:35,0,2024-07-20 22:13:35,,,
2024-07-04,滨海新区,二级铸造焦,3550.00,出厂价,6,2024-07-04 00:00:00,1,0,2024-07-20 22:13:35,0,2024-07-20 22:13:35,,,
2024-06-27,滨海新区,特级铸造焦,3900.00,出厂价,7,2024-06-27 00:00:00,1,0,2024-07-20 22:13:35,0,2024-07-20 22:13:35,,,
2024-06-27,滨海新区,二级铸造焦,3550.00,出厂价,8,2024-06-27 00:00:00,1,0,2024-07-20 22:13:35,0,2024-07-20 22:13:35,,,
2024-06-20,滨海新区,特级铸造焦,3900.00,出厂价,9,2024-06-20 00:00:00,1,0,2024-07-20 22:13:35,0,2024-07-20 22:13:35,,,
2024-06-20,滨海新区,二级铸造焦,3550.00,出厂价,10,2024-06-20 00:00:00,1,0,2024-07-20 22:13:35,0,2024-07-20 22:13:35,,,
2024-06-13,滨海新区,特级铸造焦,3900.00,出厂价,11,2024-06-13 00:00:00,1,0,2024-07-20 22:13:35,0,2024-07-20 22:13:35,,,
2024-06-13,滨海新区,二级铸造焦,3550.00,出厂价,12,2024-06-13 00:00:00,1,0,2024-07-20 22:13:35,0,2024-07-20 22:13:35,,,
2024-06-06,滨海新区,特级铸造焦,3900.00,出厂价,13,2024-06-06 00:00:00,1,0,2024-07-20 22:13:35,0,2024-07-20 22:13:35,,,
2024-06-06,滨海新区,二级铸造焦,3550.00,出厂价,14,2024-06-06 00:00:00,1,0,2024-07-20 22:13:35,0,2024-07-20 22:13:35,,,
2024-05-30,滨海新区,特级铸造焦,3900.00,出厂价,15,2024-05-30 00:00:00,1,0,2024-07-20 22:13:35,0,2024-07-20 22:13:35,,,
2024-05-30,滨海新区,二级铸造焦,3550.00,出厂价,16,2024-05-30 00:00:00,1,0,2024-07-20 22:13:35,0,2024-07-20 22:13:35,,,
2024-05-23,滨海新区,特级铸造焦,3900.00,出厂价,17,2024-05-23 00:00:00,1,0,2024-07-20 22:13:35,0,2024-07-20 22:13:35,,,
2024-05-23,滨海新区,二级铸造焦,3550.00,出厂价,18,2024-05-23 00:00:00,1,0,2024-07-20 22:13:35,0,2024-07-20 22:13:35,,,
2024-05-16,滨海新区,特级铸造焦,3900.00,出厂价,19,2024-05-16 00:00:00,1,0,2024-07-20 22:13:35,0,2024-07-20 22:13:35,,,
2024-05-16,滨海新区,二级铸造焦,3550.00,出厂价,20,2024-05-16 00:00:00,1,0,2024-07-20 22:13:35,0,2024-07-20 22:13:35,,,
2024-05-09,滨海新区,特级铸造焦,3900.00,出厂价,21,2024-05-09 00:00:00,1,0,2024-07-20 22:13:35,0,2024-07-20 22:13:35,,,
2024-05-09,滨海新区,二级铸造焦,3550.00,出厂价,22,2024-05-09 00:00:00,1,0,2024-07-20 22:13:35,0,2024-07-20 22:13:35,,,
2024-04-25,滨海新区,特级铸造焦,3900.00,出厂价,23,2024-04-25 00:00:00,1,0,2024-07-20 22:13:35,0,2024-07-20 22:13:35,,,
2024-04-25,滨海新区,二级铸造焦,3550.00,出厂价,24,2024-04-25 00:00:00,1,0,2024-07-20 22:13:35,0,2024-07-20 22:13:35,,,
2024-04-18,滨海新区,特级铸造焦,3900.00,出厂价,25,2024-04-18 00:00:00,1,0,2024-07-20 22:13:35,0,2024-07-20 22:13:35,,,
2024-04-18,滨海新区,二级铸造焦,3550.00,出厂价,26,2024-04-18 00:00:00,1,0,2024-07-20 22:13:35,0,2024-07-20 22:13:35,,,
2024-04-11,滨海新区,特级铸造焦,3900.00,出厂价,27,2024-04-11 00:00:00,1,0,2024-07-20 22:13:35,0,2024-07-20 22:13:35,,,
2024-04-11,滨海新区,二级铸造焦,3550.00,出厂价,28,2024-04-11 00:00:00,1,0,2024-07-20 22:13:35,0,2024-07-20 22:13:35,,,
2024-03-28,滨海新区,特级铸造焦,3900.00,出厂价,29,2024-03-28 00:00:00,1,0,2024-07-20 22:13:35,0,2024-07-20 22:13:35,,,
2024-03-28,滨海新区,二级铸造焦,3550.00,出厂价,30,2024-03-28 00:00:00,1,0,2024-07-20 22:13:35,0,2024-07-20 22:13:35,,,
2024-03-21,滨海新区,特级铸造焦,3900.00,出厂价,31,2024-03-21 00:00:00,1,0,2024-07-20 22:13:39,0,2024-07-20 22:13:39,,,
2024-03-21,滨海新区,二级铸造焦,3550.00,出厂价,32,2024-03-21 00:00:00,1,0,2024-07-20 22:13:39,0,2024-07-20 22:13:39,,,
2024-03-14,滨海新区,特级铸造焦,3900.00,出厂价,33,2024-03-14 00:00:00,1,0,2024-07-20 22:13:39,0,2024-07-20 22:13:39,,,
2024-03-14,滨海新区,二级铸造焦,3550.00,出厂价,34,2024-03-14 00:00:00,1,0,2024-07-20 22:13:39,0,2024-07-20 22:13:39,,,
2024-03-07,滨海新区,特级铸造焦,3900.00,出厂价,35,2024-03-07 00:00:00,1,0,2024-07-20 22:13:39,0,2024-07-20 22:13:39,,,
2024-03-07,滨海新区,二级铸造焦,3550.00,出厂价,36,2024-03-07 00:00:00,1,0,2024-07-20 22:13:39,0,2024-07-20 22:13:39,,,
2024-02-29,滨海新区,特级铸造焦,3900.00,出厂价,37,2024-02-29 00:00:00,1,0,2024-07-20 22:13:39,0,2024-07-20 22:13:39,,,
2024-02-29,滨海新区,二级铸造焦,3550.00,出厂价,38,2024-02-29 00:00:00,1,0,2024-07-20 22:13:39,0,2024-07-20 22:13:39,,,
2024-02-22,滨海新区,特级铸造焦,3900.00,出厂价,39,2024-02-22 00:00:00,1,0,2024-07-20 22:13:39,0,2024-07-20 22:13:39,,,
2024-02-22,滨海新区,二级铸造焦,3550.00,出厂价,40,2024-02-22 00:00:00,1,0,2024-07-20 22:13:39,0,2024-07-20 22:13:39,,,
2024-02-08,滨海新区,特级铸造焦,3900.00,出厂价,41,2024-02-08 00:00:00,1,0,2024-07-20 22:13:39,0,2024-07-20 22:13:39,,,
2024-02-08,滨海新区,二级铸造焦,3550.00,出厂价,42,2024-02-08 00:00:00,1,0,2024-07-20 22:13:39,0,2024-07-20 22:13:39,,,
2024-02-01,滨海新区,特级铸造焦,3900.00,出厂价,43,2024-02-01 00:00:00,1,0,2024-07-20 22:13:39,0,2024-07-20 22:13:39,,,
2024-02-01,滨海新区,二级铸造焦,3550.00,出厂价,44,2024-02-01 00:00:00,1,0,2024-07-20 22:13:39,0,2024-07-20 22:13:39,,,
2024-01-25,滨海新区,特级铸造焦,3900.00,出厂价,45,2024-01-25 00:00:00,1,0,2024-07-20 22:13:39,0,2024-07-20 22:13:39,,,
2024-01-25,滨海新区,二级铸造焦,3550.00,出厂价,46,2024-01-25 00:00:00,1,0,2024-07-20 22:13:39,0,2024-07-20 22:13:39,,,
2024-01-18,滨海新区,特级铸造焦,3900.00,出厂价,47,2024-01-18 00:00:00,1,0,2024-07-20 22:13:39,0,2024-07-20 22:13:39,,,
2024-01-18,滨海新区,二级铸造焦,3550.00,出厂价,48,2024-01-18 00:00:00,1,0,2024-07-20 22:13:39,0,2024-07-20 22:13:39,,,
2024-01-11,滨海新区,特级铸造焦,3900.00,出厂价,49,2024-01-11 00:00:00,1,0,2024-07-20 22:13:39,0,2024-07-20 22:13:39,,,
2024-01-11,滨海新区,二级铸造焦,3550.00,出厂价,50,2024-01-11 00:00:00,1,0,2024-07-20 22:13:39,0,2024-07-20 22:13:39,,,
2024-01-04,滨海新区,特级铸造焦,3900.00,出厂价,51,2024-01-04 00:00:00,1,0,2024-07-20 22:13:39,0,2024-07-20 22:13:39,,,
2024-01-04,滨海新区,二级铸造焦,3550.00,出厂价,52,2024-01-04 00:00:00,1,0,2024-07-20 22:13:39,0,2024-07-20 22:13:39,,,
2023-12-28,滨海新区,特级铸造焦,3900.00,出厂价,53,2023-12-28 00:00:00,1,0,2024-07-20 22:13:39,0,2024-07-20 22:13:39,,,
2023-12-28,滨海新区,二级铸造焦,3550.00,出厂价,54,2023-12-28 00:00:00,1,0,2024-07-20 22:13:39,0,2024-07-20 22:13:39,,,
2023-12-21,滨海新区,特级铸造焦,3900.00,出厂价,55,2023-12-21 00:00:00,1,0,2024-07-20 22:13:39,0,2024-07-20 22:13:39,,,
2023-12-21,滨海新区,二级铸造焦,3550.00,出厂价,56,2023-12-21 00:00:00,1,0,2024-07-20 22:13:39,0,2024-07-20 22:13:39,,,
2023-12-14,滨海新区,特级铸造焦,3900.00,出厂价,57,2023-12-14 00:00:00,1,0,2024-07-20 22:13:39,0,2024-07-20 22:13:39,,,
2023-12-14,滨海新区,二级铸造焦,3550.00,出厂价,58,2023-12-14 00:00:00,1,0,2024-07-20 22:13:39,0,2024-07-20 22:13:39,,,
2023-12-07,滨海新区,特级铸造焦,3900.00,出厂价,59,2023-12-07 00:00:00,1,0,2024-07-20 22:13:39,0,2024-07-20 22:13:39,,,
2023-12-07,滨海新区,二级铸造焦,3550.00,出厂价,60,2023-12-07 00:00:00,1,0,2024-07-20 22:13:39,0,2024-07-20 22:13:39,,,
2023-11-30,滨海新区,特级铸造焦,3900.00,出厂价,61,2023-11-30 00:00:00,1,0,2024-07-20 22:13:42,0,2024-07-20 22:13:42,,,
2023-11-30,滨海新区,二级铸造焦,3550.00,出厂价,62,2023-11-30 00:00:00,1,0,2024-07-20 22:13:42,0,2024-07-20 22:13:42,,,
2023-11-23,滨海新区,特级铸造焦,3900.00,出厂价,63,2023-11-23 00:00:00,1,0,2024-07-20 22:13:42,0,2024-07-20 22:13:42,,,
2023-11-23,滨海新区,二级铸造焦,3550.00,出厂价,64,2023-11-23 00:00:00,1,0,2024-07-20 22:13:42,0,2024-07-20 22:13:42,,,
2023-11-16,滨海新区,特级铸造焦,3900.00,出厂价,65,2023-11-16 00:00:00,1,0,2024-07-20 22:13:42,0,2024-07-20 22:13:42,,,
2023-11-16,滨海新区,二级铸造焦,3550.00,出厂价,66,2023-11-16 00:00:00,1,0,2024-07-20 22:13:42,0,2024-07-20 22:13:42,,,
2023-11-09,滨海新区,特级铸造焦,3900.00,出厂价,67,2023-11-09 00:00:00,1,0,2024-07-20 22:13:42,0,2024-07-20 22:13:42,,,
2023-11-09,滨海新区,二级铸造焦,3550.00,出厂价,68,2023-11-09 00:00:00,1,0,2024-07-20 22:13:42,0,2024-07-20 22:13:42,,,
2023-11-02,滨海新区,特级铸造焦,3900.00,出厂价,69,2023-11-02 00:00:00,1,0,2024-07-20 22:13:42,0,2024-07-20 22:13:42,,,
2023-11-02,滨海新区,二级铸造焦,3550.00,出厂价,70,2023-11-02 00:00:00,1,0,2024-07-20 22:13:42,0,2024-07-20 22:13:42,,,
2023-10-26,滨海新区,特级铸造焦,3900.00,出厂价,71,2023-10-26 00:00:00,1,0,2024-07-20 22:13:42,0,2024-07-20 22:13:42,,,
2023-10-26,滨海新区,二级铸造焦,3550.00,出厂价,72,2023-10-26 00:00:00,1,0,2024-07-20 22:13:42,0,2024-07-20 22:13:42,,,
2023-10-19,滨海新区,特级铸造焦,3900.00,出厂价,73,2023-10-19 00:00:00,1,0,2024-07-20 22:13:42,0,2024-07-20 22:13:42,,,
2023-10-19,滨海新区,二级铸造焦,3550.00,出厂价,74,2023-10-19 00:00:00,1,0,2024-07-20 22:13:42,0,2024-07-20 22:13:42,,,
2023-10-12,滨海新区,特级铸造焦,3900.00,出厂价,75,2023-10-12 00:00:00,1,0,2024-07-20 22:13:42,0,2024-07-20 22:13:42,,,
2023-10-12,滨海新区,二级铸造焦,3550.00,出厂价,76,2023-10-12 00:00:00,1,0,2024-07-20 22:13:42,0,2024-07-20 22:13:42,,,
2023-09-28,滨海新区,特级铸造焦,3900.00,出厂价,77,2023-09-28 00:00:00,1,0,2024-07-20 22:13:42,0,2024-07-20 22:13:42,,,
2023-09-28,滨海新区,二级铸造焦,3550.00,出厂价,78,2023-09-28 00:00:00,1,0,2024-07-20 22:13:42,0,2024-07-20 22:13:42,,,
2023-09-21,滨海新区,特级铸造焦,3900.00,出厂价,79,2023-09-21 00:00:00,1,0,2024-07-20 22:13:42,0,2024-07-20 22:13:42,,,
2023-09-21,滨海新区,二级铸造焦,3550.00,出厂价,80,2023-09-21 00:00:00,1,0,2024-07-20 22:13:42,0,2024-07-20 22:13:42,,,
2023-09-14,滨海新区,特级铸造焦,3900.00,出厂价,81,2023-09-14 00:00:00,1,0,2024-07-20 22:13:42,0,2024-07-20 22:13:42,,,
2023-09-14,滨海新区,二级铸造焦,3550.00,出厂价,82,2023-09-14 00:00:00,1,0,2024-07-20 22:13:42,0,2024-07-20 22:13:42,,,
2023-09-07,滨海新区,特级铸造焦,3900.00,出厂价,83,2023-09-07 00:00:00,1,0,2024-07-20 22:13:42,0,2024-07-20 22:13:42,,,
2023-09-07,滨海新区,二级铸造焦,3550.00,出厂价,84,2023-09-07 00:00:00,1,0,2024-07-20 22:13:42,0,2024-07-20 22:13:42,,,
2023-08-31,滨海新区,特级铸造焦,3900.00,出厂价,85,2023-08-31 00:00:00,1,0,2024-07-20 22:13:42,0,2024-07-20 22:13:42,,,
2023-08-31,滨海新区,二级铸造焦,3550.00,出厂价,86,2023-08-31 00:00:00,1,0,2024-07-20 22:13:42,0,2024-07-20 22:13:42,,,
2023-08-24,滨海新区,特级铸造焦,3900.00,出厂价,87,2023-08-24 00:00:00,1,0,2024-07-20 22:13:42,0,2024-07-20 22:13:42,,,
2023-08-24,滨海新区,二级铸造焦,3550.00,出厂价,88,2023-08-24 00:00:00,1,0,2024-07-20 22:13:42,0,2024-07-20 22:13:42,,,
2023-08-17,滨海新区,特级铸造焦,3900.00,出厂价,89,2023-08-17 00:00:00,1,0,2024-07-20 22:13:42,0,2024-07-20 22:13:42,,,
2023-08-17,滨海新区,二级铸造焦,3550.00,出厂价,90,2023-08-17 00:00:00,1,0,2024-07-20 22:13:42,0,2024-07-20 22:13:42,,,
2023-08-10,滨海新区,特级铸造焦,3900.00,出厂价,91,2023-08-10 00:00:00,1,0,2024-07-20 22:13:45,0,2024-07-20 22:13:45,,,
2023-08-10,滨海新区,二级铸造焦,3550.00,出厂价,92,2023-08-10 00:00:00,1,0,2024-07-20 22:13:45,0,2024-07-20 22:13:45,,,
2023-08-03,滨海新区,特级铸造焦,3900.00,出厂价,93,2023-08-03 00:00:00,1,0,2024-07-20 22:13:45,0,2024-07-20 22:13:45,,,
2023-08-03,滨海新区,二级铸造焦,3550.00,出厂价,94,2023-08-03 00:00:00,1,0,2024-07-20 22:13:45,0,2024-07-20 22:13:45,,,
2023-07-27,滨海新区,特级铸造焦,3900.00,出厂价,95,2023-07-27 00:00:00,1,0,2024-07-20 22:13:45,0,2024-07-20 22:13:45,,,
2023-07-27,滨海新区,二级铸造焦,3550.00,出厂价,96,2023-07-27 00:00:00,1,0,2024-07-20 22:13:45,0,2024-07-20 22:13:45,,,
2023-07-20,滨海新区,特级铸造焦,3900.00,出厂价,97,2023-07-20 00:00:00,1,0,2024-07-20 22:13:45,0,2024-07-20 22:13:45,,,
2023-07-20,滨海新区,二级铸造焦,3550.00,出厂价,98,2023-07-20 00:00:00,1,0,2024-07-20 22:13:45,0,2024-07-20 22:13:45,,,
2023-07-13,滨海新区,特级铸造焦,3900.00,出厂价,99,2023-07-13 00:00:00,1,0,2024-07-20 22:13:45,0,2024-07-20 22:13:45,,,
2023-07-13,滨海新区,二级铸造焦,3550.00,出厂价,100,2023-07-13 00:00:00,1,0,2024-07-20 22:13:45,0,2024-07-20 22:13:45,,,
2023-07-06,滨海新区,特级铸造焦,3900.00,出厂价,101,2023-07-06 00:00:00,1,0,2024-07-20 22:13:45,0,2024-07-20 22:13:45,,,
2023-07-06,滨海新区,二级铸造焦,3550.00,出厂价,102,2023-07-06 00:00:00,1,0,2024-07-20 22:13:45,0,2024-07-20 22:13:45,,,
2023-06-29,滨海新区,特级铸造焦,3900.00,出厂价,103,2023-06-29 00:00:00,1,0,2024-07-20 22:13:45,0,2024-07-20 22:13:45,,,
2023-06-29,滨海新区,二级铸造焦,3550.00,出厂价,104,2023-06-29 00:00:00,1,0,2024-07-20 22:13:45,0,2024-07-20 22:13:45,,,
2023-06-22,滨海新区,特级铸造焦,3900.00,出厂价,105,2023-06-22 00:00:00,1,0,2024-07-20 22:13:45,0,2024-07-20 22:13:45,,,
2023-06-22,滨海新区,二级铸造焦,3550.00,出厂价,106,2023-06-22 00:00:00,1,0,2024-07-20 22:13:45,0,2024-07-20 22:13:45,,,
2023-06-15,滨海新区,特级铸造焦,3900.00,出厂价,107,2023-06-15 00:00:00,1,0,2024-07-20 22:13:45,0,2024-07-20 22:13:45,,,
2023-06-15,滨海新区,二级铸造焦,3550.00,出厂价,108,2023-06-15 00:00:00,1,0,2024-07-20 22:13:45,0,2024-07-20 22:13:45,,,
2023-06-08,滨海新区,特级铸造焦,3900.00,出厂价,109,2023-06-08 00:00:00,1,0,2024-07-20 22:13:45,0,2024-07-20 22:13:45,,,
2023-06-08,滨海新区,二级铸造焦,3550.00,出厂价,110,2023-06-08 00:00:00,1,0,2024-07-20 22:13:45,0,2024-07-20 22:13:45,,,
2023-06-01,滨海新区,特级铸造焦,3900.00,出厂价,111,2023-06-01 00:00:00,1,0,2024-07-20 22:13:45,0,2024-07-20 22:13:45,,,
2023-06-01,滨海新区,二级铸造焦,3550.00,出厂价,112,2023-06-01 00:00:00,1,0,2024-07-20 22:13:45,0,2024-07-20 22:13:45,,,
2023-05-25,滨海新区,特级铸造焦,3900.00,出厂价,113,2023-05-25 00:00:00,1,0,2024-07-20 22:13:45,0,2024-07-20 22:13:45,,,
2023-05-25,滨海新区,二级铸造焦,3550.00,出厂价,114,2023-05-25 00:00:00,1,0,2024-07-20 22:13:45,0,2024-07-20 22:13:45,,,
2023-05-18,滨海新区,特级铸造焦,3900.00,出厂价,115,2023-05-18 00:00:00,1,0,2024-07-20 22:13:45,0,2024-07-20 22:13:45,,,
2023-05-18,滨海新区,二级铸造焦,3550.00,出厂价,116,2023-05-18 00:00:00,1,0,2024-07-20 22:13:45,0,2024-07-20 22:13:45,,,
2023-05-11,滨海新区,特级铸造焦,3900.00,出厂价,117,2023-05-11 00:00:00,1,0,2024-07-20 22:13:45,0,2024-07-20 22:13:45,,,
2023-05-11,滨海新区,二级铸造焦,3550.00,出厂价,118,2023-05-11 00:00:00,1,0,2024-07-20 22:13:45,0,2024-07-20 22:13:45,,,
2023-05-04,滨海新区,特级铸造焦,3900.00,出厂价,119,2023-05-04 00:00:00,1,0,2024-07-20 22:13:45,0,2024-07-20 22:13:45,,,
2023-05-04,滨海新区,二级铸造焦,3550.00,出厂价,120,2023-05-04 00:00:00,1,0,2024-07-20 22:13:45,0,2024-07-20 22:13:45,,,
2023-04-27,滨海新区,特级铸造焦,3900.00,出厂价,121,2023-04-27 00:00:00,1,0,2024-07-20 22:13:48,0,2024-07-20 22:13:48,,,
2023-04-27,滨海新区,二级铸造焦,3550.00,出厂价,122,2023-04-27 00:00:00,1,0,2024-07-20 22:13:48,0,2024-07-20 22:13:48,,,
2023-04-20,滨海新区,特级铸造焦,3900.00,出厂价,123,2023-04-20 00:00:00,1,0,2024-07-20 22:13:48,0,2024-07-20 22:13:48,,,
2023-04-20,滨海新区,二级铸造焦,3550.00,出厂价,124,2023-04-20 00:00:00,1,0,2024-07-20 22:13:48,0,2024-07-20 22:13:48,,,
2023-04-13,滨海新区,特级铸造焦,3900.00,出厂价,125,2023-04-13 00:00:00,1,0,2024-07-20 22:13:48,0,2024-07-20 22:13:48,,,
2023-04-13,滨海新区,二级铸造焦,3550.00,出厂价,126,2023-04-13 00:00:00,1,0,2024-07-20 22:13:48,0,2024-07-20 22:13:48,,,
2023-04-06,滨海新区,特级铸造焦,3900.00,出厂价,127,2023-04-06 00:00:00,1,0,2024-07-20 22:13:48,0,2024-07-20 22:13:48,,,
2023-04-06,滨海新区,二级铸造焦,3550.00,出厂价,128,2023-04-06 00:00:00,1,0,2024-07-20 22:13:48,0,2024-07-20 22:13:48,,,
2023-03-30,滨海新区,特级铸造焦,3900.00,出厂价,129,2023-03-30 00:00:00,1,0,2024-07-20 22:13:48,0,2024-07-20 22:13:48,,,
2023-03-30,滨海新区,二级铸造焦,3550.00,出厂价,130,2023-03-30 00:00:00,1,0,2024-07-20 22:13:48,0,2024-07-20 22:13:48,,,
2023-03-23,滨海新区,特级铸造焦,3900.00,出厂价,131,2023-03-23 00:00:00,1,0,2024-07-20 22:13:48,0,2024-07-20 22:13:48,,,
2023-03-23,滨海新区,二级铸造焦,3550.00,出厂价,132,2023-03-23 00:00:00,1,0,2024-07-20 22:13:48,0,2024-07-20 22:13:48,,,
2023-03-16,滨海新区,特级铸造焦,3900.00,出厂价,133,2023-03-16 00:00:00,1,0,2024-07-20 22:13:48,0,2024-07-20 22:13:48,,,
2023-03-16,滨海新区,二级铸造焦,3550.00,出厂价,134,2023-03-16 00:00:00,1,0,2024-07-20 22:13:48,0,2024-07-20 22:13:48,,,
2023-03-09,滨海新区,特级铸造焦,3900.00,出厂价,135,2023-03-09 00:00:00,1,0,2024-07-20 22:13:48,0,2024-07-20 22:13:48,,,
2023-03-09,滨海新区,二级铸造焦,3550.00,出厂价,136,2023-03-09 00:00:00,1,0,2024-07-20 22:13:48,0,2024-07-20 22:13:48,,,
2023-03-02,滨海新区,特级铸造焦,3900.00,出厂价,137,2023-03-02 00:00:00,1,0,2024-07-20 22:13:48,0,2024-07-20 22:13:48,,,
2023-03-02,滨海新区,二级铸造焦,3550.00,出厂价,138,2023-03-02 00:00:00,1,0,2024-07-20 22:13:48,0,2024-07-20 22:13:48,,,
2023-02-23,滨海新区,特级铸造焦,3900.00,出厂价,139,2023-02-23 00:00:00,1,0,2024-07-20 22:13:48,0,2024-07-20 22:13:48,,,
2023-02-23,滨海新区,二级铸造焦,3550.00,出厂价,140,2023-02-23 00:00:00,1,0,2024-07-20 22:13:48,0,2024-07-20 22:13:48,,,
2023-02-16,滨海新区,特级铸造焦,3900.00,出厂价,141,2023-02-16 00:00:00,1,0,2024-07-20 22:13:48,0,2024-07-20 22:13:48,,,
2023-02-16,滨海新区,二级铸造焦,3550.00,出厂价,142,2023-02-16 00:00:00,1,0,2024-07-20 22:13:48,0,2024-07-20 22:13:48,,,
2023-02-09,滨海新区,特级铸造焦,3900.00,出厂价,143,2023-02-09 00:00:00,1,0,2024-07-20 22:13:48,0,2024-07-20 22:13:48,,,
2023-02-09,滨海新区,二级铸造焦,3550.00,出厂价,144,2023-02-09 00:00:00,1,0,2024-07-20 22:13:48,0,2024-07-20 22:13:48,,,
2023-02-02,滨海新区,特级铸造焦,3900.00,出厂价,145,2023-02-02 00:00:00,1,0,2024-07-20 22:13:48,0,2024-07-20 22:13:48,,,
2023-02-02,滨海新区,二级铸造焦,3550.00,出厂价,146,2023-02-02 00:00:00,1,0,2024-07-20 22:13:48,0,2024-07-20 22:13:48,,,
2023-01-19,滨海新区,二级铸造焦,3550.00,出厂价,147,2023-01-19 00:00:00,1,0,2024-07-20 22:13:48,0,2024-07-20 22:13:48,,,
2023-01-19,滨海新区,特级铸造焦,3900.00,出厂价,148,2023-01-19 00:00:00,1,0,2024-07-20 22:13:48,0,2024-07-20 22:13:48,,,
2023-01-12,滨海新区,特级铸造焦,3900.00,出厂价,149,2023-01-12 00:00:00,1,0,2024-07-20 22:13:48,0,2024-07-20 22:13:48,,,
2023-01-12,滨海新区,二级铸造焦,3550.00,出厂价,150,2023-01-12 00:00:00,1,0,2024-07-20 22:13:48,0,2024-07-20 22:13:48,,,
2023-01-05,滨海新区,二级铸造焦,3550.00,出厂价,151,2023-01-05 00:00:00,1,0,2024-07-20 22:13:51,0,2024-07-20 22:13:51,,,
2023-01-05,滨海新区,特级铸造焦,3900.00,出厂价,152,2023-01-05 00:00:00,1,0,2024-07-20 22:13:51,0,2024-07-20 22:13:51,,,
2022-12-29,滨海新区,特级铸造焦,3900.00,出厂价,153,2022-12-29 00:00:00,1,0,2024-07-20 22:13:51,0,2024-07-20 22:13:51,,,
2022-12-29,滨海新区,二级铸造焦,3550.00,出厂价,154,2022-12-29 00:00:00,1,0,2024-07-20 22:13:51,0,2024-07-20 22:13:51,,,
2022-12-22,滨海新区,二级铸造焦,3550.00,出厂价,155,2022-12-22 00:00:00,1,0,2024-07-20 22:13:51,0,2024-07-20 22:13:51,,,
2022-12-22,滨海新区,特级铸造焦,3900.00,出厂价,156,2022-12-22 00:00:00,1,0,2024-07-20 22:13:51,0,2024-07-20 22:13:51,,,
2022-12-15,滨海新区,特级铸造焦,3900.00,出厂价,157,2022-12-15 00:00:00,1,0,2024-07-20 22:13:51,0,2024-07-20 22:13:51,,,
2022-12-15,滨海新区,二级铸造焦,3550.00,出厂价,158,2022-12-15 00:00:00,1,0,2024-07-20 22:13:51,0,2024-07-20 22:13:51,,,
2022-12-08,滨海新区,二级铸造焦,3550.00,出厂价,159,2022-12-08 00:00:00,1,0,2024-07-20 22:13:51,0,2024-07-20 22:13:51,,,
2022-12-08,滨海新区,特级铸造焦,3900.00,出厂价,160,2022-12-08 00:00:00,1,0,2024-07-20 22:13:51,0,2024-07-20 22:13:51,,,
2022-12-01,滨海新区,特级铸造焦,3900.00,出厂价,161,2022-12-01 00:00:00,1,0,2024-07-20 22:13:51,0,2024-07-20 22:13:51,,,
2022-12-01,滨海新区,二级铸造焦,3550.00,出厂价,162,2022-12-01 00:00:00,1,0,2024-07-20 22:13:51,0,2024-07-20 22:13:51,,,
2022-11-24,滨海新区,二级铸造焦,3550.00,出厂价,163,2022-11-24 00:00:00,1,0,2024-07-20 22:13:51,0,2024-07-20 22:13:51,,,
2022-11-24,滨海新区,特级铸造焦,3900.00,出厂价,164,2022-11-24 00:00:00,1,0,2024-07-20 22:13:51,0,2024-07-20 22:13:51,,,
2022-11-17,滨海新区,特级铸造焦,3900.00,出厂价,165,2022-11-17 00:00:00,1,0,2024-07-20 22:13:51,0,2024-07-20 22:13:51,,,
2022-11-17,滨海新区,二级铸造焦,3550.00,出厂价,166,2022-11-17 00:00:00,1,0,2024-07-20 22:13:51,0,2024-07-20 22:13:51,,,
2022-11-10,滨海新区,二级铸造焦,3550.00,出厂价,167,2022-11-10 00:00:00,1,0,2024-07-20 22:13:51,0,2024-07-20 22:13:51,,,
2022-11-10,滨海新区,特级铸造焦,3900.00,出厂价,168,2022-11-10 00:00:00,1,0,2024-07-20 22:13:51,0,2024-07-20 22:13:51,,,
2022-11-03,滨海新区,特级铸造焦,3900.00,出厂价,169,2022-11-03 00:00:00,1,0,2024-07-20 22:13:51,0,2024-07-20 22:13:51,,,
2022-11-03,滨海新区,二级铸造焦,3550.00,出厂价,170,2022-11-03 00:00:00,1,0,2024-07-20 22:13:51,0,2024-07-20 22:13:51,,,
2022-10-27,滨海新区,二级铸造焦,3550.00,出厂价,171,2022-10-27 00:00:00,1,0,2024-07-20 22:13:51,0,2024-07-20 22:13:51,,,
2022-10-27,滨海新区,特级铸造焦,3900.00,出厂价,172,2022-10-27 00:00:00,1,0,2024-07-20 22:13:51,0,2024-07-20 22:13:51,,,
2022-10-20,滨海新区,特级铸造焦,3900.00,出厂价,173,2022-10-20 00:00:00,1,0,2024-07-20 22:13:51,0,2024-07-20 22:13:51,,,
2022-10-20,滨海新区,二级铸造焦,3550.00,出厂价,174,2022-10-20 00:00:00,1,0,2024-07-20 22:13:51,0,2024-07-20 22:13:51,,,
2022-10-13,滨海新区,二级铸造焦,3550.00,出厂价,175,2022-10-13 00:00:00,1,0,2024-07-20 22:13:51,0,2024-07-20 22:13:51,,,
2022-10-13,滨海新区,特级铸造焦,3900.00,出厂价,176,2022-10-13 00:00:00,1,0,2024-07-20 22:13:51,0,2024-07-20 22:13:51,,,
2022-09-29,滨海新区,特级铸造焦,3900.00,出厂价,177,2022-09-29 00:00:00,1,0,2024-07-20 22:13:51,0,2024-07-20 22:13:51,,,
2022-09-29,滨海新区,二级铸造焦,3550.00,出厂价,178,2022-09-29 00:00:00,1,0,2024-07-20 22:13:51,0,2024-07-20 22:13:51,,,
2022-09-22,滨海新区,二级铸造焦,3550.00,出厂价,179,2022-09-22 00:00:00,1,0,2024-07-20 22:13:51,0,2024-07-20 22:13:51,,,
2022-09-22,滨海新区,特级铸造焦,3900.00,出厂价,180,2022-09-22 00:00:00,1,0,2024-07-20 22:13:51,0,2024-07-20 22:13:51,,,
2022-09-15,滨海新区,特级铸造焦,3900.00,出厂价,181,2022-09-15 00:00:00,1,0,2024-07-20 22:13:54,0,2024-07-20 22:13:54,,,
2022-09-15,滨海新区,二级铸造焦,3550.00,出厂价,182,2022-09-15 00:00:00,1,0,2024-07-20 22:13:54,0,2024-07-20 22:13:54,,,
2022-09-08,滨海新区,二级铸造焦,3550.00,出厂价,183,2022-09-08 00:00:00,1,0,2024-07-20 22:13:54,0,2024-07-20 22:13:54,,,
2022-09-08,滨海新区,特级铸造焦,3900.00,出厂价,184,2022-09-08 00:00:00,1,0,2024-07-20 22:13:54,0,2024-07-20 22:13:54,,,
2022-09-01,滨海新区,特级铸造焦,3900.00,出厂价,185,2022-09-01 00:00:00,1,0,2024-07-20 22:13:54,0,2024-07-20 22:13:54,,,
2022-09-01,滨海新区,二级铸造焦,3550.00,出厂价,186,2022-09-01 00:00:00,1,0,2024-07-20 22:13:54,0,2024-07-20 22:13:54,,,
2022-08-25,滨海新区,特级铸造焦,3900.00,出厂价,187,2022-08-25 00:00:00,1,0,2024-07-20 22:13:54,0,2024-07-20 22:13:54,,,
2022-08-25,滨海新区,二级铸造焦,3550.00,出厂价,188,2022-08-25 00:00:00,1,0,2024-07-20 22:13:54,0,2024-07-20 22:13:54,,,
2022-08-18,滨海新区,二级铸造焦,3550.00,出厂价,189,2022-08-18 00:00:00,1,0,2024-07-20 22:13:54,0,2024-07-20 22:13:54,,,
2022-08-18,滨海新区,特级铸造焦,3900.00,出厂价,190,2022-08-18 00:00:00,1,0,2024-07-20 22:13:54,0,2024-07-20 22:13:54,,,
2022-08-11,滨海新区,特级铸造焦,3900.00,出厂价,191,2022-08-11 00:00:00,1,0,2024-07-20 22:13:54,0,2024-07-20 22:13:54,,,
2022-08-11,滨海新区,二级铸造焦,3550.00,出厂价,192,2022-08-11 00:00:00,1,0,2024-07-20 22:13:54,0,2024-07-20 22:13:54,,,
2022-08-04,滨海新区,二级铸造焦,3550.00,出厂价,193,2022-08-04 00:00:00,1,0,2024-07-20 22:13:54,0,2024-07-20 22:13:54,,,
2022-08-04,滨海新区,特级铸造焦,3900.00,出厂价,194,2022-08-04 00:00:00,1,0,2024-07-20 22:13:54,0,2024-07-20 22:13:54,,,
2022-07-28,滨海新区,二级铸造焦,3550.00,出厂价,195,2022-07-28 00:00:00,1,0,2024-07-20 22:13:54,0,2024-07-20 22:13:54,,,
2022-07-28,滨海新区,特级铸造焦,3900.00,出厂价,196,2022-07-28 00:00:00,1,0,2024-07-20 22:13:54,0,2024-07-20 22:13:54,,,
2022-07-21,滨海新区,二级铸造焦,3550.00,出厂价,197,2022-07-21 00:00:00,1,0,2024-07-20 22:13:54,0,2024-07-20 22:13:54,,,
2022-07-21,滨海新区,特级铸造焦,3900.00,出厂价,198,2022-07-21 00:00:00,1,0,2024-07-20 22:13:54,0,2024-07-20 22:13:54,,,
2022-07-14,滨海新区,二级铸造焦,3550.00,出厂价,199,2022-07-14 00:00:00,1,0,2024-07-20 22:13:54,0,2024-07-20 22:13:54,,,
2022-07-14,滨海新区,特级铸造焦,3900.00,出厂价,200,2022-07-14 00:00:00,1,0,2024-07-20 22:13:54,0,2024-07-20 22:13:54,,,
2022-07-07,滨海新区,特级铸造焦,4600.00,出厂价,201,2022-07-07 00:00:00,1,0,2024-07-20 22:13:54,0,2024-07-20 22:13:54,,,
2022-07-07,滨海新区,二级铸造焦,4450.00,出厂价,202,2022-07-07 00:00:00,1,0,2024-07-20 22:13:54,0,2024-07-20 22:13:54,,,
2022-06-30,滨海新区,二级铸造焦,4450.00,出厂价,203,2022-06-30 00:00:00,1,0,2024-07-20 22:13:54,0,2024-07-20 22:13:54,,,
2022-06-30,滨海新区,特级铸造焦,4600.00,出厂价,204,2022-06-30 00:00:00,1,0,2024-07-20 22:13:54,0,2024-07-20 22:13:54,,,
2022-06-23,滨海新区,特级铸造焦,4600.00,出厂价,205,2022-06-23 00:00:00,1,0,2024-07-20 22:13:54,0,2024-07-20 22:13:54,,,
2022-06-23,滨海新区,二级铸造焦,4450.00,出厂价,206,2022-06-23 00:00:00,1,0,2024-07-20 22:13:54,0,2024-07-20 22:13:54,,,
2022-06-16,滨海新区,特级铸造焦,4600.00,出厂价,207,2022-06-16 00:00:00,1,0,2024-07-20 22:13:54,0,2024-07-20 22:13:54,,,
2022-06-16,滨海新区,二级铸造焦,4450.00,出厂价,208,2022-06-16 00:00:00,1,0,2024-07-20 22:13:54,0,2024-07-20 22:13:54,,,
2022-06-09,滨海新区,特级铸造焦,4600.00,出厂价,209,2022-06-09 00:00:00,1,0,2024-07-20 22:13:54,0,2024-07-20 22:13:54,,,
2022-06-09,滨海新区,二级铸造焦,4450.00,出厂价,210,2022-06-09 00:00:00,1,0,2024-07-20 22:13:54,0,2024-07-20 22:13:54,,,
2022-06-02,滨海新区,特级铸造焦,4600.00,出厂价,211,2022-06-02 00:00:00,1,0,2024-07-20 22:13:57,0,2024-07-20 22:13:57,,,
2022-06-02,滨海新区,二级铸造焦,4450.00,出厂价,212,2022-06-02 00:00:00,1,0,2024-07-20 22:13:57,0,2024-07-20 22:13:57,,,
2022-05-26,滨海新区,特级铸造焦,4800.00,出厂价,213,2022-05-26 00:00:00,1,0,2024-07-20 22:13:57,0,2024-07-20 22:13:57,,,
2022-05-26,滨海新区,二级铸造焦,4650.00,出厂价,214,2022-05-26 00:00:00,1,0,2024-07-20 22:13:57,0,2024-07-20 22:13:57,,,
2022-05-19,滨海新区,特级铸造焦,4800.00,出厂价,215,2022-05-19 00:00:00,1,0,2024-07-20 22:13:57,0,2024-07-20 22:13:57,,,
2022-05-19,滨海新区,二级铸造焦,4650.00,出厂价,216,2022-05-19 00:00:00,1,0,2024-07-20 22:13:57,0,2024-07-20 22:13:57,,,
2022-05-12,滨海新区,特级铸造焦,4800.00,出厂价,217,2022-05-12 00:00:00,1,0,2024-07-20 22:13:57,0,2024-07-20 22:13:57,,,
2022-05-12,滨海新区,二级铸造焦,4650.00,出厂价,218,2022-05-12 00:00:00,1,0,2024-07-20 22:13:57,0,2024-07-20 22:13:57,,,
2022-05-05,滨海新区,特级铸造焦,4800.00,出厂价,219,2022-05-05 00:00:00,1,0,2024-07-20 22:13:57,0,2024-07-20 22:13:57,,,
2022-05-05,滨海新区,二级铸造焦,4650.00,出厂价,220,2022-05-05 00:00:00,1,0,2024-07-20 22:13:57,0,2024-07-20 22:13:57,,,
2022-04-28,滨海新区,特级铸造焦,4800.00,出厂价,221,2022-04-28 00:00:00,1,0,2024-07-20 22:13:57,0,2024-07-20 22:13:57,,,
2022-04-28,滨海新区,二级铸造焦,4650.00,出厂价,222,2022-04-28 00:00:00,1,0,2024-07-20 22:13:57,0,2024-07-20 22:13:57,,,
2022-04-21,滨海新区,特级铸造焦,4800.00,出厂价,223,2022-04-21 00:00:00,1,0,2024-07-20 22:13:57,0,2024-07-20 22:13:57,,,
2022-04-21,滨海新区,二级铸造焦,4650.00,出厂价,224,2022-04-21 00:00:00,1,0,2024-07-20 22:13:57,0,2024-07-20 22:13:57,,,
2022-04-14,滨海新区,特级铸造焦,4800.00,出厂价,225,2022-04-14 00:00:00,1,0,2024-07-20 22:13:57,0,2024-07-20 22:13:57,,,
2022-04-14,滨海新区,二级铸造焦,4650.00,出厂价,226,2022-04-14 00:00:00,1,0,2024-07-20 22:13:57,0,2024-07-20 22:13:57,,,
2022-04-07,滨海新区,特级铸造焦,4800.00,出厂价,227,2022-04-07 00:00:00,1,0,2024-07-20 22:13:57,0,2024-07-20 22:13:57,,,
2022-04-07,滨海新区,二级铸造焦,4650.00,出厂价,228,2022-04-07 00:00:00,1,0,2024-07-20 22:13:57,0,2024-07-20 22:13:57,,,
2022-03-31,滨海新区,特级铸造焦,4800.00,出厂价,229,2022-03-31 00:00:00,1,0,2024-07-20 22:13:57,0,2024-07-20 22:13:57,,,
2022-03-31,滨海新区,二级铸造焦,4650.00,出厂价,230,2022-03-31 00:00:00,1,0,2024-07-20 22:13:57,0,2024-07-20 22:13:57,,,
2022-03-24,滨海新区,特级铸造焦,4800.00,出厂价,231,2022-03-24 00:00:00,1,0,2024-07-20 22:13:57,0,2024-07-20 22:13:57,,,
2022-03-24,滨海新区,二级铸造焦,4650.00,出厂价,232,2022-03-24 00:00:00,1,0,2024-07-20 22:13:57,0,2024-07-20 22:13:57,,,
2022-03-17,滨海新区,特级铸造焦,4600.00,出厂价,233,2022-03-17 00:00:00,1,0,2024-07-20 22:13:57,0,2024-07-20 22:13:57,,,
2022-03-17,滨海新区,二级铸造焦,4450.00,出厂价,234,2022-03-17 00:00:00,1,0,2024-07-20 22:13:57,0,2024-07-20 22:13:57,,,
2022-03-10,滨海新区,特级铸造焦,4600.00,出厂价,235,2022-03-10 00:00:00,1,0,2024-07-20 22:13:57,0,2024-07-20 22:13:57,,,
2022-03-10,滨海新区,二级铸造焦,4450.00,出厂价,236,2022-03-10 00:00:00,1,0,2024-07-20 22:13:57,0,2024-07-20 22:13:57,,,
2022-03-03,滨海新区,特级铸造焦,4300.00,出厂价,237,2022-03-03 00:00:00,1,0,2024-07-20 22:13:57,0,2024-07-20 22:13:57,,,
2022-03-03,滨海新区,二级铸造焦,4050.00,出厂价,238,2022-03-03 00:00:00,1,0,2024-07-20 22:13:57,0,2024-07-20 22:13:57,,,
2022-02-24,滨海新区,特级铸造焦,4300.00,出厂价,239,2022-02-24 00:00:00,1,0,2024-07-20 22:13:57,0,2024-07-20 22:13:57,,,
2022-02-24,滨海新区,二级铸造焦,4050.00,出厂价,240,2022-02-24 00:00:00,1,0,2024-07-20 22:13:57,0,2024-07-20 22:13:57,,,
2022-02-17,滨海新区,特级铸造焦,4300.00,出厂价,241,2022-02-17 00:00:00,1,0,2024-07-20 22:14:00,0,2024-07-20 22:14:00,,,
2022-02-17,滨海新区,二级铸造焦,4050.00,出厂价,242,2022-02-17 00:00:00,1,0,2024-07-20 22:14:00,0,2024-07-20 22:14:00,,,
2022-02-10,滨海新区,特级铸造焦,4300.00,出厂价,243,2022-02-10 00:00:00,1,0,2024-07-20 22:14:00,0,2024-07-20 22:14:00,,,
2022-02-10,滨海新区,二级铸造焦,4050.00,出厂价,244,2022-02-10 00:00:00,1,0,2024-07-20 22:14:00,0,2024-07-20 22:14:00,,,
2022-01-27,滨海新区,二级铸造焦,4050.00,出厂价,245,2022-01-27 00:00:00,1,0,2024-07-20 22:14:00,0,2024-07-20 22:14:00,,,
2022-01-27,滨海新区,特级铸造焦,4300.00,出厂价,246,2022-01-27 00:00:00,1,0,2024-07-20 22:14:00,0,2024-07-20 22:14:00,,,
2022-01-20,滨海新区,二级铸造焦,4050.00,出厂价,247,2022-01-20 00:00:00,1,0,2024-07-20 22:14:00,0,2024-07-20 22:14:00,,,
2022-01-20,滨海新区,特级铸造焦,4300.00,出厂价,248,2022-01-20 00:00:00,1,0,2024-07-20 22:14:00,0,2024-07-20 22:14:00,,,
2022-01-13,滨海新区,特级铸造焦,4300.00,出厂价,249,2022-01-13 00:00:00,1,0,2024-07-20 22:14:00,0,2024-07-20 22:14:00,,,
2022-01-13,滨海新区,二级铸造焦,4050.00,出厂价,250,2022-01-13 00:00:00,1,0,2024-07-20 22:14:00,0,2024-07-20 22:14:00,,,
2022-01-06,滨海新区,特级铸造焦,4300.00,出厂价,251,2022-01-06 00:00:00,1,0,2024-07-20 22:14:00,0,2024-07-20 22:14:00,,,
2022-01-06,滨海新区,二级铸造焦,4050.00,出厂价,252,2022-01-06 00:00:00,1,0,2024-07-20 22:14:00,0,2024-07-20 22:14:00,,,
2021-12-30,滨海新区,特级铸造焦,4300.00,出厂价,253,2021-12-30 00:00:00,1,0,2024-07-20 22:14:00,0,2024-07-20 22:14:00,,,
2021-12-30,滨海新区,二级铸造焦,4050.00,出厂价,254,2021-12-30 00:00:00,1,0,2024-07-20 22:14:00,0,2024-07-20 22:14:00,,,
2021-12-23,滨海新区,特级铸造焦,4300.00,出厂价,255,2021-12-23 00:00:00,1,0,2024-07-20 22:14:00,0,2024-07-20 22:14:00,,,
2021-12-23,滨海新区,二级铸造焦,4050.00,出厂价,256,2021-12-23 00:00:00,1,0,2024-07-20 22:14:00,0,2024-07-20 22:14:00,,,
2021-12-16,滨海新区,特级铸造焦,4500.00,出厂价,257,2021-12-16 00:00:00,1,0,2024-07-20 22:14:00,0,2024-07-20 22:14:00,,,
2021-12-16,滨海新区,二级铸造焦,4250.00,出厂价,258,2021-12-16 00:00:00,1,0,2024-07-20 22:14:00,0,2024-07-20 22:14:00,,,
2021-12-09,滨海新区,特级铸造焦,4500.00,出厂价,259,2021-12-09 00:00:00,1,0,2024-07-20 22:14:00,0,2024-07-20 22:14:00,,,
2021-12-09,滨海新区,二级铸造焦,4250.00,出厂价,260,2021-12-09 00:00:00,1,0,2024-07-20 22:14:00,0,2024-07-20 22:14:00,,,
2021-12-02,滨海新区,特级铸造焦,4500.00,出厂价,261,2021-12-02 00:00:00,1,0,2024-07-20 22:14:00,0,2024-07-20 22:14:00,,,
2021-12-02,滨海新区,二级铸造焦,4250.00,出厂价,262,2021-12-02 00:00:00,1,0,2024-07-20 22:14:00,0,2024-07-20 22:14:00,,,
2021-11-25,滨海新区,二级铸造焦,4250.00,出厂价,263,2021-11-25 00:00:00,1,0,2024-07-20 22:14:00,0,2024-07-20 22:14:00,,,
2021-11-25,滨海新区,特级铸造焦,4500.00,出厂价,264,2021-11-25 00:00:00,1,0,2024-07-20 22:14:00,0,2024-07-20 22:14:00,,,
2021-11-18,滨海新区,二级铸造焦,4250.00,出厂价,265,2021-11-18 00:00:00,1,0,2024-07-20 22:14:00,0,2024-07-20 22:14:00,,,
2021-11-18,滨海新区,特级铸造焦,4500.00,出厂价,266,2021-11-18 00:00:00,1,0,2024-07-20 22:14:00,0,2024-07-20 22:14:00,,,
2021-11-11,滨海新区,特级铸造焦,4500.00,出厂价,267,2021-11-11 00:00:00,1,0,2024-07-20 22:14:00,0,2024-07-20 22:14:00,,,
2021-11-11,滨海新区,二级铸造焦,4250.00,出厂价,268,2021-11-11 00:00:00,1,0,2024-07-20 22:14:00,0,2024-07-20 22:14:00,,,
2021-11-04,滨海新区,特级铸造焦,4500.00,出厂价,269,2021-11-04 00:00:00,1,0,2024-07-20 22:14:00,0,2024-07-20 22:14:00,,,
2021-11-04,滨海新区,二级铸造焦,4250.00,出厂价,270,2021-11-04 00:00:00,1,0,2024-07-20 22:14:00,0,2024-07-20 22:14:00,,,
2021-10-28,滨海新区,特级铸造焦,4500.00,出厂价,271,2021-10-28 00:00:00,1,0,2024-07-20 22:14:03,0,2024-07-20 22:14:03,,,
2021-10-28,滨海新区,二级铸造焦,4250.00,出厂价,272,2021-10-28 00:00:00,1,0,2024-07-20 22:14:03,0,2024-07-20 22:14:03,,,
2021-10-21,滨海新区,特级铸造焦,4500.00,出厂价,273,2021-10-21 00:00:00,1,0,2024-07-20 22:14:03,0,2024-07-20 22:14:03,,,
2021-10-21,滨海新区,二级铸造焦,4250.00,出厂价,274,2021-10-21 00:00:00,1,0,2024-07-20 22:14:03,0,2024-07-20 22:14:03,,,
2021-10-14,滨海新区,特级铸造焦,4500.00,出厂价,275,2021-10-14 00:00:00,1,0,2024-07-20 22:14:03,0,2024-07-20 22:14:03,,,
2021-10-14,滨海新区,二级铸造焦,4250.00,出厂价,276,2021-10-14 00:00:00,1,0,2024-07-20 22:14:03,0,2024-07-20 22:14:03,,,
2021-10-07,滨海新区,特级铸造焦,4500.00,出厂价,277,2021-10-07 00:00:00,1,0,2024-07-20 22:14:03,0,2024-07-20 22:14:03,,,
2021-10-07,滨海新区,二级铸造焦,4250.00,出厂价,278,2021-10-07 00:00:00,1,0,2024-07-20 22:14:03,0,2024-07-20 22:14:03,,,
2021-09-30,滨海新区,特级铸造焦,4500.00,出厂价,279,2021-09-30 00:00:00,1,0,2024-07-20 22:14:03,0,2024-07-20 22:14:03,,,
2021-09-30,滨海新区,二级铸造焦,4250.00,出厂价,280,2021-09-30 00:00:00,1,0,2024-07-20 22:14:03,0,2024-07-20 22:14:03,,,
2021-09-23,滨海新区,特级铸造焦,4500.00,出厂价,281,2021-09-23 00:00:00,1,0,2024-07-20 22:14:03,0,2024-07-20 22:14:03,,,
2021-09-23,滨海新区,二级铸造焦,4250.00,出厂价,282,2021-09-23 00:00:00,1,0,2024-07-20 22:14:03,0,2024-07-20 22:14:03,,,
2021-09-16,滨海新区,特级铸造焦,4500.00,出厂价,283,2021-09-16 00:00:00,1,0,2024-07-20 22:14:03,0,2024-07-20 22:14:03,,,
2021-09-16,滨海新区,二级铸造焦,4250.00,出厂价,284,2021-09-16 00:00:00,1,0,2024-07-20 22:14:03,0,2024-07-20 22:14:03,,,
2021-09-09,滨海新区,特级铸造焦,3900.00,出厂价,285,2021-09-09 00:00:00,1,0,2024-07-20 22:14:03,0,2024-07-20 22:14:03,,,
2021-09-09,滨海新区,二级铸造焦,3650.00,出厂价,286,2021-09-09 00:00:00,1,0,2024-07-20 22:14:03,0,2024-07-20 22:14:03,,,
2021-09-02,滨海新区,特级铸造焦,3900.00,出厂价,287,2021-09-02 00:00:00,1,0,2024-07-20 22:14:03,0,2024-07-20 22:14:03,,,
2021-09-02,滨海新区,二级铸造焦,3650.00,出厂价,288,2021-09-02 00:00:00,1,0,2024-07-20 22:14:03,0,2024-07-20 22:14:03,,,
2021-08-26,滨海新区,二级铸造焦,3650.00,出厂价,289,2021-08-26 00:00:00,1,0,2024-07-20 22:14:03,0,2024-07-20 22:14:03,,,
2021-08-26,滨海新区,特级铸造焦,3900.00,出厂价,290,2021-08-26 00:00:00,1,0,2024-07-20 22:14:03,0,2024-07-20 22:14:03,,,
2021-08-19,滨海新区,特级铸造焦,3900.00,出厂价,291,2021-08-19 00:00:00,1,0,2024-07-20 22:14:03,0,2024-07-20 22:14:03,,,
2021-08-19,滨海新区,二级铸造焦,3650.00,出厂价,292,2021-08-19 00:00:00,1,0,2024-07-20 22:14:03,0,2024-07-20 22:14:03,,,
2021-08-12,滨海新区,特级铸造焦,3900.00,出厂价,293,2021-08-12 00:00:00,1,0,2024-07-20 22:14:03,0,2024-07-20 22:14:03,,,
2021-08-12,滨海新区,二级铸造焦,3550.00,出厂价,294,2021-08-12 00:00:00,1,0,2024-07-20 22:14:03,0,2024-07-20 22:14:03,,,
2021-08-05,滨海新区,特级铸造焦,3900.00,出厂价,295,2021-08-05 00:00:00,1,0,2024-07-20 22:14:03,0,2024-07-20 22:14:03,,,
2021-08-05,滨海新区,二级铸造焦,3550.00,出厂价,296,2021-08-05 00:00:00,1,0,2024-07-20 22:14:03,0,2024-07-20 22:14:03,,,
2021-07-29,滨海新区,特级铸造焦,3900.00,出厂价,297,2021-07-29 00:00:00,1,0,2024-07-20 22:14:03,0,2024-07-20 22:14:03,,,
2021-07-29,滨海新区,二级铸造焦,3550.00,出厂价,298,2021-07-29 00:00:00,1,0,2024-07-20 22:14:03,0,2024-07-20 22:14:03,,,
2021-07-22,滨海新区,特级铸造焦,3900.00,出厂价,299,2021-07-22 00:00:00,1,0,2024-07-20 22:14:03,0,2024-07-20 22:14:03,,,
2021-07-22,滨海新区,二级铸造焦,3550.00,出厂价,300,2021-07-22 00:00:00,1,0,2024-07-20 22:14:03,0,2024-07-20 22:14:03,,,
2021-07-15,滨海新区,特级铸造焦,3900.00,出厂价,301,2021-07-15 00:00:00,1,0,2024-07-20 22:14:07,0,2024-07-20 22:14:07,,,
2021-07-15,滨海新区,二级铸造焦,3550.00,出厂价,302,2021-07-15 00:00:00,1,0,2024-07-20 22:14:07,0,2024-07-20 22:14:07,,,
2021-07-08,滨海新区,特级铸造焦,3900.00,出厂价,303,2021-07-08 00:00:00,1,0,2024-07-20 22:14:07,0,2024-07-20 22:14:07,,,
2021-07-08,滨海新区,二级铸造焦,3550.00,出厂价,304,2021-07-08 00:00:00,1,0,2024-07-20 22:14:07,0,2024-07-20 22:14:07,,,
2021-07-01,滨海新区,特级铸造焦,3900.00,出厂价,305,2021-07-01 00:00:00,1,0,2024-07-20 22:14:07,0,2024-07-20 22:14:07,,,
2021-07-01,滨海新区,二级铸造焦,3550.00,出厂价,306,2021-07-01 00:00:00,1,0,2024-07-20 22:14:07,0,2024-07-20 22:14:07,,,
2021-06-24,滨海新区,特级铸造焦,3900.00,出厂价,307,2021-06-24 00:00:00,1,0,2024-07-20 22:14:07,0,2024-07-20 22:14:07,,,
2021-06-24,滨海新区,二级铸造焦,3550.00,出厂价,308,2021-06-24 00:00:00,1,0,2024-07-20 22:14:07,0,2024-07-20 22:14:07,,,
2021-06-17,滨海新区,特级铸造焦,3900.00,出厂价,309,2021-06-17 00:00:00,1,0,2024-07-20 22:14:07,0,2024-07-20 22:14:07,,,
2021-06-17,滨海新区,二级铸造焦,3550.00,出厂价,310,2021-06-17 00:00:00,1,0,2024-07-20 22:14:07,0,2024-07-20 22:14:07,,,
2021-06-10,滨海新区,特级铸造焦,3900.00,出厂价,311,2021-06-10 00:00:00,1,0,2024-07-20 22:14:07,0,2024-07-20 22:14:07,,,
2021-06-10,滨海新区,二级铸造焦,3550.00,出厂价,312,2021-06-10 00:00:00,1,0,2024-07-20 22:14:07,0,2024-07-20 22:14:07,,,
2021-06-03,滨海新区,特级铸造焦,3900.00,出厂价,313,2021-06-03 00:00:00,1,0,2024-07-20 22:14:07,0,2024-07-20 22:14:07,,,
2021-06-03,滨海新区,二级铸造焦,3550.00,出厂价,314,2021-06-03 00:00:00,1,0,2024-07-20 22:14:07,0,2024-07-20 22:14:07,,,
2021-05-27,滨海新区,特级铸造焦,3900.00,出厂价,315,2021-05-27 00:00:00,1,0,2024-07-20 22:14:07,0,2024-07-20 22:14:07,,,
2021-05-27,滨海新区,二级铸造焦,3550.00,出厂价,316,2021-05-27 00:00:00,1,0,2024-07-20 22:14:07,0,2024-07-20 22:14:07,,,
2021-05-20,滨海新区,特级铸造焦,3900.00,出厂价,317,2021-05-20 00:00:00,1,0,2024-07-20 22:14:07,0,2024-07-20 22:14:07,,,
2021-05-20,滨海新区,二级铸造焦,3550.00,出厂价,318,2021-05-20 00:00:00,1,0,2024-07-20 22:14:07,0,2024-07-20 22:14:07,,,
2021-05-13,滨海新区,特级铸造焦,3600.00,出厂价,319,2021-05-13 00:00:00,1,0,2024-07-20 22:14:07,0,2024-07-20 22:14:07,,,
2021-05-13,滨海新区,二级铸造焦,3250.00,出厂价,320,2021-05-13 00:00:00,1,0,2024-07-20 22:14:07,0,2024-07-20 22:14:07,,,
2021-05-06,滨海新区,特级铸造焦,3500.00,出厂价,321,2021-05-06 00:00:00,1,0,2024-07-20 22:14:07,0,2024-07-20 22:14:07,,,
2021-05-06,滨海新区,二级铸造焦,3150.00,出厂价,322,2021-05-06 00:00:00,1,0,2024-07-20 22:14:07,0,2024-07-20 22:14:07,,,
2021-04-29,滨海新区,特级铸造焦,3500.00,出厂价,323,2021-04-29 00:00:00,1,0,2024-07-20 22:14:07,0,2024-07-20 22:14:07,,,
2021-04-29,滨海新区,二级铸造焦,3150.00,出厂价,324,2021-04-29 00:00:00,1,0,2024-07-20 22:14:07,0,2024-07-20 22:14:07,,,
2021-04-22,滨海新区,特级铸造焦,3500.00,出厂价,325,2021-04-22 00:00:00,1,0,2024-07-20 22:14:07,0,2024-07-20 22:14:07,,,
2021-04-22,滨海新区,二级铸造焦,3150.00,出厂价,326,2021-04-22 00:00:00,1,0,2024-07-20 22:14:07,0,2024-07-20 22:14:07,,,
2021-04-15,滨海新区,特级铸造焦,3500.00,出厂价,327,2021-04-15 00:00:00,1,0,2024-07-20 22:14:07,0,2024-07-20 22:14:07,,,
2021-04-15,滨海新区,二级铸造焦,3150.00,出厂价,328,2021-04-15 00:00:00,1,0,2024-07-20 22:14:07,0,2024-07-20 22:14:07,,,
2021-04-08,滨海新区,特级铸造焦,3600.00,出厂价,329,2021-04-08 00:00:00,1,0,2024-07-20 22:14:07,0,2024-07-20 22:14:07,,,
2021-04-08,滨海新区,二级铸造焦,3250.00,出厂价,330,2021-04-08 00:00:00,1,0,2024-07-20 22:14:07,0,2024-07-20 22:14:07,,,
2021-04-01,滨海新区,特级铸造焦,3600.00,出厂价,331,2021-04-01 00:00:00,1,0,2024-07-20 22:14:09,0,2024-07-20 22:14:09,,,
2021-04-01,滨海新区,二级铸造焦,3250.00,出厂价,332,2021-04-01 00:00:00,1,0,2024-07-20 22:14:09,0,2024-07-20 22:14:09,,,
2021-03-25,滨海新区,特级铸造焦,3600.00,出厂价,333,2021-03-25 00:00:00,1,0,2024-07-20 22:14:09,0,2024-07-20 22:14:09,,,
2021-03-25,滨海新区,二级铸造焦,3250.00,出厂价,334,2021-03-25 00:00:00,1,0,2024-07-20 22:14:09,0,2024-07-20 22:14:09,,,
2021-03-18,滨海新区,特级铸造焦,3600.00,出厂价,335,2021-03-18 00:00:00,1,0,2024-07-20 22:14:09,0,2024-07-20 22:14:09,,,
2021-03-18,滨海新区,二级铸造焦,3250.00,出厂价,336,2021-03-18 00:00:00,1,0,2024-07-20 22:14:09,0,2024-07-20 22:14:09,,,
2021-03-11,滨海新区,二级铸造焦,3250.00,出厂价,337,2021-03-11 00:00:00,1,0,2024-07-20 22:14:09,0,2024-07-20 22:14:09,,,
2021-03-11,滨海新区,特级铸造焦,3600.00,出厂价,338,2021-03-11 00:00:00,1,0,2024-07-20 22:14:09,0,2024-07-20 22:14:09,,,
2021-03-04,滨海新区,二级铸造焦,3250.00,出厂价,339,2021-03-04 00:00:00,1,0,2024-07-20 22:14:09,0,2024-07-20 22:14:09,,,
2021-03-04,滨海新区,特级铸造焦,3600.00,出厂价,340,2021-03-04 00:00:00,1,0,2024-07-20 22:14:09,0,2024-07-20 22:14:09,,,
2021-02-25,滨海新区,特级铸造焦,3600.00,出厂价,341,2021-02-25 00:00:00,1,0,2024-07-20 22:14:09,0,2024-07-20 22:14:09,,,
2021-02-25,滨海新区,二级铸造焦,3250.00,出厂价,342,2021-02-25 00:00:00,1,0,2024-07-20 22:14:09,0,2024-07-20 22:14:09,,,
2021-02-18,滨海新区,特级铸造焦,3600.00,出厂价,343,2021-02-18 00:00:00,1,0,2024-07-20 22:14:09,0,2024-07-20 22:14:09,,,
2021-02-18,滨海新区,二级铸造焦,3250.00,出厂价,344,2021-02-18 00:00:00,1,0,2024-07-20 22:14:09,0,2024-07-20 22:14:09,,,
2021-02-04,滨海新区,特级铸造焦,3600.00,出厂价,345,2021-02-04 00:00:00,1,0,2024-07-20 22:14:09,0,2024-07-20 22:14:09,,,
2021-02-04,滨海新区,二级铸造焦,3250.00,出厂价,346,2021-02-04 00:00:00,1,0,2024-07-20 22:14:09,0,2024-07-20 22:14:09,,,
2021-01-28,滨海新区,特级铸造焦,3600.00,出厂价,347,2021-01-28 00:00:00,1,0,2024-07-20 22:14:09,0,2024-07-20 22:14:09,,,
2021-01-28,滨海新区,二级铸造焦,3250.00,出厂价,348,2021-01-28 00:00:00,1,0,2024-07-20 22:14:09,0,2024-07-20 22:14:09,,,
2021-01-21,滨海新区,特级铸造焦,3600.00,出厂价,349,2021-01-21 00:00:00,1,0,2024-07-20 22:14:09,0,2024-07-20 22:14:09,,,
2021-01-21,滨海新区,二级铸造焦,3250.00,出厂价,350,2021-01-21 00:00:00,1,0,2024-07-20 22:14:09,0,2024-07-20 22:14:09,,,
2021-01-14,滨海新区,特级铸造焦,3600.00,出厂价,351,2021-01-14 00:00:00,1,0,2024-07-20 22:14:09,0,2024-07-20 22:14:09,,,
2021-01-14,滨海新区,二级铸造焦,3250.00,出厂价,352,2021-01-14 00:00:00,1,0,2024-07-20 22:14:09,0,2024-07-20 22:14:09,,,
2021-01-07,滨海新区,特级铸造焦,3600.00,出厂价,353,2021-01-07 00:00:00,1,0,2024-07-20 22:14:09,0,2024-07-20 22:14:09,,,
2021-01-07,滨海新区,二级铸造焦,3250.00,出厂价,354,2021-01-07 00:00:00,1,0,2024-07-20 22:14:09,0,2024-07-20 22:14:09,,,
2020-12-31,滨海新区,特级铸造焦,3550.00,出厂价,355,2020-12-31 00:00:00,1,0,2024-07-20 22:14:09,0,2024-07-20 22:14:09,,,
2020-12-31,滨海新区,二级铸造焦,3200.00,出厂价,356,2020-12-31 00:00:00,1,0,2024-07-20 22:14:09,0,2024-07-20 22:14:09,,,
2020-12-24,滨海新区,特级铸造焦,3550.00,出厂价,357,2020-12-24 00:00:00,1,0,2024-07-20 22:14:09,0,2024-07-20 22:14:09,,,
2020-12-24,滨海新区,二级铸造焦,3200.00,出厂价,358,2020-12-24 00:00:00,1,0,2024-07-20 22:14:09,0,2024-07-20 22:14:09,,,
2020-12-17,滨海新区,特级铸造焦,3550.00,出厂价,359,2020-12-17 00:00:00,1,0,2024-07-20 22:14:09,0,2024-07-20 22:14:09,,,
2020-12-17,滨海新区,二级铸造焦,3200.00,出厂价,360,2020-12-17 00:00:00,1,0,2024-07-20 22:14:09,0,2024-07-20 22:14:09,,,
2020-12-10,滨海新区,特级铸造焦,3500.00,出厂价,361,2020-12-10 00:00:00,1,0,2024-07-20 22:14:12,0,2024-07-20 22:14:12,,,
2020-12-10,滨海新区,二级铸造焦,3150.00,出厂价,362,2020-12-10 00:00:00,1,0,2024-07-20 22:14:12,0,2024-07-20 22:14:12,,,
2020-12-03,滨海新区,特级铸造焦,3500.00,出厂价,363,2020-12-03 00:00:00,1,0,2024-07-20 22:14:12,0,2024-07-20 22:14:12,,,
2020-12-03,滨海新区,二级铸造焦,3150.00,出厂价,364,2020-12-03 00:00:00,1,0,2024-07-20 22:14:12,0,2024-07-20 22:14:12,,,
2020-11-26,滨海新区,特级铸造焦,3500.00,出厂价,365,2020-11-26 00:00:00,1,0,2024-07-20 22:14:12,0,2024-07-20 22:14:12,,,
2020-11-26,滨海新区,二级铸造焦,3150.00,出厂价,366,2020-11-26 00:00:00,1,0,2024-07-20 22:14:12,0,2024-07-20 22:14:12,,,
2020-11-19,滨海新区,特级铸造焦,3500.00,出厂价,367,2020-11-19 00:00:00,1,0,2024-07-20 22:14:12,0,2024-07-20 22:14:12,,,
2020-11-19,滨海新区,二级铸造焦,3150.00,出厂价,368,2020-11-19 00:00:00,1,0,2024-07-20 22:14:12,0,2024-07-20 22:14:12,,,
2020-11-12,滨海新区,特级铸造焦,3450.00,出厂价,369,2020-11-12 00:00:00,1,0,2024-07-20 22:14:12,0,2024-07-20 22:14:12,,,
2020-11-12,滨海新区,二级铸造焦,3100.00,出厂价,370,2020-11-12 00:00:00,1,0,2024-07-20 22:14:12,0,2024-07-20 22:14:12,,,
2020-11-05,滨海新区,特级铸造焦,3450.00,出厂价,371,2020-11-05 00:00:00,1,0,2024-07-20 22:14:12,0,2024-07-20 22:14:12,,,
2020-11-05,滨海新区,二级铸造焦,3100.00,出厂价,372,2020-11-05 00:00:00,1,0,2024-07-20 22:14:12,0,2024-07-20 22:14:12,,,
2020-10-29,滨海新区,特级铸造焦,3450.00,出厂价,373,2020-10-29 00:00:00,1,0,2024-07-20 22:14:12,0,2024-07-20 22:14:12,,,
2020-10-29,滨海新区,二级铸造焦,3100.00,出厂价,374,2020-10-29 00:00:00,1,0,2024-07-20 22:14:12,0,2024-07-20 22:14:12,,,
2020-10-22,滨海新区,特级铸造焦,3450.00,出厂价,375,2020-10-22 00:00:00,1,0,2024-07-20 22:14:12,0,2024-07-20 22:14:12,,,
2020-10-22,滨海新区,二级铸造焦,3100.00,出厂价,376,2020-10-22 00:00:00,1,0,2024-07-20 22:14:12,0,2024-07-20 22:14:12,,,
2020-10-15,滨海新区,特级铸造焦,3450.00,出厂价,377,2020-10-15 00:00:00,1,0,2024-07-20 22:14:12,0,2024-07-20 22:14:12,,,
2020-10-15,滨海新区,二级铸造焦,3100.00,出厂价,378,2020-10-15 00:00:00,1,0,2024-07-20 22:14:12,0,2024-07-20 22:14:12,,,
2020-10-09,滨海新区,特级铸造焦,3400.00,出厂价,379,2020-10-09 00:00:00,1,0,2024-07-20 22:14:12,0,2024-07-20 22:14:12,,,
2020-10-09,滨海新区,二级铸造焦,3050.00,出厂价,380,2020-10-09 00:00:00,1,0,2024-07-20 22:14:12,0,2024-07-20 22:14:12,,,
2020-09-24,滨海新区,特级铸造焦,3400.00,出厂价,381,2020-09-24 00:00:00,1,0,2024-07-20 22:14:12,0,2024-07-20 22:14:12,,,
2020-09-24,滨海新区,二级铸造焦,3050.00,出厂价,382,2020-09-24 00:00:00,1,0,2024-07-20 22:14:12,0,2024-07-20 22:14:12,,,
2020-09-17,滨海新区,特级铸造焦,3400.00,出厂价,383,2020-09-17 00:00:00,1,0,2024-07-20 22:14:12,0,2024-07-20 22:14:12,,,
2020-09-17,滨海新区,二级铸造焦,3050.00,出厂价,384,2020-09-17 00:00:00,1,0,2024-07-20 22:14:12,0,2024-07-20 22:14:12,,,
2020-09-10,滨海新区,特级铸造焦,3400.00,出厂价,385,2020-09-10 00:00:00,1,0,2024-07-20 22:14:12,0,2024-07-20 22:14:12,,,
2020-09-10,滨海新区,二级铸造焦,3050.00,出厂价,386,2020-09-10 00:00:00,1,0,2024-07-20 22:14:12,0,2024-07-20 22:14:12,,,
2020-09-03,滨海新区,特级铸造焦,3400.00,出厂价,387,2020-09-03 00:00:00,1,0,2024-07-20 22:14:12,0,2024-07-20 22:14:12,,,
2020-09-03,滨海新区,二级铸造焦,3050.00,出厂价,388,2020-09-03 00:00:00,1,0,2024-07-20 22:14:12,0,2024-07-20 22:14:12,,,
2020-08-27,滨海新区,特级铸造焦,3400.00,出厂价,389,2020-08-27 00:00:00,1,0,2024-07-20 22:14:12,0,2024-07-20 22:14:12,,,
2020-08-27,滨海新区,二级铸造焦,3050.00,出厂价,390,2020-08-27 00:00:00,1,0,2024-07-20 22:14:12,0,2024-07-20 22:14:12,,,
2020-08-20,滨海新区,特级铸造焦,3400.00,出厂价,391,2020-08-20 00:00:00,1,0,2024-07-20 22:14:16,0,2024-07-20 22:14:16,,,
2020-08-20,滨海新区,二级铸造焦,3050.00,出厂价,392,2020-08-20 00:00:00,1,0,2024-07-20 22:14:16,0,2024-07-20 22:14:16,,,
2020-08-13,滨海新区,特级铸造焦,3400.00,出厂价,393,2020-08-13 00:00:00,1,0,2024-07-20 22:14:16,0,2024-07-20 22:14:16,,,
2020-08-13,滨海新区,二级铸造焦,3050.00,出厂价,394,2020-08-13 00:00:00,1,0,2024-07-20 22:14:16,0,2024-07-20 22:14:16,,,
2020-08-06,滨海新区,特级铸造焦,3400.00,出厂价,395,2020-08-06 00:00:00,1,0,2024-07-20 22:14:16,0,2024-07-20 22:14:16,,,
2020-08-06,滨海新区,二级铸造焦,3050.00,出厂价,396,2020-08-06 00:00:00,1,0,2024-07-20 22:14:16,0,2024-07-20 22:14:16,,,
2020-07-30,滨海新区,特级铸造焦,3400.00,出厂价,397,2020-07-30 00:00:00,1,0,2024-07-20 22:14:16,0,2024-07-20 22:14:16,,,
2020-07-30,滨海新区,二级铸造焦,3050.00,出厂价,398,2020-07-30 00:00:00,1,0,2024-07-20 22:14:16,0,2024-07-20 22:14:16,,,
2020-07-23,滨海新区,特级铸造焦,3400.00,出厂价,399,2020-07-23 00:00:00,1,0,2024-07-20 22:14:16,0,2024-07-20 22:14:16,,,
2020-07-23,滨海新区,二级铸造焦,3050.00,出厂价,400,2020-07-23 00:00:00,1,0,2024-07-20 22:14:16,0,2024-07-20 22:14:16,,,
2020-07-16,滨海新区,特级铸造焦,3400.00,出厂价,401,2020-07-16 00:00:00,1,0,2024-07-20 22:14:16,0,2024-07-20 22:14:16,,,
2020-07-16,滨海新区,二级铸造焦,3050.00,出厂价,402,2020-07-16 00:00:00,1,0,2024-07-20 22:14:16,0,2024-07-20 22:14:16,,,
2020-07-09,滨海新区,特级铸造焦,3400.00,出厂价,403,2020-07-09 00:00:00,1,0,2024-07-20 22:14:16,0,2024-07-20 22:14:16,,,
2020-07-09,滨海新区,二级铸造焦,3050.00,出厂价,404,2020-07-09 00:00:00,1,0,2024-07-20 22:14:16,0,2024-07-20 22:14:16,,,
2020-07-02,滨海新区,特级铸造焦,3400.00,出厂价,405,2020-07-02 00:00:00,1,0,2024-07-20 22:14:16,0,2024-07-20 22:14:16,,,
2020-07-02,滨海新区,二级铸造焦,3050.00,出厂价,406,2020-07-02 00:00:00,1,0,2024-07-20 22:14:16,0,2024-07-20 22:14:16,,,
2020-06-25,滨海新区,特级铸造焦,3400.00,出厂价,407,2020-06-25 00:00:00,1,0,2024-07-20 22:14:16,0,2024-07-20 22:14:16,,,
2020-06-25,滨海新区,二级铸造焦,3050.00,出厂价,408,2020-06-25 00:00:00,1,0,2024-07-20 22:14:16,0,2024-07-20 22:14:16,,,
2020-06-18,滨海新区,特级铸造焦,3400.00,出厂价,409,2020-06-18 00:00:00,1,0,2024-07-20 22:14:16,0,2024-07-20 22:14:16,,,
2020-06-18,滨海新区,二级铸造焦,3050.00,出厂价,410,2020-06-18 00:00:00,1,0,2024-07-20 22:14:16,0,2024-07-20 22:14:16,,,
2020-06-11,滨海新区,特级铸造焦,3350.00,出厂价,411,2020-06-11 00:00:00,1,0,2024-07-20 22:14:16,0,2024-07-20 22:14:16,,,
2020-06-11,滨海新区,二级铸造焦,3000.00,出厂价,412,2020-06-11 00:00:00,1,0,2024-07-20 22:14:16,0,2024-07-20 22:14:16,,,
2020-06-04,滨海新区,特级铸造焦,3300.00,出厂价,413,2020-06-04 00:00:00,1,0,2024-07-20 22:14:16,0,2024-07-20 22:14:16,,,
2020-06-04,滨海新区,二级铸造焦,2950.00,出厂价,414,2020-06-04 00:00:00,1,0,2024-07-20 22:14:16,0,2024-07-20 22:14:16,,,
2020-05-29,滨海新区,特级铸造焦,3250.00,出厂价,415,2020-05-29 00:00:00,1,0,2024-07-20 22:14:16,0,2024-07-20 22:14:16,,,
2020-05-29,滨海新区,二级铸造焦,2900.00,出厂价,416,2020-05-29 00:00:00,1,0,2024-07-20 22:14:16,0,2024-07-20 22:14:16,,,
2020-05-21,滨海新区,特级铸造焦,3250.00,出厂价,417,2020-05-21 00:00:00,1,0,2024-07-20 22:14:16,0,2024-07-20 22:14:16,,,
2020-05-21,滨海新区,二级铸造焦,2900.00,出厂价,418,2020-05-21 00:00:00,1,0,2024-07-20 22:14:16,0,2024-07-20 22:14:16,,,
2020-05-14,滨海新区,特级铸造焦,3250.00,出厂价,419,2020-05-14 00:00:00,1,0,2024-07-20 22:14:16,0,2024-07-20 22:14:16,,,
2020-05-14,滨海新区,二级铸造焦,2900.00,出厂价,420,2020-05-14 00:00:00,1,0,2024-07-20 22:14:16,0,2024-07-20 22:14:16,,,
2020-05-07,滨海新区,特级铸造焦,3250.00,出厂价,421,2020-05-07 00:00:00,1,0,2024-07-20 22:14:19,0,2024-07-20 22:14:19,,,
2020-05-07,滨海新区,二级铸造焦,2900.00,出厂价,422,2020-05-07 00:00:00,1,0,2024-07-20 22:14:19,0,2024-07-20 22:14:19,,,
2020-04-30,滨海新区,特级铸造焦,3250.00,出厂价,423,2020-04-30 00:00:00,1,0,2024-07-20 22:14:19,0,2024-07-20 22:14:19,,,
2020-04-30,滨海新区,二级铸造焦,2900.00,出厂价,424,2020-04-30 00:00:00,1,0,2024-07-20 22:14:19,0,2024-07-20 22:14:19,,,
2020-04-23,滨海新区,特级铸造焦,3250.00,出厂价,425,2020-04-23 00:00:00,1,0,2024-07-20 22:14:19,0,2024-07-20 22:14:19,,,
2020-04-23,滨海新区,二级铸造焦,2900.00,出厂价,426,2020-04-23 00:00:00,1,0,2024-07-20 22:14:19,0,2024-07-20 22:14:19,,,
2020-04-16,滨海新区,特级铸造焦,3250.00,出厂价,427,2020-04-16 00:00:00,1,0,2024-07-20 22:14:19,0,2024-07-20 22:14:19,,,
2020-04-16,滨海新区,二级铸造焦,2900.00,出厂价,428,2020-04-16 00:00:00,1,0,2024-07-20 22:14:19,0,2024-07-20 22:14:19,,,
2020-04-09,滨海新区,特级铸造焦,3250.00,出厂价,429,2020-04-09 00:00:00,1,0,2024-07-20 22:14:19,0,2024-07-20 22:14:19,,,
2020-04-09,滨海新区,二级铸造焦,2900.00,出厂价,430,2020-04-09 00:00:00,1,0,2024-07-20 22:14:19,0,2024-07-20 22:14:19,,,
2020-04-02,滨海新区,特级铸造焦,3250.00,出厂价,431,2020-04-02 00:00:00,1,0,2024-07-20 22:14:19,0,2024-07-20 22:14:19,,,
2020-04-02,滨海新区,二级铸造焦,2900.00,出厂价,432,2020-04-02 00:00:00,1,0,2024-07-20 22:14:19,0,2024-07-20 22:14:19,,,
2020-03-26,滨海新区,特级铸造焦,3250.00,出厂价,433,2020-03-26 00:00:00,1,0,2024-07-20 22:14:19,0,2024-07-20 22:14:19,,,
2020-03-26,滨海新区,二级铸造焦,2900.00,出厂价,434,2020-03-26 00:00:00,1,0,2024-07-20 22:14:19,0,2024-07-20 22:14:19,,,
2020-03-19,滨海新区,特级铸造焦,3250.00,出厂价,435,2020-03-19 00:00:00,1,0,2024-07-20 22:14:19,0,2024-07-20 22:14:19,,,
2020-03-19,滨海新区,二级铸造焦,2900.00,出厂价,436,2020-03-19 00:00:00,1,0,2024-07-20 22:14:19,0,2024-07-20 22:14:19,,,
2020-03-12,滨海新区,特级铸造焦,3250.00,出厂价,437,2020-03-12 00:00:00,1,0,2024-07-20 22:14:19,0,2024-07-20 22:14:19,,,
2020-03-12,滨海新区,二级铸造焦,2900.00,出厂价,438,2020-03-12 00:00:00,1,0,2024-07-20 22:14:19,0,2024-07-20 22:14:19,,,
2020-03-05,滨海新区,特级铸造焦,3250.00,出厂价,439,2020-03-05 00:00:00,1,0,2024-07-20 22:14:19,0,2024-07-20 22:14:19,,,
2020-03-05,滨海新区,二级铸造焦,2900.00,出厂价,440,2020-03-05 00:00:00,1,0,2024-07-20 22:14:19,0,2024-07-20 22:14:19,,,
2020-02-27,滨海新区,特级铸造焦,3300.00,出厂价,441,2020-02-27 00:00:00,1,0,2024-07-20 22:14:19,0,2024-07-20 22:14:19,,,
2020-02-27,滨海新区,二级铸造焦,2950.00,出厂价,442,2020-02-27 00:00:00,1,0,2024-07-20 22:14:19,0,2024-07-20 22:14:19,,,
2020-02-20,滨海新区,特级铸造焦,3300.00,出厂价,443,2020-02-20 00:00:00,1,0,2024-07-20 22:14:19,0,2024-07-20 22:14:19,,,
2020-02-20,滨海新区,二级铸造焦,2950.00,出厂价,444,2020-02-20 00:00:00,1,0,2024-07-20 22:14:19,0,2024-07-20 22:14:19,,,
2020-02-13,滨海新区,特级铸造焦,3300.00,出厂价,445,2020-02-13 00:00:00,1,0,2024-07-20 22:14:19,0,2024-07-20 22:14:19,,,
2020-02-13,滨海新区,二级铸造焦,2950.00,出厂价,446,2020-02-13 00:00:00,1,0,2024-07-20 22:14:19,0,2024-07-20 22:14:19,,,
2020-02-06,滨海新区,特级铸造焦,3300.00,出厂价,447,2020-02-06 00:00:00,1,0,2024-07-20 22:14:19,0,2024-07-20 22:14:19,,,
2020-02-06,滨海新区,二级铸造焦,2950.00,出厂价,448,2020-02-06 00:00:00,1,0,2024-07-20 22:14:19,0,2024-07-20 22:14:19,,,
2020-01-23,滨海新区,特级铸造焦,3300.00,出厂价,449,2020-01-23 00:00:00,1,0,2024-07-20 22:14:19,0,2024-07-20 22:14:19,,,
2020-01-23,滨海新区,二级铸造焦,2950.00,出厂价,450,2020-01-23 00:00:00,1,0,2024-07-20 22:14:19,0,2024-07-20 22:14:19,,,
2020-01-16,滨海新区,特级铸造焦,3300.00,出厂价,451,2020-01-16 00:00:00,1,0,2024-07-20 22:14:22,0,2024-07-20 22:14:22,,,
2020-01-16,滨海新区,二级铸造焦,2950.00,出厂价,452,2020-01-16 00:00:00,1,0,2024-07-20 22:14:22,0,2024-07-20 22:14:22,,,
2020-01-09,滨海新区,特级铸造焦,3300.00,出厂价,453,2020-01-09 00:00:00,1,0,2024-07-20 22:14:22,0,2024-07-20 22:14:22,,,
2020-01-09,滨海新区,二级铸造焦,2950.00,出厂价,454,2020-01-09 00:00:00,1,0,2024-07-20 22:14:22,0,2024-07-20 22:14:22,,,
2020-01-02,滨海新区,特级铸造焦,3300.00,出厂价,455,2020-01-02 00:00:00,1,0,2024-07-20 22:14:22,0,2024-07-20 22:14:22,,,
2020-01-02,滨海新区,二级铸造焦,2950.00,出厂价,456,2020-01-02 00:00:00,1,0,2024-07-20 22:14:22,0,2024-07-20 22:14:22,,,
2019-12-26,滨海新区,特级铸造焦,3300.00,出厂价,457,2019-12-26 00:00:00,1,0,2024-07-20 22:14:22,0,2024-07-20 22:14:22,,,
2019-12-26,滨海新区,二级铸造焦,2950.00,出厂价,458,2019-12-26 00:00:00,1,0,2024-07-20 22:14:22,0,2024-07-20 22:14:22,,,
2019-12-19,滨海新区,特级铸造焦,3300.00,出厂价,459,2019-12-19 00:00:00,1,0,2024-07-20 22:14:22,0,2024-07-20 22:14:22,,,
2019-12-19,滨海新区,二级铸造焦,2950.00,出厂价,460,2019-12-19 00:00:00,1,0,2024-07-20 22:14:22,0,2024-07-20 22:14:22,,,
2019-12-12,滨海新区,特级铸造焦,3300.00,出厂价,461,2019-12-12 00:00:00,1,0,2024-07-20 22:14:22,0,2024-07-20 22:14:22,,,
2019-12-12,滨海新区,二级铸造焦,2950.00,出厂价,462,2019-12-12 00:00:00,1,0,2024-07-20 22:14:22,0,2024-07-20 22:14:22,,,
2019-12-05,滨海新区,特级铸造焦,3300.00,出厂价,463,2019-12-05 00:00:00,1,0,2024-07-20 22:14:22,0,2024-07-20 22:14:22,,,
2019-12-05,滨海新区,二级铸造焦,2950.00,出厂价,464,2019-12-05 00:00:00,1,0,2024-07-20 22:14:22,0,2024-07-20 22:14:22,,,
2019-11-28,滨海新区,特级铸造焦,3300.00,出厂价,465,2019-11-28 00:00:00,1,0,2024-07-20 22:14:22,0,2024-07-20 22:14:22,,,
2019-11-28,滨海新区,二级铸造焦,2950.00,出厂价,466,2019-11-28 00:00:00,1,0,2024-07-20 22:14:22,0,2024-07-20 22:14:22,,,
2019-11-21,滨海新区,特级铸造焦,3300.00,出厂价,467,2019-11-21 00:00:00,1,0,2024-07-20 22:14:22,0,2024-07-20 22:14:22,,,
2019-11-21,滨海新区,二级铸造焦,2950.00,出厂价,468,2019-11-21 00:00:00,1,0,2024-07-20 22:14:22,0,2024-07-20 22:14:22,,,
2019-11-14,滨海新区,特级铸造焦,3300.00,出厂价,469,2019-11-14 00:00:00,1,0,2024-07-20 22:14:22,0,2024-07-20 22:14:22,,,
2019-11-14,滨海新区,二级铸造焦,2950.00,出厂价,470,2019-11-14 00:00:00,1,0,2024-07-20 22:14:22,0,2024-07-20 22:14:22,,,
2019-11-07,滨海新区,特级铸造焦,3300.00,出厂价,471,2019-11-07 00:00:00,1,0,2024-07-20 22:14:22,0,2024-07-20 22:14:22,,,
2019-11-07,滨海新区,二级铸造焦,2950.00,出厂价,472,2019-11-07 00:00:00,1,0,2024-07-20 22:14:22,0,2024-07-20 22:14:22,,,
2019-10-31,滨海新区,特级铸造焦,3300.00,出厂价,473,2019-10-31 00:00:00,1,0,2024-07-20 22:14:22,0,2024-07-20 22:14:22,,,
2019-10-31,滨海新区,二级铸造焦,2950.00,出厂价,474,2019-10-31 00:00:00,1,0,2024-07-20 22:14:22,0,2024-07-20 22:14:22,,,
2019-10-24,滨海新区,特级铸造焦,3300.00,出厂价,475,2019-10-24 00:00:00,1,0,2024-07-20 22:14:22,0,2024-07-20 22:14:22,,,
2019-10-24,滨海新区,二级铸造焦,2950.00,出厂价,476,2019-10-24 00:00:00,1,0,2024-07-20 22:14:22,0,2024-07-20 22:14:22,,,
2019-10-17,滨海新区,特级铸造焦,3300.00,出厂价,477,2019-10-17 00:00:00,1,0,2024-07-20 22:14:22,0,2024-07-20 22:14:22,,,
2019-10-17,滨海新区,二级铸造焦,2950.00,出厂价,478,2019-10-17 00:00:00,1,0,2024-07-20 22:14:22,0,2024-07-20 22:14:22,,,
2019-10-10,滨海新区,特级铸造焦,3300.00,出厂价,479,2019-10-10 00:00:00,1,0,2024-07-20 22:14:22,0,2024-07-20 22:14:22,,,
2019-10-10,滨海新区,二级铸造焦,2950.00,出厂价,480,2019-10-10 00:00:00,1,0,2024-07-20 22:14:22,0,2024-07-20 22:14:22,,,
2019-09-26,滨海新区,特级铸造焦,3300.00,出厂价,481,2019-09-26 00:00:00,1,0,2024-07-20 22:14:25,0,2024-07-20 22:14:25,,,
2019-09-26,滨海新区,二级铸造焦,2950.00,出厂价,482,2019-09-26 00:00:00,1,0,2024-07-20 22:14:25,0,2024-07-20 22:14:25,,,
2019-09-19,滨海新区,特级铸造焦,3300.00,出厂价,483,2019-09-19 00:00:00,1,0,2024-07-20 22:14:25,0,2024-07-20 22:14:25,,,
2019-09-19,滨海新区,二级铸造焦,2950.00,出厂价,484,2019-09-19 00:00:00,1,0,2024-07-20 22:14:25,0,2024-07-20 22:14:25,,,
2019-09-12,滨海新区,特级铸造焦,3300.00,出厂价,485,2019-09-12 00:00:00,1,0,2024-07-20 22:14:25,0,2024-07-20 22:14:25,,,
2019-09-12,滨海新区,二级铸造焦,2950.00,出厂价,486,2019-09-12 00:00:00,1,0,2024-07-20 22:14:25,0,2024-07-20 22:14:25,,,
2019-09-05,滨海新区,特级铸造焦,3300.00,出厂价,487,2019-09-05 00:00:00,1,0,2024-07-20 22:14:25,0,2024-07-20 22:14:25,,,
2019-09-05,滨海新区,二级铸造焦,2950.00,出厂价,488,2019-09-05 00:00:00,1,0,2024-07-20 22:14:25,0,2024-07-20 22:14:25,,,
2019-08-29,滨海新区,特级铸造焦,3300.00,出厂价,489,2019-08-29 00:00:00,1,0,2024-07-20 22:14:25,0,2024-07-20 22:14:25,,,
2019-08-29,滨海新区,二级铸造焦,2950.00,出厂价,490,2019-08-29 00:00:00,1,0,2024-07-20 22:14:25,0,2024-07-20 22:14:25,,,
2019-08-22,滨海新区,特级铸造焦,3300.00,出厂价,491,2019-08-22 00:00:00,1,0,2024-07-20 22:14:25,0,2024-07-20 22:14:25,,,
2019-08-22,滨海新区,二级铸造焦,2950.00,出厂价,492,2019-08-22 00:00:00,1,0,2024-07-20 22:14:25,0,2024-07-20 22:14:25,,,
2019-08-15,滨海新区,特级铸造焦,3300.00,出厂价,493,2019-08-15 00:00:00,1,0,2024-07-20 22:14:25,0,2024-07-20 22:14:25,,,
2019-08-15,滨海新区,二级铸造焦,2950.00,出厂价,494,2019-08-15 00:00:00,1,0,2024-07-20 22:14:25,0,2024-07-20 22:14:25,,,
2019-08-08,滨海新区,特级铸造焦,3300.00,出厂价,495,2019-08-08 00:00:00,1,0,2024-07-20 22:14:25,0,2024-07-20 22:14:25,,,
2019-08-08,滨海新区,二级铸造焦,2950.00,出厂价,496,2019-08-08 00:00:00,1,0,2024-07-20 22:14:25,0,2024-07-20 22:14:25,,,
2019-08-01,滨海新区,特级铸造焦,3300.00,出厂价,497,2019-08-01 00:00:00,1,0,2024-07-20 22:14:25,0,2024-07-20 22:14:25,,,
2019-08-01,滨海新区,二级铸造焦,2950.00,出厂价,498,2019-08-01 00:00:00,1,0,2024-07-20 22:14:25,0,2024-07-20 22:14:25,,,
2019-07-25,滨海新区,特级铸造焦,3300.00,出厂价,499,2019-07-25 00:00:00,1,0,2024-07-20 22:14:25,0,2024-07-20 22:14:25,,,
2019-07-25,滨海新区,二级铸造焦,2950.00,出厂价,500,2019-07-25 00:00:00,1,0,2024-07-20 22:14:25,0,2024-07-20 22:14:25,,,
2019-07-18,滨海新区,特级铸造焦,3300.00,出厂价,501,2019-07-18 00:00:00,1,0,2024-07-20 22:14:25,0,2024-07-20 22:14:25,,,
2019-07-18,滨海新区,二级铸造焦,2950.00,出厂价,502,2019-07-18 00:00:00,1,0,2024-07-20 22:14:25,0,2024-07-20 22:14:25,,,
2019-07-11,滨海新区,特级铸造焦,3300.00,出厂价,503,2019-07-11 00:00:00,1,0,2024-07-20 22:14:25,0,2024-07-20 22:14:25,,,
2019-07-11,滨海新区,二级铸造焦,2950.00,出厂价,504,2019-07-11 00:00:00,1,0,2024-07-20 22:14:25,0,2024-07-20 22:14:25,,,
2019-07-04,滨海新区,特级铸造焦,3300.00,出厂价,505,2019-07-04 00:00:00,1,0,2024-07-20 22:14:25,0,2024-07-20 22:14:25,,,
2019-07-04,滨海新区,二级铸造焦,2950.00,出厂价,506,2019-07-04 00:00:00,1,0,2024-07-20 22:14:25,0,2024-07-20 22:14:25,,,
2019-06-27,滨海新区,特级铸造焦,3300.00,出厂价,507,2019-06-27 00:00:00,1,0,2024-07-20 22:14:25,0,2024-07-20 22:14:25,,,
2019-06-27,滨海新区,二级铸造焦,2950.00,出厂价,508,2019-06-27 00:00:00,1,0,2024-07-20 22:14:25,0,2024-07-20 22:14:25,,,
2019-06-20,滨海新区,特级铸造焦,3300.00,出厂价,509,2019-06-20 00:00:00,1,0,2024-07-20 22:14:25,0,2024-07-20 22:14:25,,,
2019-06-20,滨海新区,二级铸造焦,2950.00,出厂价,510,2019-06-20 00:00:00,1,0,2024-07-20 22:14:25,0,2024-07-20 22:14:25,,,
2019-06-13,滨海新区,特级铸造焦,3300.00,出厂价,511,2019-06-13 00:00:00,1,0,2024-07-20 22:14:28,0,2024-07-20 22:14:28,,,
2019-06-13,滨海新区,二级铸造焦,2950.00,出厂价,512,2019-06-13 00:00:00,1,0,2024-07-20 22:14:28,0,2024-07-20 22:14:28,,,
2019-06-06,滨海新区,特级铸造焦,3300.00,出厂价,513,2019-06-06 00:00:00,1,0,2024-07-20 22:14:28,0,2024-07-20 22:14:28,,,
2019-06-06,滨海新区,二级铸造焦,2950.00,出厂价,514,2019-06-06 00:00:00,1,0,2024-07-20 22:14:28,0,2024-07-20 22:14:28,,,
2019-05-30,滨海新区,特级铸造焦,3300.00,出厂价,515,2019-05-30 00:00:00,1,0,2024-07-20 22:14:28,0,2024-07-20 22:14:28,,,
2019-05-30,滨海新区,二级铸造焦,2950.00,出厂价,516,2019-05-30 00:00:00,1,0,2024-07-20 22:14:28,0,2024-07-20 22:14:28,,,
2019-05-23,滨海新区,特级铸造焦,3300.00,出厂价,517,2019-05-23 00:00:00,1,0,2024-07-20 22:14:28,0,2024-07-20 22:14:28,,,
2019-05-23,滨海新区,二级铸造焦,2950.00,出厂价,518,2019-05-23 00:00:00,1,0,2024-07-20 22:14:28,0,2024-07-20 22:14:28,,,
2019-05-16,滨海新区,特级铸造焦,3300.00,出厂价,519,2019-05-16 00:00:00,1,0,2024-07-20 22:14:28,0,2024-07-20 22:14:28,,,
2019-05-16,滨海新区,二级铸造焦,2950.00,出厂价,520,2019-05-16 00:00:00,1,0,2024-07-20 22:14:28,0,2024-07-20 22:14:28,,,
2019-05-09,滨海新区,特级铸造焦,3300.00,出厂价,521,2019-05-09 00:00:00,1,0,2024-07-20 22:14:28,0,2024-07-20 22:14:28,,,
2019-05-09,滨海新区,二级铸造焦,2950.00,出厂价,522,2019-05-09 00:00:00,1,0,2024-07-20 22:14:28,0,2024-07-20 22:14:28,,,
2019-04-25,滨海新区,特级铸造焦,3300.00,出厂价,523,2019-04-25 00:00:00,1,0,2024-07-20 22:14:28,0,2024-07-20 22:14:28,,,
2019-04-25,滨海新区,二级铸造焦,2950.00,出厂价,524,2019-04-25 00:00:00,1,0,2024-07-20 22:14:28,0,2024-07-20 22:14:28,,,
2019-04-18,滨海新区,特级铸造焦,3300.00,出厂价,525,2019-04-18 00:00:00,1,0,2024-07-20 22:14:28,0,2024-07-20 22:14:28,,,
2019-04-18,滨海新区,二级铸造焦,2950.00,出厂价,526,2019-04-18 00:00:00,1,0,2024-07-20 22:14:28,0,2024-07-20 22:14:28,,,
2019-04-11,滨海新区,特级铸造焦,3300.00,出厂价,527,2019-04-11 00:00:00,1,0,2024-07-20 22:14:28,0,2024-07-20 22:14:28,,,
2019-04-11,滨海新区,二级铸造焦,2950.00,出厂价,528,2019-04-11 00:00:00,1,0,2024-07-20 22:14:28,0,2024-07-20 22:14:28,,,
2019-04-04,滨海新区,特级铸造焦,3300.00,出厂价,529,2019-04-04 00:00:00,1,0,2024-07-20 22:14:28,0,2024-07-20 22:14:28,,,
2019-04-04,滨海新区,二级铸造焦,2950.00,出厂价,530,2019-04-04 00:00:00,1,0,2024-07-20 22:14:28,0,2024-07-20 22:14:28,,,
2019-03-28,滨海新区,特级铸造焦,3300.00,出厂价,531,2019-03-28 00:00:00,1,0,2024-07-20 22:14:28,0,2024-07-20 22:14:28,,,
2019-03-28,滨海新区,二级铸造焦,2950.00,出厂价,532,2019-03-28 00:00:00,1,0,2024-07-20 22:14:28,0,2024-07-20 22:14:28,,,
2019-03-21,滨海新区,特级铸造焦,3300.00,出厂价,533,2019-03-21 00:00:00,1,0,2024-07-20 22:14:28,0,2024-07-20 22:14:28,,,
2019-03-21,滨海新区,二级铸造焦,2950.00,出厂价,534,2019-03-21 00:00:00,1,0,2024-07-20 22:14:28,0,2024-07-20 22:14:28,,,
2019-03-14,滨海新区,特级铸造焦,3300.00,出厂价,535,2019-03-14 00:00:00,1,0,2024-07-20 22:14:28,0,2024-07-20 22:14:28,,,
2019-03-14,滨海新区,二级铸造焦,2950.00,出厂价,536,2019-03-14 00:00:00,1,0,2024-07-20 22:14:28,0,2024-07-20 22:14:28,,,
2019-03-07,滨海新区,特级铸造焦,3300.00,出厂价,537,2019-03-07 00:00:00,1,0,2024-07-20 22:14:28,0,2024-07-20 22:14:28,,,
2019-03-07,滨海新区,二级铸造焦,2950.00,出厂价,538,2019-03-07 00:00:00,1,0,2024-07-20 22:14:28,0,2024-07-20 22:14:28,,,
2019-02-28,滨海新区,特级铸造焦,3300.00,出厂价,539,2019-02-28 00:00:00,1,0,2024-07-20 22:14:28,0,2024-07-20 22:14:28,,,
2019-02-28,滨海新区,二级铸造焦,2950.00,出厂价,540,2019-02-28 00:00:00,1,0,2024-07-20 22:14:28,0,2024-07-20 22:14:28,,,
2019-02-21,滨海新区,特级铸造焦,3300.00,出厂价,541,2019-02-21 00:00:00,1,0,2024-07-20 22:14:32,0,2024-07-20 22:14:32,,,
2019-02-21,滨海新区,二级铸造焦,2950.00,出厂价,542,2019-02-21 00:00:00,1,0,2024-07-20 22:14:32,0,2024-07-20 22:14:32,,,
2019-02-14,滨海新区,特级铸造焦,3300.00,出厂价,543,2019-02-14 00:00:00,1,0,2024-07-20 22:14:32,0,2024-07-20 22:14:32,,,
2019-02-14,滨海新区,二级铸造焦,2950.00,出厂价,544,2019-02-14 00:00:00,1,0,2024-07-20 22:14:32,0,2024-07-20 22:14:32,,,
2019-02-03,滨海新区,特级铸造焦,3300.00,出厂价,545,2019-02-03 00:00:00,1,0,2024-07-20 22:14:32,0,2024-07-20 22:14:32,,,
2019-02-03,滨海新区,二级铸造焦,2950.00,出厂价,546,2019-02-03 00:00:00,1,0,2024-07-20 22:14:32,0,2024-07-20 22:14:32,,,
2019-01-31,滨海新区,特级铸造焦,3300.00,出厂价,547,2019-01-31 00:00:00,1,0,2024-07-20 22:14:32,0,2024-07-20 22:14:32,,,
2019-01-31,滨海新区,二级铸造焦,2950.00,出厂价,548,2019-01-31 00:00:00,1,0,2024-07-20 22:14:32,0,2024-07-20 22:14:32,,,
2019-01-25,滨海新区,特级铸造焦,3300.00,出厂价,549,2019-01-25 00:00:00,1,0,2024-07-20 22:14:32,0,2024-07-20 22:14:32,,,
2019-01-25,滨海新区,二级铸造焦,2950.00,出厂价,550,2019-01-25 00:00:00,1,0,2024-07-20 22:14:32,0,2024-07-20 22:14:32,,,
2019-01-17,滨海新区,特级铸造焦,3300.00,出厂价,551,2019-01-17 00:00:00,1,0,2024-07-20 22:14:32,0,2024-07-20 22:14:32,,,
2019-01-17,滨海新区,二级铸造焦,2950.00,出厂价,552,2019-01-17 00:00:00,1,0,2024-07-20 22:14:32,0,2024-07-20 22:14:32,,,
2019-01-10,滨海新区,特级铸造焦,3300.00,出厂价,553,2019-01-10 00:00:00,1,0,2024-07-20 22:14:32,0,2024-07-20 22:14:32,,,
2019-01-10,滨海新区,二级铸造焦,2950.00,出厂价,554,2019-01-10 00:00:00,1,0,2024-07-20 22:14:32,0,2024-07-20 22:14:32,,,
2019-01-03,滨海新区,特级铸造焦,3300.00,出厂价,555,2019-01-03 00:00:00,1,0,2024-07-20 22:14:32,0,2024-07-20 22:14:32,,,
2019-01-03,滨海新区,二级铸造焦,2950.00,出厂价,556,2019-01-03 00:00:00,1,0,2024-07-20 22:14:32,0,2024-07-20 22:14:32,,,
2018-12-27,滨海新区,特级铸造焦,3300.00,出厂价,557,2018-12-27 00:00:00,1,0,2024-07-20 22:14:32,0,2024-07-20 22:14:32,,,
2018-12-27,滨海新区,二级铸造焦,2950.00,出厂价,558,2018-12-27 00:00:00,1,0,2024-07-20 22:14:32,0,2024-07-20 22:14:32,,,
2018-12-20,滨海新区,特级铸造焦,3300.00,出厂价,559,2018-12-20 00:00:00,1,0,2024-07-20 22:14:32,0,2024-07-20 22:14:32,,,
2018-12-20,滨海新区,二级铸造焦,2950.00,出厂价,560,2018-12-20 00:00:00,1,0,2024-07-20 22:14:32,0,2024-07-20 22:14:32,,,
2018-12-13,滨海新区,特级铸造焦,3300.00,出厂价,561,2018-12-13 00:00:00,1,0,2024-07-20 22:14:32,0,2024-07-20 22:14:32,,,
2018-12-13,滨海新区,二级铸造焦,2950.00,出厂价,562,2018-12-13 00:00:00,1,0,2024-07-20 22:14:32,0,2024-07-20 22:14:32,,,
2018-12-06,滨海新区,特级铸造焦,3300.00,出厂价,563,2018-12-06 00:00:00,1,0,2024-07-20 22:14:32,0,2024-07-20 22:14:32,,,
2018-12-06,滨海新区,二级铸造焦,2950.00,出厂价,564,2018-12-06 00:00:00,1,0,2024-07-20 22:14:32,0,2024-07-20 22:14:32,,,
2018-11-29,滨海新区,特级铸造焦,3300.00,出厂价,565,2018-11-29 00:00:00,1,0,2024-07-20 22:14:32,0,2024-07-20 22:14:32,,,
2018-11-29,滨海新区,二级铸造焦,2950.00,出厂价,566,2018-11-29 00:00:00,1,0,2024-07-20 22:14:32,0,2024-07-20 22:14:32,,,
2018-11-22,滨海新区,特级铸造焦,3300.00,出厂价,567,2018-11-22 00:00:00,1,0,2024-07-20 22:14:32,0,2024-07-20 22:14:32,,,
2018-11-22,滨海新区,二级铸造焦,2950.00,出厂价,568,2018-11-22 00:00:00,1,0,2024-07-20 22:14:32,0,2024-07-20 22:14:32,,,
2018-11-15,滨海新区,特级铸造焦,3300.00,出厂价,569,2018-11-15 00:00:00,1,0,2024-07-20 22:14:32,0,2024-07-20 22:14:32,,,
2018-11-15,滨海新区,二级铸造焦,2950.00,出厂价,570,2018-11-15 00:00:00,1,0,2024-07-20 22:14:32,0,2024-07-20 22:14:32,,,
2018-11-08,滨海新区,特级铸造焦,3300.00,出厂价,571,2018-11-08 00:00:00,1,0,2024-07-20 22:14:36,0,2024-07-20 22:14:36,,,
2018-11-08,滨海新区,二级铸造焦,2950.00,出厂价,572,2018-11-08 00:00:00,1,0,2024-07-20 22:14:36,0,2024-07-20 22:14:36,,,
2018-11-01,滨海新区,特级铸造焦,3300.00,出厂价,573,2018-11-01 00:00:00,1,0,2024-07-20 22:14:36,0,2024-07-20 22:14:36,,,
2018-11-01,滨海新区,二级铸造焦,2950.00,出厂价,574,2018-11-01 00:00:00,1,0,2024-07-20 22:14:36,0,2024-07-20 22:14:36,,,
2018-10-25,滨海新区,特级铸造焦,2950.00,出厂价,575,2018-10-25 00:00:00,1,0,2024-07-20 22:14:36,0,2024-07-20 22:14:36,,,
2018-10-18,滨海新区,特级铸造焦,3300.00,出厂价,576,2018-10-18 00:00:00,1,0,2024-07-20 22:14:36,0,2024-07-20 22:14:36,,,
2018-10-11,滨海新区,特级铸造焦,2950.00,出厂价,577,2018-10-11 00:00:00,1,0,2024-07-20 22:14:36,0,2024-07-20 22:14:36,,,
2018-10-08,滨海新区,特级铸造焦,2950.00,出厂价,578,2018-10-08 00:00:00,1,0,2024-07-20 22:14:36,0,2024-07-20 22:14:36,,,
2018-09-27,滨海新区,特级铸造焦,2950.00,出厂价,579,2018-09-27 00:00:00,1,0,2024-07-20 22:14:36,0,2024-07-20 22:14:36,,,
2018-09-20,滨海新区,特级铸造焦,2950.00,出厂价,580,2018-09-20 00:00:00,1,0,2024-07-20 22:14:36,0,2024-07-20 22:14:36,,,
2018-09-13,滨海新区,特级铸造焦,2950.00,出厂价,581,2018-09-13 00:00:00,1,0,2024-07-20 22:14:36,0,2024-07-20 22:14:36,,,
2018-09-06,滨海新区,特级铸造焦,2950.00,出厂价,582,2018-09-06 00:00:00,1,0,2024-07-20 22:14:36,0,2024-07-20 22:14:36,,,
2018-08-30,滨海新区,特级铸造焦,3300.00,出厂价,583,2018-08-30 00:00:00,1,0,2024-07-20 22:14:36,0,2024-07-20 22:14:36,,,
2018-08-30,滨海新区,二级铸造焦,2950.00,出厂价,584,2018-08-30 00:00:00,1,0,2024-07-20 22:14:36,0,2024-07-20 22:14:36,,,
2018-08-23,滨海新区,特级铸造焦,3300.00,出厂价,585,2018-08-23 00:00:00,1,0,2024-07-20 22:14:36,0,2024-07-20 22:14:36,,,
2018-08-23,滨海新区,二级铸造焦,2950.00,出厂价,586,2018-08-23 00:00:00,1,0,2024-07-20 22:14:36,0,2024-07-20 22:14:36,,,
2018-08-16,滨海新区,特级铸造焦,3300.00,出厂价,587,2018-08-16 00:00:00,1,0,2024-07-20 22:14:36,0,2024-07-20 22:14:36,,,
2018-08-16,滨海新区,二级铸造焦,2950.00,出厂价,588,2018-08-16 00:00:00,1,0,2024-07-20 22:14:36,0,2024-07-20 22:14:36,,,
2018-08-09,滨海新区,特级铸造焦,3100.00,出厂价,589,2018-08-09 00:00:00,1,0,2024-07-20 22:14:36,0,2024-07-20 22:14:36,,,
2018-08-09,滨海新区,二级铸造焦,2750.00,出厂价,590,2018-08-09 00:00:00,1,0,2024-07-20 22:14:36,0,2024-07-20 22:14:36,,,
2018-08-02,滨海新区,特级铸造焦,3100.00,出厂价,591,2018-08-02 00:00:00,1,0,2024-07-20 22:14:36,0,2024-07-20 22:14:36,,,
2018-08-02,滨海新区,二级铸造焦,2750.00,出厂价,592,2018-08-02 00:00:00,1,0,2024-07-20 22:14:36,0,2024-07-20 22:14:36,,,
2018-07-27,滨海新区,特级铸造焦,3100.00,出厂价,593,2018-07-27 00:00:00,1,0,2024-07-20 22:14:36,0,2024-07-20 22:14:36,,,
2018-07-27,滨海新区,二级铸造焦,2750.00,出厂价,594,2018-07-27 00:00:00,1,0,2024-07-20 22:14:36,0,2024-07-20 22:14:36,,,
2018-07-20,滨海新区,特级铸造焦,3100.00,出厂价,595,2018-07-20 00:00:00,1,0,2024-07-20 22:14:36,0,2024-07-20 22:14:36,,,
2018-07-20,滨海新区,二级铸造焦,2750.00,出厂价,596,2018-07-20 00:00:00,1,0,2024-07-20 22:14:36,0,2024-07-20 22:14:36,,,
2018-07-13,滨海新区,特级铸造焦,3100.00,出厂价,597,2018-07-13 00:00:00,1,0,2024-07-20 22:14:36,0,2024-07-20 22:14:36,,,
2018-07-13,滨海新区,二级铸造焦,2750.00,出厂价,598,2018-07-13 00:00:00,1,0,2024-07-20 22:14:36,0,2024-07-20 22:14:36,,,
2018-07-06,滨海新区,特级铸造焦,3100.00,出厂价,599,2018-07-06 00:00:00,1,0,2024-07-20 22:14:36,0,2024-07-20 22:14:36,,,
2018-07-06,滨海新区,二级铸造焦,2750.00,出厂价,600,2018-07-06 00:00:00,1,0,2024-07-20 22:14:36,0,2024-07-20 22:14:36,,,
2018-06-29,滨海新区,特级铸造焦,3100.00,出厂价,601,2018-06-29 00:00:00,1,0,2024-07-20 22:14:39,0,2024-07-20 22:14:39,,,
2018-06-29,滨海新区,二级铸造焦,2750.00,出厂价,602,2018-06-29 00:00:00,1,0,2024-07-20 22:14:39,0,2024-07-20 22:14:39,,,
2018-06-22,滨海新区,特级铸造焦,3100.00,出厂价,603,2018-06-22 00:00:00,1,0,2024-07-20 22:14:39,0,2024-07-20 22:14:39,,,
2018-06-22,滨海新区,二级铸造焦,2750.00,出厂价,604,2018-06-22 00:00:00,1,0,2024-07-20 22:14:39,0,2024-07-20 22:14:39,,,
2018-06-15,滨海新区,特级铸造焦,3100.00,出厂价,605,2018-06-15 00:00:00,1,0,2024-07-20 22:14:39,0,2024-07-20 22:14:39,,,
2018-06-15,滨海新区,二级铸造焦,2750.00,出厂价,606,2018-06-15 00:00:00,1,0,2024-07-20 22:14:39,0,2024-07-20 22:14:39,,,
2018-06-08,滨海新区,特级铸造焦,3100.00,出厂价,607,2018-06-08 00:00:00,1,0,2024-07-20 22:14:39,0,2024-07-20 22:14:39,,,
2018-06-08,滨海新区,二级铸造焦,2750.00,出厂价,608,2018-06-08 00:00:00,1,0,2024-07-20 22:14:39,0,2024-07-20 22:14:39,,,
2018-06-01,滨海新区,特级铸造焦,2900.00,出厂价,609,2018-06-01 00:00:00,1,0,2024-07-20 22:14:39,0,2024-07-20 22:14:39,,,
2018-06-01,滨海新区,二级铸造焦,2750.00,出厂价,610,2018-06-01 00:00:00,1,0,2024-07-20 22:14:39,0,2024-07-20 22:14:39,,,
2018-05-25,滨海新区,特级铸造焦,2900.00,出厂价,611,2018-05-25 00:00:00,1,0,2024-07-20 22:14:39,0,2024-07-20 22:14:39,,,
2018-05-25,滨海新区,二级铸造焦,2750.00,出厂价,612,2018-05-25 00:00:00,1,0,2024-07-20 22:14:39,0,2024-07-20 22:14:39,,,
2018-05-18,滨海新区,特级铸造焦,2900.00,出厂价,613,2018-05-18 00:00:00,1,0,2024-07-20 22:14:39,0,2024-07-20 22:14:39,,,
2018-05-18,滨海新区,二级铸造焦,2750.00,出厂价,614,2018-05-18 00:00:00,1,0,2024-07-20 22:14:39,0,2024-07-20 22:14:39,,,
2018-05-11,滨海新区,特级铸造焦,2900.00,出厂价,615,2018-05-11 00:00:00,1,0,2024-07-20 22:14:39,0,2024-07-20 22:14:39,,,
2018-05-11,滨海新区,二级铸造焦,2750.00,出厂价,616,2018-05-11 00:00:00,1,0,2024-07-20 22:14:39,0,2024-07-20 22:14:39,,,
2018-05-04,滨海新区,特级铸造焦,2900.00,出厂价,617,2018-05-04 00:00:00,1,0,2024-07-20 22:14:39,0,2024-07-20 22:14:39,,,
2018-05-04,滨海新区,二级铸造焦,2750.00,出厂价,618,2018-05-04 00:00:00,1,0,2024-07-20 22:14:39,0,2024-07-20 22:14:39,,,
2018-04-27,滨海新区,特级铸造焦,2900.00,出厂价,619,2018-04-27 00:00:00,1,0,2024-07-20 22:14:39,0,2024-07-20 22:14:39,,,
2018-04-27,滨海新区,二级铸造焦,2750.00,出厂价,620,2018-04-27 00:00:00,1,0,2024-07-20 22:14:39,0,2024-07-20 22:14:39,,,
2018-04-20,滨海新区,二级铸造焦,2750.00,出厂价,621,2018-04-20 00:00:00,1,0,2024-07-20 22:14:39,0,2024-07-20 22:14:39,,,
2018-04-20,滨海新区,特级铸造焦,2900.00,出厂价,622,2018-04-20 00:00:00,1,0,2024-07-20 22:14:39,0,2024-07-20 22:14:39,,,
2018-04-13,滨海新区,特级铸造焦,2900.00,出厂价,623,2018-04-13 00:00:00,1,0,2024-07-20 22:14:39,0,2024-07-20 22:14:39,,,
2018-04-13,滨海新区,二级铸造焦,2750.00,出厂价,624,2018-04-13 00:00:00,1,0,2024-07-20 22:14:39,0,2024-07-20 22:14:39,,,
2018-04-08,滨海新区,特级铸造焦,2900.00,出厂价,625,2018-04-08 00:00:00,1,0,2024-07-20 22:14:39,0,2024-07-20 22:14:39,,,
2018-04-08,滨海新区,二级铸造焦,2750.00,出厂价,626,2018-04-08 00:00:00,1,0,2024-07-20 22:14:39,0,2024-07-20 22:14:39,,,
2018-03-30,滨海新区,特级铸造焦,2900.00,出厂价,627,2018-03-30 00:00:00,1,0,2024-07-20 22:14:39,0,2024-07-20 22:14:39,,,
2018-03-30,滨海新区,二级铸造焦,2750.00,出厂价,628,2018-03-30 00:00:00,1,0,2024-07-20 22:14:39,0,2024-07-20 22:14:39,,,
2018-03-23,滨海新区,特级铸造焦,2900.00,出厂价,629,2018-03-23 00:00:00,1,0,2024-07-20 22:14:39,0,2024-07-20 22:14:39,,,
2018-03-23,滨海新区,二级铸造焦,2750.00,出厂价,630,2018-03-23 00:00:00,1,0,2024-07-20 22:14:39,0,2024-07-20 22:14:39,,,
2018-03-15,滨海新区,特级铸造焦,2900.00,出厂价,631,2018-03-15 00:00:00,1,0,2024-07-20 22:14:42,0,2024-07-20 22:14:42,,,
2018-03-15,滨海新区,二级铸造焦,2750.00,出厂价,632,2018-03-15 00:00:00,1,0,2024-07-20 22:14:42,0,2024-07-20 22:14:42,,,
2018-03-09,滨海新区,特级铸造焦,2900.00,出厂价,633,2018-03-09 00:00:00,1,0,2024-07-20 22:14:42,0,2024-07-20 22:14:42,,,
2018-03-09,滨海新区,二级铸造焦,2750.00,出厂价,634,2018-03-09 00:00:00,1,0,2024-07-20 22:14:42,0,2024-07-20 22:14:42,,,
2018-03-01,滨海新区,特级铸造焦,2900.00,出厂价,635,2018-03-01 00:00:00,1,0,2024-07-20 22:14:42,0,2024-07-20 22:14:42,,,
2018-03-01,滨海新区,二级铸造焦,2750.00,出厂价,636,2018-03-01 00:00:00,1,0,2024-07-20 22:14:42,0,2024-07-20 22:14:42,,,
2018-02-08,滨海新区,特级铸造焦,2900.00,出厂价,637,2018-02-08 00:00:00,1,0,2024-07-20 22:14:42,0,2024-07-20 22:14:42,,,
2018-02-08,滨海新区,二级铸造焦,2750.00,出厂价,638,2018-02-08 00:00:00,1,0,2024-07-20 22:14:42,0,2024-07-20 22:14:42,,,
2018-02-01,滨海新区,特级铸造焦,2900.00,出厂价,639,2018-02-01 00:00:00,1,0,2024-07-20 22:14:42,0,2024-07-20 22:14:42,,,
2018-02-01,滨海新区,二级铸造焦,2750.00,出厂价,640,2018-02-01 00:00:00,1,0,2024-07-20 22:14:42,0,2024-07-20 22:14:42,,,
2018-01-25,滨海新区,特级铸造焦,2900.00,出厂价,641,2018-01-25 00:00:00,1,0,2024-07-20 22:14:42,0,2024-07-20 22:14:42,,,
2018-01-25,滨海新区,二级铸造焦,2750.00,出厂价,642,2018-01-25 00:00:00,1,0,2024-07-20 22:14:42,0,2024-07-20 22:14:42,,,
2018-01-18,滨海新区,特级铸造焦,2900.00,出厂价,643,2018-01-18 00:00:00,1,0,2024-07-20 22:14:42,0,2024-07-20 22:14:42,,,
2018-01-18,滨海新区,二级铸造焦,2750.00,出厂价,644,2018-01-18 00:00:00,1,0,2024-07-20 22:14:42,0,2024-07-20 22:14:42,,,
2018-01-11,滨海新区,特级铸造焦,2900.00,出厂价,645,2018-01-11 00:00:00,1,0,2024-07-20 22:14:42,0,2024-07-20 22:14:42,,,
2018-01-11,滨海新区,二级铸造焦,2750.00,出厂价,646,2018-01-11 00:00:00,1,0,2024-07-20 22:14:42,0,2024-07-20 22:14:42,,,
2018-01-04,滨海新区,特级铸造焦,2900.00,出厂价,647,2018-01-04 00:00:00,1,0,2024-07-20 22:14:42,0,2024-07-20 22:14:42,,,
2018-01-04,滨海新区,二级铸造焦,2750.00,出厂价,648,2018-01-04 00:00:00,1,0,2024-07-20 22:14:42,0,2024-07-20 22:14:42,,,
2017-12-28,滨海新区,特级铸造焦,2600.00,出厂价,649,2017-12-28 00:00:00,1,0,2024-07-20 22:14:42,0,2024-07-20 22:14:42,,,
2017-12-28,滨海新区,二级铸造焦,2450.00,出厂价,650,2017-12-28 00:00:00,1,0,2024-07-20 22:14:42,0,2024-07-20 22:14:42,,,
2017-12-21,滨海新区,特级铸造焦,2600.00,出厂价,651,2017-12-21 00:00:00,1,0,2024-07-20 22:14:42,0,2024-07-20 22:14:42,,,
2017-12-21,滨海新区,二级铸造焦,2450.00,出厂价,652,2017-12-21 00:00:00,1,0,2024-07-20 22:14:42,0,2024-07-20 22:14:42,,,
2017-12-14,滨海新区,特级铸造焦,2600.00,出厂价,653,2017-12-14 00:00:00,1,0,2024-07-20 22:14:42,0,2024-07-20 22:14:42,,,
2017-12-14,滨海新区,二级铸造焦,2450.00,出厂价,654,2017-12-14 00:00:00,1,0,2024-07-20 22:14:42,0,2024-07-20 22:14:42,,,
2017-12-07,滨海新区,特级铸造焦,2600.00,出厂价,655,2017-12-07 00:00:00,1,0,2024-07-20 22:14:42,0,2024-07-20 22:14:42,,,
2017-12-07,滨海新区,二级铸造焦,2450.00,出厂价,656,2017-12-07 00:00:00,1,0,2024-07-20 22:14:42,0,2024-07-20 22:14:42,,,
2017-11-30,滨海新区,特级铸造焦,2600.00,出厂价,657,2017-11-30 00:00:00,1,0,2024-07-20 22:14:42,0,2024-07-20 22:14:42,,,
2017-11-30,滨海新区,二级铸造焦,2450.00,出厂价,658,2017-11-30 00:00:00,1,0,2024-07-20 22:14:42,0,2024-07-20 22:14:42,,,
2017-11-23,滨海新区,特级铸造焦,2600.00,出厂价,659,2017-11-23 00:00:00,1,0,2024-07-20 22:14:42,0,2024-07-20 22:14:42,,,
2017-11-23,滨海新区,二级铸造焦,2450.00,出厂价,660,2017-11-23 00:00:00,1,0,2024-07-20 22:14:42,0,2024-07-20 22:14:42,,,
2017-11-16,滨海新区,特级铸造焦,2600.00,出厂价,661,2017-11-16 00:00:00,1,0,2024-07-20 22:14:45,0,2024-07-20 22:14:45,,,
2017-11-16,滨海新区,二级铸造焦,2450.00,出厂价,662,2017-11-16 00:00:00,1,0,2024-07-20 22:14:45,0,2024-07-20 22:14:45,,,
2017-11-09,滨海新区,特级铸造焦,2600.00,出厂价,663,2017-11-09 00:00:00,1,0,2024-07-20 22:14:45,0,2024-07-20 22:14:45,,,
2017-11-09,滨海新区,二级铸造焦,2450.00,出厂价,664,2017-11-09 00:00:00,1,0,2024-07-20 22:14:45,0,2024-07-20 22:14:45,,,
2017-11-02,滨海新区,特级铸造焦,2600.00,出厂价,665,2017-11-02 00:00:00,1,0,2024-07-20 22:14:45,0,2024-07-20 22:14:45,,,
2017-11-02,滨海新区,二级铸造焦,2450.00,出厂价,666,2017-11-02 00:00:00,1,0,2024-07-20 22:14:45,0,2024-07-20 22:14:45,,,
2017-10-26,滨海新区,特级铸造焦,2600.00,出厂价,667,2017-10-26 00:00:00,1,0,2024-07-20 22:14:45,0,2024-07-20 22:14:45,,,
2017-10-26,滨海新区,二级铸造焦,2450.00,出厂价,668,2017-10-26 00:00:00,1,0,2024-07-20 22:14:45,0,2024-07-20 22:14:45,,,
2017-10-19,滨海新区,特级铸造焦,2600.00,出厂价,669,2017-10-19 00:00:00,1,0,2024-07-20 22:14:45,0,2024-07-20 22:14:45,,,
2017-10-19,滨海新区,二级铸造焦,2450.00,出厂价,670,2017-10-19 00:00:00,1,0,2024-07-20 22:14:45,0,2024-07-20 22:14:45,,,
2017-10-12,滨海新区,特级铸造焦,2600.00,出厂价,671,2017-10-12 00:00:00,1,0,2024-07-20 22:14:45,0,2024-07-20 22:14:45,,,
2017-10-12,滨海新区,二级铸造焦,2450.00,出厂价,672,2017-10-12 00:00:00,1,0,2024-07-20 22:14:45,0,2024-07-20 22:14:45,,,
2017-09-21,滨海新区,特级铸造焦,2600.00,出厂价,673,2017-09-21 00:00:00,1,0,2024-07-20 22:14:45,0,2024-07-20 22:14:45,,,
2017-09-21,滨海新区,二级铸造焦,2450.00,出厂价,674,2017-09-21 00:00:00,1,0,2024-07-20 22:14:45,0,2024-07-20 22:14:45,,,
2017-09-14,滨海新区,特级铸造焦,2600.00,出厂价,675,2017-09-14 00:00:00,1,0,2024-07-20 22:14:45,0,2024-07-20 22:14:45,,,
2017-09-14,滨海新区,二级铸造焦,2450.00,出厂价,676,2017-09-14 00:00:00,1,0,2024-07-20 22:14:45,0,2024-07-20 22:14:45,,,
2017-09-07,滨海新区,特级铸造焦,2600.00,出厂价,677,2017-09-07 00:00:00,1,0,2024-07-20 22:14:45,0,2024-07-20 22:14:45,,,
2017-09-07,滨海新区,二级铸造焦,2450.00,出厂价,678,2017-09-07 00:00:00,1,0,2024-07-20 22:14:45,0,2024-07-20 22:14:45,,,
2017-08-31,滨海新区,特级铸造焦,2600.00,出厂价,679,2017-08-31 00:00:00,1,0,2024-07-20 22:14:45,0,2024-07-20 22:14:45,,,
2017-08-31,滨海新区,二级铸造焦,2450.00,出厂价,680,2017-08-31 00:00:00,1,0,2024-07-20 22:14:45,0,2024-07-20 22:14:45,,,
2017-08-24,滨海新区,特级铸造焦,2400.00,出厂价,681,2017-08-24 00:00:00,1,0,2024-07-20 22:14:45,0,2024-07-20 22:14:45,,,
2017-08-24,滨海新区,二级铸造焦,2150.00,出厂价,682,2017-08-24 00:00:00,1,0,2024-07-20 22:14:45,0,2024-07-20 22:14:45,,,
2017-08-17,滨海新区,特级铸造焦,2400.00,出厂价,683,2017-08-17 00:00:00,1,0,2024-07-20 22:14:45,0,2024-07-20 22:14:45,,,
2017-08-17,滨海新区,二级铸造焦,2150.00,出厂价,684,2017-08-17 00:00:00,1,0,2024-07-20 22:14:45,0,2024-07-20 22:14:45,,,
2017-08-10,滨海新区,特级铸造焦,2400.00,出厂价,685,2017-08-10 00:00:00,1,0,2024-07-20 22:14:45,0,2024-07-20 22:14:45,,,
2017-08-10,滨海新区,二级铸造焦,2150.00,出厂价,686,2017-08-10 00:00:00,1,0,2024-07-20 22:14:45,0,2024-07-20 22:14:45,,,
2017-08-03,滨海新区,特级铸造焦,2400.00,出厂价,687,2017-08-03 00:00:00,1,0,2024-07-20 22:14:45,0,2024-07-20 22:14:45,,,
2017-08-03,滨海新区,二级铸造焦,2150.00,出厂价,688,2017-08-03 00:00:00,1,0,2024-07-20 22:14:45,0,2024-07-20 22:14:45,,,
2017-07-27,滨海新区,特级铸造焦,2400.00,出厂价,689,2017-07-27 00:00:00,1,0,2024-07-20 22:14:45,0,2024-07-20 22:14:45,,,
2017-07-27,滨海新区,二级铸造焦,2150.00,出厂价,690,2017-07-27 00:00:00,1,0,2024-07-20 22:14:45,0,2024-07-20 22:14:45,,,
2017-07-20,滨海新区,特级铸造焦,2400.00,出厂价,691,2017-07-20 00:00:00,1,0,2024-07-20 22:14:50,0,2024-07-20 22:14:50,,,
2017-07-20,滨海新区,二级铸造焦,2150.00,出厂价,692,2017-07-20 00:00:00,1,0,2024-07-20 22:14:50,0,2024-07-20 22:14:50,,,
2017-07-13,滨海新区,特级铸造焦,2400.00,出厂价,693,2017-07-13 00:00:00,1,0,2024-07-20 22:14:50,0,2024-07-20 22:14:50,,,
2017-07-13,滨海新区,二级铸造焦,2150.00,出厂价,694,2017-07-13 00:00:00,1,0,2024-07-20 22:14:50,0,2024-07-20 22:14:50,,,
2017-07-06,滨海新区,特级铸造焦,2400.00,出厂价,695,2017-07-06 00:00:00,1,0,2024-07-20 22:14:50,0,2024-07-20 22:14:50,,,
2017-07-06,滨海新区,二级铸造焦,2150.00,出厂价,696,2017-07-06 00:00:00,1,0,2024-07-20 22:14:50,0,2024-07-20 22:14:50,,,
2017-06-29,滨海新区,特级铸造焦,2400.00,出厂价,697,2017-06-29 00:00:00,1,0,2024-07-20 22:14:50,0,2024-07-20 22:14:50,,,
2017-06-29,滨海新区,二级铸造焦,2150.00,出厂价,698,2017-06-29 00:00:00,1,0,2024-07-20 22:14:50,0,2024-07-20 22:14:50,,,
2017-06-22,滨海新区,特级铸造焦,2400.00,出厂价,699,2017-06-22 00:00:00,1,0,2024-07-20 22:14:50,0,2024-07-20 22:14:50,,,
2017-06-22,滨海新区,二级铸造焦,2150.00,出厂价,700,2017-06-22 00:00:00,1,0,2024-07-20 22:14:50,0,2024-07-20 22:14:50,,,
2017-06-15,滨海新区,特级铸造焦,2400.00,出厂价,701,2017-06-15 00:00:00,1,0,2024-07-20 22:14:50,0,2024-07-20 22:14:50,,,
2017-06-15,滨海新区,二级铸造焦,2150.00,出厂价,702,2017-06-15 00:00:00,1,0,2024-07-20 22:14:50,0,2024-07-20 22:14:50,,,
2017-06-08,滨海新区,特级铸造焦,2400.00,出厂价,703,2017-06-08 00:00:00,1,0,2024-07-20 22:14:50,0,2024-07-20 22:14:50,,,
2017-06-08,滨海新区,二级铸造焦,2150.00,出厂价,704,2017-06-08 00:00:00,1,0,2024-07-20 22:14:50,0,2024-07-20 22:14:50,,,
2017-06-01,滨海新区,特级铸造焦,2400.00,出厂价,705,2017-06-01 00:00:00,1,0,2024-07-20 22:14:50,0,2024-07-20 22:14:50,,,
2017-06-01,滨海新区,二级铸造焦,2150.00,出厂价,706,2017-06-01 00:00:00,1,0,2024-07-20 22:14:50,0,2024-07-20 22:14:50,,,
2017-05-25,滨海新区,特级铸造焦,2400.00,出厂价,707,2017-05-25 00:00:00,1,0,2024-07-20 22:14:50,0,2024-07-20 22:14:50,,,
2017-05-25,滨海新区,二级铸造焦,2150.00,出厂价,708,2017-05-25 00:00:00,1,0,2024-07-20 22:14:50,0,2024-07-20 22:14:50,,,
2017-05-18,滨海新区,特级铸造焦,2400.00,出厂价,709,2017-05-18 00:00:00,1,0,2024-07-20 22:14:50,0,2024-07-20 22:14:50,,,
2017-05-18,滨海新区,二级铸造焦,2150.00,出厂价,710,2017-05-18 00:00:00,1,0,2024-07-20 22:14:50,0,2024-07-20 22:14:50,,,
2017-05-11,滨海新区,特级铸造焦,2400.00,出厂价,711,2017-05-11 00:00:00,1,0,2024-07-20 22:14:50,0,2024-07-20 22:14:50,,,
2017-05-11,滨海新区,二级铸造焦,2150.00,出厂价,712,2017-05-11 00:00:00,1,0,2024-07-20 22:14:50,0,2024-07-20 22:14:50,,,
2017-05-04,滨海新区,特级铸造焦,2400.00,出厂价,713,2017-05-04 00:00:00,1,0,2024-07-20 22:14:50,0,2024-07-20 22:14:50,,,
2017-05-04,滨海新区,二级铸造焦,2150.00,出厂价,714,2017-05-04 00:00:00,1,0,2024-07-20 22:14:50,0,2024-07-20 22:14:50,,,
2017-04-27,滨海新区,特级铸造焦,2400.00,出厂价,715,2017-04-27 00:00:00,1,0,2024-07-20 22:14:50,0,2024-07-20 22:14:50,,,
2017-04-27,滨海新区,二级铸造焦,2150.00,出厂价,716,2017-04-27 00:00:00,1,0,2024-07-20 22:14:50,0,2024-07-20 22:14:50,,,
2017-04-20,滨海新区,特级铸造焦,2400.00,出厂价,717,2017-04-20 00:00:00,1,0,2024-07-20 22:14:50,0,2024-07-20 22:14:50,,,
2017-04-20,滨海新区,二级铸造焦,2150.00,出厂价,718,2017-04-20 00:00:00,1,0,2024-07-20 22:14:50,0,2024-07-20 22:14:50,,,
2017-04-13,滨海新区,特级铸造焦,2400.00,出厂价,719,2017-04-13 00:00:00,1,0,2024-07-20 22:14:50,0,2024-07-20 22:14:50,,,
2017-04-13,滨海新区,二级铸造焦,2150.00,出厂价,720,2017-04-13 00:00:00,1,0,2024-07-20 22:14:50,0,2024-07-20 22:14:50,,,
2017-04-06,滨海新区,特级铸造焦,2400.00,出厂价,721,2017-04-06 00:00:00,1,0,2024-07-20 22:14:52,0,2024-07-20 22:14:52,,,
2017-04-06,滨海新区,二级铸造焦,2150.00,出厂价,722,2017-04-06 00:00:00,1,0,2024-07-20 22:14:52,0,2024-07-20 22:14:52,,,
2017-03-30,滨海新区,特级铸造焦,2400.00,出厂价,723,2017-03-30 00:00:00,1,0,2024-07-20 22:14:52,0,2024-07-20 22:14:52,,,
2017-03-30,滨海新区,二级铸造焦,2150.00,出厂价,724,2017-03-30 00:00:00,1,0,2024-07-20 22:14:52,0,2024-07-20 22:14:52,,,
2017-03-23,滨海新区,特级铸造焦,2400.00,出厂价,725,2017-03-23 00:00:00,1,0,2024-07-20 22:14:52,0,2024-07-20 22:14:52,,,
2017-03-23,滨海新区,二级铸造焦,2150.00,出厂价,726,2017-03-23 00:00:00,1,0,2024-07-20 22:14:52,0,2024-07-20 22:14:52,,,
2017-03-16,滨海新区,特级铸造焦,2400.00,出厂价,727,2017-03-16 00:00:00,1,0,2024-07-20 22:14:52,0,2024-07-20 22:14:52,,,
2017-03-16,滨海新区,二级铸造焦,2150.00,出厂价,728,2017-03-16 00:00:00,1,0,2024-07-20 22:14:52,0,2024-07-20 22:14:52,,,
2017-03-09,滨海新区,特级铸造焦,2400.00,出厂价,729,2017-03-09 00:00:00,1,0,2024-07-20 22:14:52,0,2024-07-20 22:14:52,,,
2017-03-09,滨海新区,二级铸造焦,2150.00,出厂价,730,2017-03-09 00:00:00,1,0,2024-07-20 22:14:52,0,2024-07-20 22:14:52,,,
2017-03-02,滨海新区,特级铸造焦,2400.00,出厂价,731,2017-03-02 00:00:00,1,0,2024-07-20 22:14:52,0,2024-07-20 22:14:52,,,
2017-03-02,滨海新区,二级铸造焦,2150.00,出厂价,732,2017-03-02 00:00:00,1,0,2024-07-20 22:14:52,0,2024-07-20 22:14:52,,,
2017-02-23,滨海新区,特级铸造焦,2400.00,出厂价,733,2017-02-23 00:00:00,1,0,2024-07-20 22:14:52,0,2024-07-20 22:14:52,,,
2017-02-23,滨海新区,二级铸造焦,2150.00,出厂价,734,2017-02-23 00:00:00,1,0,2024-07-20 22:14:52,0,2024-07-20 22:14:52,,,
2017-02-16,滨海新区,特级铸造焦,2400.00,出厂价,735,2017-02-16 00:00:00,1,0,2024-07-20 22:14:52,0,2024-07-20 22:14:52,,,
2017-02-16,滨海新区,二级铸造焦,2150.00,出厂价,736,2017-02-16 00:00:00,1,0,2024-07-20 22:14:52,0,2024-07-20 22:14:52,,,
2017-02-09,滨海新区,特级铸造焦,2500.00,出厂价,737,2017-02-09 00:00:00,1,0,2024-07-20 22:14:52,0,2024-07-20 22:14:52,,,
2017-02-09,滨海新区,二级铸造焦,2250.00,出厂价,738,2017-02-09 00:00:00,1,0,2024-07-20 22:14:52,0,2024-07-20 22:14:52,,,
2017-01-19,滨海新区,特级铸造焦,2600.00,出厂价,739,2017-01-19 00:00:00,1,0,2024-07-20 22:14:52,0,2024-07-20 22:14:52,,,
2017-01-19,滨海新区,二级铸造焦,2350.00,出厂价,740,2017-01-19 00:00:00,1,0,2024-07-20 22:14:52,0,2024-07-20 22:14:52,,,
2017-01-12,滨海新区,特级铸造焦,2600.00,出厂价,741,2017-01-12 00:00:00,1,0,2024-07-20 22:14:52,0,2024-07-20 22:14:52,,,
2017-01-12,滨海新区,二级铸造焦,2350.00,出厂价,742,2017-01-12 00:00:00,1,0,2024-07-20 22:14:52,0,2024-07-20 22:14:52,,,
2017-01-05,滨海新区,特级铸造焦,2600.00,出厂价,743,2017-01-05 00:00:00,1,0,2024-07-20 22:14:52,0,2024-07-20 22:14:52,,,
2017-01-05,滨海新区,二级铸造焦,2350.00,出厂价,744,2017-01-05 00:00:00,1,0,2024-07-20 22:14:52,0,2024-07-20 22:14:52,,,
2024-07-25,滨海新区,特级铸造焦,3900.00,出厂价,947,2024-07-25 00:00:00,1,0,2024-08-01 10:49:06,0,2024-08-01 10:49:06,,,
2024-07-25,滨海新区,二级铸造焦,3550.00,出厂价,948,2024-07-25 00:00:00,1,0,2024-08-01 10:49:06,0,2024-08-01 10:49:06,,,
2024-10-31,滨海新区,特级铸造焦,3900.00,出厂价,949,2024-10-31 00:00:00,1,0,2024-11-07 02:15:16,0,2024-11-07 02:15:16,,,
2024-10-31,滨海新区,二级铸造焦,3550.00,出厂价,950,2024-10-31 00:00:00,1,0,2024-11-07 02:15:16,0,2024-11-07 02:15:16,,,
2024-10-24,滨海新区,特级铸造焦,3900.00,出厂价,951,2024-10-24 00:00:00,1,0,2024-11-07 02:15:16,0,2024-11-07 02:15:16,,,
2024-10-24,滨海新区,二级铸造焦,3550.00,出厂价,952,2024-10-24 00:00:00,1,0,2024-11-07 02:15:16,0,2024-11-07 02:15:16,,,
2024-10-17,滨海新区,特级铸造焦,3900.00,出厂价,953,2024-10-17 00:00:00,1,0,2024-11-07 02:15:16,0,2024-11-07 02:15:16,,,
2024-10-17,滨海新区,二级铸造焦,3550.00,出厂价,954,2024-10-17 00:00:00,1,0,2024-11-07 02:15:16,0,2024-11-07 02:15:16,,,
2024-10-10,滨海新区,特级铸造焦,3900.00,出厂价,955,2024-10-10 00:00:00,1,0,2024-11-07 02:15:16,0,2024-11-07 02:15:16,,,
2024-10-10,滨海新区,二级铸造焦,3550.00,出厂价,956,2024-10-10 00:00:00,1,0,2024-11-07 02:15:16,0,2024-11-07 02:15:16,,,
2024-09-26,滨海新区,特级铸造焦,3900.00,出厂价,957,2024-09-26 00:00:00,1,0,2024-11-07 02:15:16,0,2024-11-07 02:15:16,,,
2024-09-26,滨海新区,二级铸造焦,3550.00,出厂价,958,2024-09-26 00:00:00,1,0,2024-11-07 02:15:16,0,2024-11-07 02:15:16,,,
2024-09-19,滨海新区,特级铸造焦,3900.00,出厂价,959,2024-09-19 00:00:00,1,0,2024-11-07 02:15:16,0,2024-11-07 02:15:16,,,
2024-09-19,滨海新区,二级铸造焦,3550.00,出厂价,960,2024-09-19 00:00:00,1,0,2024-11-07 02:15:16,0,2024-11-07 02:15:16,,,
2024-09-12,滨海新区,特级铸造焦,3900.00,出厂价,961,2024-09-12 00:00:00,1,0,2024-11-07 02:15:16,0,2024-11-07 02:15:16,,,
2024-09-12,滨海新区,二级铸造焦,3550.00,出厂价,962,2024-09-12 00:00:00,1,0,2024-11-07 02:15:16,0,2024-11-07 02:15:16,,,
2024-09-05,滨海新区,特级铸造焦,3900.00,出厂价,963,2024-09-05 00:00:00,1,0,2024-11-07 02:15:16,0,2024-11-07 02:15:16,,,
2024-09-05,滨海新区,二级铸造焦,3550.00,出厂价,964,2024-09-05 00:00:00,1,0,2024-11-07 02:15:16,0,2024-11-07 02:15:16,,,
2024-08-29,滨海新区,特级铸造焦,3900.00,出厂价,965,2024-08-29 00:00:00,1,0,2024-11-07 02:15:16,0,2024-11-07 02:15:16,,,
2024-08-29,滨海新区,二级铸造焦,3550.00,出厂价,966,2024-08-29 00:00:00,1,0,2024-11-07 02:15:16,0,2024-11-07 02:15:16,,,
2024-08-22,滨海新区,特级铸造焦,3900.00,出厂价,967,2024-08-22 00:00:00,1,0,2024-11-07 02:15:16,0,2024-11-07 02:15:16,,,
2024-08-22,滨海新区,二级铸造焦,3550.00,出厂价,968,2024-08-22 00:00:00,1,0,2024-11-07 02:15:16,0,2024-11-07 02:15:16,,,
2024-08-15,滨海新区,二级铸造焦,3550.00,出厂价,969,2024-08-15 00:00:00,1,0,2024-11-07 02:15:16,0,2024-11-07 02:15:16,,,
2024-08-15,滨海新区,特级铸造焦,3900.00,出厂价,970,2024-08-15 00:00:00,1,0,2024-11-07 02:15:16,0,2024-11-07 02:15:16,,,
2024-08-08,滨海新区,特级铸造焦,3900.00,出厂价,971,2024-08-08 00:00:00,1,0,2024-11-07 02:15:16,0,2024-11-07 02:15:16,,,
2024-08-08,滨海新区,二级铸造焦,3550.00,出厂价,972,2024-08-08 00:00:00,1,0,2024-11-07 02:15:16,0,2024-11-07 02:15:16,,,
2024-08-01,滨海新区,特级铸造焦,3900.00,出厂价,973,2024-08-01 00:00:00,1,0,2024-11-07 02:15:16,0,2024-11-07 02:15:16,,,
2024-08-01,滨海新区,二级铸造焦,3550.00,出厂价,974,2024-08-01 00:00:00,1,0,2024-11-07 02:15:16,0,2024-11-07 02:15:16,,,
2024-11-07,滨海新区,特级铸造焦,3900.00,出厂价,975,2024-11-07 00:00:00,1,0,2024-11-07 23:18:56,0,2024-11-07 23:18:56,,,
2024-11-07,滨海新区,二级铸造焦,3550.00,出厂价,976,2024-11-07 00:00:00,1,0,2024-11-07 23:18:56,0,2024-11-07 23:18:56,,,
2024-11-14,滨海新区,特级铸造焦,3900.00,出厂价,977,2024-11-14 00:00:00,1,0,2024-11-14 23:19:17,0,2024-11-14 23:19:17,,,
2024-11-14,滨海新区,二级铸造焦,3550.00,出厂价,978,2024-11-14 00:00:00,1,0,2024-11-14 23:19:17,0,2024-11-14 23:19:17,,,
2024-11-21,滨海新区,特级铸造焦,3900.00,出厂价,979,2024-11-21 00:00:00,1,0,2024-11-21 23:21:00,0,2024-11-21 23:21:00,,,
2024-11-21,滨海新区,二级铸造焦,3550.00,出厂价,980,2024-11-21 00:00:00,1,0,2024-11-21 23:21:00,0,2024-11-21 23:21:00,,,
2024-11-28,滨海新区,特级铸造焦,3900.00,出厂价,981,2024-11-28 00:00:00,1,0,2024-11-28 23:19:13,0,2024-11-28 23:19:13,,,
2024-11-28,滨海新区,二级铸造焦,3550.00,出厂价,982,2024-11-28 00:00:00,1,0,2024-11-28 23:19:13,0,2024-11-28 23:19:13,,,
2024-12-05,滨海新区,特级铸造焦,3900.00,出厂价,983,2024-12-05 00:00:00,1,0,2024-12-05 23:20:07,0,2024-12-05 23:20:07,,,
2024-12-05,滨海新区,二级铸造焦,3550.00,出厂价,984,2024-12-05 00:00:00,1,0,2024-12-05 23:20:07,0,2024-12-05 23:20:07,,,
2024-12-12,滨海新区,特级铸造焦,3900.00,出厂价,985,2024-12-12 00:00:00,1,0,2024-12-12 23:18:55,0,2024-12-12 23:18:55,,,
2024-12-12,滨海新区,二级铸造焦,3550.00,出厂价,986,2024-12-12 00:00:00,1,0,2024-12-12 23:18:55,0,2024-12-12 23:18:55,,,
2024-12-19,滨海新区,特级铸造焦,3900.00,出厂价,987,2024-12-19 00:00:00,1,0,2024-12-19 23:18:17,0,2024-12-19 23:18:17,,,
2024-12-19,滨海新区,二级铸造焦,3550.00,出厂价,988,2024-12-19 00:00:00,1,0,2024-12-19 23:18:17,0,2024-12-19 23:18:17,,,
2024-12-26,滨海新区,特级铸造焦,3900.00,出厂价,989,2024-12-26 00:00:00,1,0,2024-12-26 23:18:49,0,2024-12-26 23:18:49,,,
2024-12-26,滨海新区,二级铸造焦,3550.00,出厂价,990,2024-12-26 00:00:00,1,0,2024-12-26 23:18:49,0,2024-12-26 23:18:49,,,
2025-01-02,滨海新区,特级铸造焦,3900.00,出厂价,991,2025-01-02 00:00:00,1,0,2025-01-02 23:18:23,0,2025-01-02 23:18:23,,,
2025-01-02,滨海新区,二级铸造焦,3550.00,出厂价,992,2025-01-02 00:00:00,1,0,2025-01-02 23:18:23,0,2025-01-02 23:18:23,,,
2025-01-09,滨海新区,特级铸造焦,3900.00,出厂价,993,2025-01-09 00:00:00,1,0,2025-01-09 23:19:00,0,2025-01-09 23:19:00,,,
2025-01-09,滨海新区,二级铸造焦,3550.00,出厂价,994,2025-01-09 00:00:00,1,0,2025-01-09 23:19:00,0,2025-01-09 23:19:00,,,
2025-01-16,滨海新区,特级铸造焦,3900.00,出厂价,995,2025-01-16 00:00:00,1,0,2025-01-16 23:18:03,0,2025-01-16 23:18:03,,,
2025-01-16,滨海新区,二级铸造焦,3550.00,出厂价,996,2025-01-16 00:00:00,1,0,2025-01-16 23:18:03,0,2025-01-16 23:18:03,,,
2025-01-23,滨海新区,特级铸造焦,3900.00,出厂价,997,2025-01-23 00:00:00,1,0,2025-01-23 23:18:20,0,2025-01-23 23:18:20,,,
2025-01-23,滨海新区,二级铸造焦,3550.00,出厂价,998,2025-01-23 00:00:00,1,0,2025-01-23 23:18:20,0,2025-01-23 23:18:20,,,
2025-02-06,滨海新区,特级铸造焦,3900.00,出厂价,999,2025-02-06 00:00:00,1,0,2025-02-06 23:17:44,0,2025-02-06 23:17:44,,,
2025-02-06,滨海新区,二级铸造焦,3550.00,出厂价,1000,2025-02-06 00:00:00,1,0,2025-02-06 23:17:44,0,2025-02-06 23:17:44,,,
2025-02-13,滨海新区,特级铸造焦,3900.00,出厂价,1001,2025-02-13 00:00:00,1,0,2025-02-13 23:18:30,0,2025-02-13 23:18:30,,,
2025-02-13,滨海新区,二级铸造焦,3550.00,出厂价,1002,2025-02-13 00:00:00,1,0,2025-02-13 23:18:30,0,2025-02-13 23:18:30,,,
2025-02-20,滨海新区,特级铸造焦,3900.00,出厂价,1003,2025-02-20 00:00:00,1,0,2025-02-20 23:19:03,0,2025-02-20 23:19:03,,,
2025-02-20,滨海新区,二级铸造焦,3550.00,出厂价,1004,2025-02-20 00:00:00,1,0,2025-02-20 23:19:03,0,2025-02-20 23:19:03,,,
2025-02-27,滨海新区,特级铸造焦,3900.00,出厂价,1005,2025-02-27 00:00:00,1,0,2025-02-27 23:18:00,0,2025-02-27 23:18:00,,,
2025-02-27,滨海新区,二级铸造焦,3550.00,出厂价,1006,2025-02-27 00:00:00,1,0,2025-02-27 23:18:00,0,2025-02-27 23:18:00,,,
2025-03-06,滨海新区,特级铸造焦,3900.00,出厂价,1007,2025-03-06 00:00:00,1,0,2025-03-06 23:18:44,0,2025-03-06 23:18:44,,,
2025-03-06,滨海新区,二级铸造焦,3550.00,出厂价,1008,2025-03-06 00:00:00,1,0,2025-03-06 23:18:44,0,2025-03-06 23:18:44,,,
2025-03-13,滨海新区,特级铸造焦,3900.00,出厂价,1009,2025-03-13 00:00:00,1,0,2025-03-13 23:18:15,0,2025-03-13 23:18:15,,,
2025-03-13,滨海新区,二级铸造焦,3550.00,出厂价,1010,2025-03-13 00:00:00,1,0,2025-03-13 23:18:15,0,2025-03-13 23:18:15,,,
2025-03-20,滨海新区,特级铸造焦,3900.00,出厂价,1011,2025-03-20 00:00:00,1,0,2025-03-20 23:20:32,0,2025-03-20 23:20:32,,,
2025-03-20,滨海新区,二级铸造焦,3550.00,出厂价,1012,2025-03-20 00:00:00,1,0,2025-03-20 23:20:32,0,2025-03-20 23:20:32,,,
2025-03-27,滨海新区,特级铸造焦,3900.00,出厂价,1013,2025-03-27 00:00:00,1,0,2025-03-27 23:18:34,0,2025-03-27 23:18:34,,,
2025-03-27,滨海新区,二级铸造焦,3550.00,出厂价,1014,2025-03-27 00:00:00,1,0,2025-03-27 23:18:34,0,2025-03-27 23:18:34,,,
2025-04-03,滨海新区,特级铸造焦,3900.00,出厂价,1015,2025-04-03 00:00:00,1,0,2025-04-03 23:17:50,0,2025-04-03 23:17:50,,,
2025-04-03,滨海新区,二级铸造焦,3550.00,出厂价,1016,2025-04-03 00:00:00,1,0,2025-04-03 23:17:50,0,2025-04-03 23:17:50,,,
2025-04-10,滨海新区,特级铸造焦,3900.00,出厂价,1017,2025-04-10 00:00:00,1,0,2025-04-10 23:19:02,0,2025-04-10 23:19:02,,,
2025-04-10,滨海新区,二级铸造焦,3550.00,出厂价,1018,2025-04-10 00:00:00,1,0,2025-04-10 23:19:02,0,2025-04-10 23:19:02,,,
2025-04-17,滨海新区,特级铸造焦,3900.00,出厂价,1019,2025-04-17 00:00:00,1,0,2025-04-17 23:19:10,0,2025-04-17 23:19:10,,,
2025-04-17,滨海新区,二级铸造焦,3550.00,出厂价,1020,2025-04-17 00:00:00,1,0,2025-04-17 23:19:10,0,2025-04-17 23:19:10,,,
2025-04-24,滨海新区,特级铸造焦,3900.00,出厂价,1021,2025-04-24 00:00:00,1,0,2025-04-24 23:18:59,0,2025-04-24 23:18:59,,,
2025-04-24,滨海新区,二级铸造焦,3550.00,出厂价,1022,2025-04-24 00:00:00,1,0,2025-04-24 23:18:59,0,2025-04-24 23:18:59,,,
2025-05-08,滨海新区,特级铸造焦,3900.00,出厂价,1023,2025-05-08 00:00:00,1,0,2025-05-08 23:18:18,0,2025-05-08 23:18:18,,,
2025-05-08,滨海新区,二级铸造焦,3550.00,出厂价,1024,2025-05-08 00:00:00,1,0,2025-05-08 23:18:18,0,2025-05-08 23:18:18,,,
2025-05-15,滨海新区,特级铸造焦,3900.00,出厂价,1025,2025-05-15 00:00:00,1,0,2025-05-15 23:18:51,0,2025-05-15 23:18:51,,,
2025-05-15,滨海新区,二级铸造焦,3550.00,出厂价,1026,2025-05-15 00:00:00,1,0,2025-05-15 23:18:51,0,2025-05-15 23:18:51,,,
2025-05-22,滨海新区,特级铸造焦,3900.00,出厂价,1027,2025-05-22 00:00:00,1,0,2025-05-22 23:18:38,0,2025-05-22 23:18:38,,,
2025-05-22,滨海新区,二级铸造焦,3550.00,出厂价,1028,2025-05-22 00:00:00,1,0,2025-05-22 23:18:38,0,2025-05-22 23:18:38,,,
2025-05-29,滨海新区,特级铸造焦,3900.00,出厂价,1029,2025-05-29 00:00:00,1,0,2025-05-29 23:17:42,0,2025-05-29 23:17:42,,,
2025-05-29,滨海新区,二级铸造焦,3550.00,出厂价,1030,2025-05-29 00:00:00,1,0,2025-05-29 23:17:42,0,2025-05-29 23:17:42,,,
2025-06-05,滨海新区,特级铸造焦,3900.00,出厂价,1031,2025-06-05 00:00:00,1,0,2025-06-05 23:18:19,0,2025-06-05 23:18:19,,,
2025-06-05,滨海新区,二级铸造焦,3550.00,出厂价,1032,2025-06-05 00:00:00,1,0,2025-06-05 23:18:19,0,2025-06-05 23:18:19,,,
2025-06-12,滨海新区,特级铸造焦,3900.00,出厂价,1033,2025-06-12 00:00:00,1,0,2025-06-12 23:17:51,0,2025-06-12 23:17:51,,,
2025-06-12,滨海新区,二级铸造焦,3550.00,出厂价,1034,2025-06-12 00:00:00,1,0,2025-06-12 23:17:51,0,2025-06-12 23:17:51,,,
2025-06-19,滨海新区,特级铸造焦,3900.00,出厂价,1035,2025-06-19 00:00:00,1,0,2025-06-19 23:18:38,0,2025-06-19 23:18:38,,,
2025-06-19,滨海新区,二级铸造焦,3550.00,出厂价,1036,2025-06-19 00:00:00,1,0,2025-06-19 23:18:38,0,2025-06-19 23:18:38,,,
2025-06-26,滨海新区,特级铸造焦,3900.00,出厂价,1037,2025-06-26 00:00:00,1,0,2025-06-26 23:18:30,0,2025-06-26 23:18:30,,,
2025-06-26,滨海新区,二级铸造焦,3550.00,出厂价,1038,2025-06-26 00:00:00,1,0,2025-06-26 23:18:30,0,2025-06-26 23:18:30,,,
2025-07-03,滨海新区,特级铸造焦,3900.00,出厂价,1039,2025-07-03 00:00:00,1,0,2025-07-03 23:18:35,0,2025-07-03 23:18:35,,,
2025-07-03,滨海新区,二级铸造焦,3550.00,出厂价,1040,2025-07-03 00:00:00,1,0,2025-07-03 23:18:35,0,2025-07-03 23:18:35,,,
2025-07-10,滨海新区,特级铸造焦,3900.00,出厂价,1041,2025-07-10 00:00:00,1,0,2025-07-10 23:18:00,0,2025-07-10 23:18:00,,,
2025-07-10,滨海新区,二级铸造焦,3550.00,出厂价,1042,2025-07-10 00:00:00,1,0,2025-07-10 23:18:00,0,2025-07-10 23:18:00,,,
2025-07-17,滨海新区,特级铸造焦,3900.00,出厂价,1043,2025-07-17 00:00:00,1,0,2025-07-17 23:18:47,0,2025-07-17 23:18:47,,,
2025-07-17,滨海新区,二级铸造焦,3550.00,出厂价,1044,2025-07-17 00:00:00,1,0,2025-07-17 23:18:47,0,2025-07-17 23:18:47,,,
2025-07-24,滨海新区,特级铸造焦,3900.00,出厂价,1045,2025-07-24 00:00:00,1,0,2025-07-24 23:17:27,0,2025-07-24 23:17:27,,,
2025-07-24,滨海新区,二级铸造焦,3550.00,出厂价,1046,2025-07-24 00:00:00,1,0,2025-07-24 23:17:27,0,2025-07-24 23:17:27,,,
2025-07-31,滨海新区,特级铸造焦,3900.00,出厂价,1047,2025-07-31 00:00:00,1,0,2025-07-31 23:19:08,0,2025-07-31 23:19:08,,,
2025-07-31,滨海新区,二级铸造焦,3550.00,出厂价,1048,2025-07-31 00:00:00,1,0,2025-07-31 23:19:08,0,2025-07-31 23:19:08,,,
2025-08-14,滨海新区,二级铸造焦,3550.00,出厂价,1049,2025-08-14 00:00:00,1,0,2025-08-15 23:19:45,0,2025-08-15 23:19:45,,,
2025-08-14,滨海新区,特级铸造焦,3900.00,出厂价,1050,2025-08-14 00:00:00,1,0,2025-08-15 23:19:45,0,2025-08-15 23:19:45,,,
2025-08-07,滨海新区,二级铸造焦,3550.00,出厂价,1051,2025-08-07 00:00:00,1,0,2025-08-15 23:19:45,0,2025-08-15 23:19:45,,,
2025-08-07,滨海新区,特级铸造焦,3900.00,出厂价,1052,2025-08-07 00:00:00,1,0,2025-08-15 23:19:45,0,2025-08-15 23:19:45,,,
2025-08-21,滨海新区,特级铸造焦,3900.00,出厂价,1053,2025-08-21 00:00:00,1,0,2025-08-21 23:18:20,0,2025-08-21 23:18:20,,,
2025-08-21,滨海新区,二级铸造焦,3550.00,出厂价,1054,2025-08-21 00:00:00,1,0,2025-08-21 23:18:20,0,2025-08-21 23:18:20,,,
2025-08-28,滨海新区,特级铸造焦,3900.00,出厂价,1055,2025-08-28 00:00:00,1,0,2025-08-28 23:18:20,0,2025-08-28 23:18:20,,,
2025-08-28,滨海新区,二级铸造焦,3550.00,出厂价,1056,2025-08-28 00:00:00,1,0,2025-08-28 23:18:20,0,2025-08-28 23:18:20,,,
2025-09-04,滨海新区,特级铸造焦,3900.00,出厂价,1057,2025-09-04 00:00:00,1,0,2025-09-04 23:18:24,0,2025-09-04 23:18:24,,,
2025-09-04,滨海新区,二级铸造焦,3550.00,出厂价,1058,2025-09-04 00:00:00,1,0,2025-09-04 23:18:24,0,2025-09-04 23:18:24,,,
2025-09-11,滨海新区,特级铸造焦,3900.00,出厂价,1059,2025-09-11 00:00:00,1,0,2025-09-11 23:18:36,0,2025-09-11 23:18:36,,,
2025-09-11,滨海新区,二级铸造焦,3550.00,出厂价,1060,2025-09-11 00:00:00,1,0,2025-09-11 23:18:36,0,2025-09-11 23:18:36,,,
