时间,项目名称,当期值(亿美元),同比增长(%),累计值(亿美元),累计增长(%),_ID,_DATA_TIME,_ACTIVE,_CREATE_ID,_CREATE_TIME,_UPDATE_ID,_UPDATE_TIME,_REMARK,_CHANGE_LOG,_RESERVE
2024-06,进出口总值,5166.60,3.90,29801.40,2.90,1,2024-06-30 00:00:00,1,0,2024-07-21 05:03:52,0,2024-07-21 05:03:52,,,
2024-06,出口总值,3078.50,8.60,17075.70,3.60,2,2024-06-30 00:00:00,1,0,2024-07-21 05:03:52,0,2024-07-21 05:03:52,,,
2024-06,进口总值,2088.10,-2.30,12725.80,2.00,3,2024-06-30 00:00:00,1,0,2024-07-21 05:03:52,0,2024-07-21 05:03:52,,,
2024-06,进出口差额,990.50,,4349.90,,4,2024-06-30 00:00:00,1,0,2024-07-21 05:03:52,0,2024-07-21 05:03:52,,,
2024-05,进出口总值,5220.70,5.10,24643.20,2.80,5,2024-05-31 00:00:00,1,0,2024-07-21 05:03:52,0,2024-07-21 05:03:52,,,
2024-05,出口总值,3023.50,7.60,14007.60,2.70,6,2024-05-31 00:00:00,1,0,2024-07-21 05:03:52,0,2024-07-21 05:03:52,,,
2024-05,进口总值,2197.30,1.80,10635.60,2.90,7,2024-05-31 00:00:00,1,0,2024-07-21 05:03:52,0,2024-07-21 05:03:52,,,
2024-05,进出口差额,826.20,,3372.10,,8,2024-05-31 00:00:00,1,0,2024-07-21 05:03:52,0,2024-07-21 05:03:52,,,
2024-04,进出口总值,5125.60,4.40,19434.80,2.20,9,2024-04-30 00:00:00,1,0,2024-07-21 05:03:52,0,2024-07-21 05:03:52,,,
2024-04,出口总值,2924.50,1.50,10995.70,1.50,10,2024-04-30 00:00:00,1,0,2024-07-21 05:03:52,0,2024-07-21 05:03:52,,,
2024-04,进口总值,2201.00,8.40,8439.10,3.20,11,2024-04-30 00:00:00,1,0,2024-07-21 05:03:52,0,2024-07-21 05:03:52,,,
2024-04,进出口差额,723.50,,2556.60,,12,2024-04-30 00:00:00,1,0,2024-07-21 05:03:52,0,2024-07-21 05:03:52,,,
2024-03,进出口总值,5008.10,-5.10,14313.40,1.50,13,2024-03-31 00:00:00,1,0,2024-07-21 05:03:52,0,2024-07-21 05:03:52,,,
2024-03,出口总值,2796.80,-7.50,8075.00,1.50,14,2024-03-31 00:00:00,1,0,2024-07-21 05:03:52,0,2024-07-21 05:03:52,,,
2024-03,进口总值,2211.30,-1.90,6238.40,1.50,15,2024-03-31 00:00:00,1,0,2024-07-21 05:03:52,0,2024-07-21 05:03:52,,,
2024-03,进出口差额,585.50,,1836.60,,16,2024-03-31 00:00:00,1,0,2024-07-21 05:03:52,0,2024-07-21 05:03:52,,,
2024-02,进出口总值,0.00,0.00,9308.60,5.50,17,2024-02-29 00:00:00,1,0,2024-07-21 05:03:52,0,2024-07-21 05:03:52,,,
2024-02,出口总值,0.00,0.00,5280.10,7.10,18,2024-02-29 00:00:00,1,0,2024-07-21 05:03:52,0,2024-07-21 05:03:52,,,
2024-02,进口总值,0.00,0.00,4028.50,3.50,19,2024-02-29 00:00:00,1,0,2024-07-21 05:03:52,0,2024-07-21 05:03:52,,,
2024-02,进出口差额,0.00,,1251.60,,20,2024-02-29 00:00:00,1,0,2024-07-21 05:03:52,0,2024-07-21 05:03:52,,,
2023-12,进出口总值,5319.00,1.40,59368.30,-5.00,21,2023-12-31 00:00:00,1,0,2024-07-21 05:03:52,0,2024-07-21 05:03:52,,,
2023-12,出口总值,3036.20,2.30,33800.20,-4.60,22,2023-12-31 00:00:00,1,0,2024-07-21 05:03:52,0,2024-07-21 05:03:52,,,
2023-12,进口总值,2282.80,0.20,25568.00,-5.50,23,2023-12-31 00:00:00,1,0,2024-07-21 05:03:52,0,2024-07-21 05:03:52,,,
2023-12,进出口差额,753.40,,8232.20,,24,2023-12-31 00:00:00,1,0,2024-07-21 05:03:52,0,2024-07-21 05:03:52,,,
2023-11,进出口总值,5154.70,0.00,54066.40,-5.60,25,2023-11-30 00:00:00,1,0,2024-07-21 05:03:52,0,2024-07-21 05:03:52,,,
2023-11,出口总值,2919.30,0.50,30773.80,-5.20,26,2023-11-30 00:00:00,1,0,2024-07-21 05:03:52,0,2024-07-21 05:03:52,,,
2023-11,进口总值,2235.40,-0.60,23292.60,-6.00,27,2023-11-30 00:00:00,1,0,2024-07-21 05:03:52,0,2024-07-21 05:03:52,,,
2023-11,进出口差额,684.00,,7481.30,,28,2023-11-30 00:00:00,1,0,2024-07-21 05:03:52,0,2024-07-21 05:03:52,,,
2023-10,进出口总值,4931.30,-2.50,48999.60,-6.00,29,2023-10-31 00:00:00,1,0,2024-07-21 05:03:52,0,2024-07-21 05:03:52,,,
2023-10,出口总值,2748.30,-6.40,27920.00,-5.60,30,2023-10-31 00:00:00,1,0,2024-07-21 05:03:52,0,2024-07-21 05:03:52,,,
2023-10,进口总值,2183.00,3.00,21079.60,-6.50,31,2023-10-31 00:00:00,1,0,2024-07-21 05:03:56,0,2024-07-21 05:03:56,,,
2023-10,进出口差额,565.30,,6840.40,,32,2023-10-31 00:00:00,1,0,2024-07-21 05:03:56,0,2024-07-21 05:03:56,,,
2023-09,进出口总值,5205.50,-6.20,44103.10,-6.40,33,2023-09-30 00:00:00,1,0,2024-07-21 05:03:56,0,2024-07-21 05:03:56,,,
2023-09,出口总值,2991.30,-6.20,25203.10,-5.70,34,2023-09-30 00:00:00,1,0,2024-07-21 05:03:56,0,2024-07-21 05:03:56,,,
2023-09,进口总值,2214.20,-6.20,18900.00,-7.50,35,2023-09-30 00:00:00,1,0,2024-07-21 05:03:56,0,2024-07-21 05:03:56,,,
2023-09,进出口差额,777.10,,6303.00,,36,2023-09-30 00:00:00,1,0,2024-07-21 05:03:56,0,2024-07-21 05:03:56,,,
2023-08,进出口总值,5013.80,-8.20,38932.30,-6.50,37,2023-08-31 00:00:00,1,0,2024-07-21 05:03:56,0,2024-07-21 05:03:56,,,
2023-08,出口总值,2848.70,-8.80,22233.20,-5.60,38,2023-08-31 00:00:00,1,0,2024-07-21 05:03:56,0,2024-07-21 05:03:56,,,
2023-08,进口总值,2165.10,-7.30,16699.20,-7.60,39,2023-08-31 00:00:00,1,0,2024-07-21 05:03:56,0,2024-07-21 05:03:56,,,
2023-08,进出口差额,683.60,,5534.00,,40,2023-08-31 00:00:00,1,0,2024-07-21 05:03:56,0,2024-07-21 05:03:56,,,
2023-07,进出口总值,4829.20,-13.60,34002.40,-6.10,41,2023-07-31 00:00:00,1,0,2024-07-21 05:03:56,0,2024-07-21 05:03:56,,,
2023-07,出口总值,2817.60,-14.50,19449.00,-5.00,42,2023-07-31 00:00:00,1,0,2024-07-21 05:03:56,0,2024-07-21 05:03:56,,,
2023-07,进口总值,2011.60,-12.40,14553.40,-7.60,43,2023-07-31 00:00:00,1,0,2024-07-21 05:03:56,0,2024-07-21 05:03:56,,,
2023-07,进出口差额,806.00,,4895.70,,44,2023-07-31 00:00:00,1,0,2024-07-21 05:03:56,0,2024-07-21 05:03:56,,,
2023-06,进出口总值,5000.20,-10.10,29181.70,-4.70,45,2023-06-30 00:00:00,1,0,2024-07-21 05:03:56,0,2024-07-21 05:03:56,,,
2023-06,出口总值,2853.20,-12.40,16634.30,-3.20,46,2023-06-30 00:00:00,1,0,2024-07-21 05:03:56,0,2024-07-21 05:03:56,,,
2023-06,进口总值,2147.00,-6.80,12547.40,-6.70,47,2023-06-30 00:00:00,1,0,2024-07-21 05:03:56,0,2024-07-21 05:03:56,,,
2023-06,进出口差额,706.20,,4086.90,,48,2023-06-30 00:00:00,1,0,2024-07-21 05:03:56,0,2024-07-21 05:03:56,,,
2023-05,进出口总值,5011.90,-6.20,24412.30,-2.80,49,2023-05-31 00:00:00,1,0,2024-07-21 05:03:56,0,2024-07-21 05:03:56,,,
2023-05,出口总值,2835.00,-7.50,14003.50,0.30,50,2023-05-31 00:00:00,1,0,2024-07-21 05:03:56,0,2024-07-21 05:03:56,,,
2023-05,进口总值,2176.90,-4.50,10408.80,-6.70,51,2023-05-31 00:00:00,1,0,2024-07-21 05:03:56,0,2024-07-21 05:03:56,,,
2023-05,进出口差额,658.10,,3594.80,,52,2023-05-31 00:00:00,1,0,2024-07-21 05:03:56,0,2024-07-21 05:03:56,,,
2023-04,进出口总值,5006.30,1.10,19397.20,-1.90,53,2023-04-30 00:00:00,1,0,2024-07-21 05:03:56,0,2024-07-21 05:03:56,,,
2023-04,出口总值,2954.20,8.50,11169.60,2.50,54,2023-04-30 00:00:00,1,0,2024-07-21 05:03:56,0,2024-07-21 05:03:56,,,
2023-04,进口总值,2052.10,-7.90,8227.60,-7.30,55,2023-04-30 00:00:00,1,0,2024-07-21 05:03:56,0,2024-07-21 05:03:56,,,
2023-04,进出口差额,902.10,,2941.90,,56,2023-04-30 00:00:00,1,0,2024-07-21 05:03:56,0,2024-07-21 05:03:56,,,
2023-03,进出口总值,5429.90,7.40,14389.50,-2.90,57,2023-03-31 00:00:00,1,0,2024-07-21 05:03:56,0,2024-07-21 05:03:56,,,
2023-03,出口总值,3155.90,14.80,8218.30,0.50,58,2023-03-31 00:00:00,1,0,2024-07-21 05:03:56,0,2024-07-21 05:03:56,,,
2023-03,进口总值,2274.00,-1.40,6171.20,-7.10,59,2023-03-31 00:00:00,1,0,2024-07-21 05:03:56,0,2024-07-21 05:03:56,,,
2023-03,进出口差额,881.90,,2047.10,,60,2023-03-31 00:00:00,1,0,2024-07-21 05:03:56,0,2024-07-21 05:03:56,,,
2023-02,进出口总值,0.00,0.00,8957.20,-8.30,61,2023-02-28 00:00:00,1,0,2024-07-21 05:03:58,0,2024-07-21 05:03:58,,,
2023-02,出口总值,0.00,0.00,5063.00,-6.80,62,2023-02-28 00:00:00,1,0,2024-07-21 05:03:58,0,2024-07-21 05:03:58,,,
2023-02,进口总值,0.00,0.00,3894.20,-10.20,63,2023-02-28 00:00:00,1,0,2024-07-21 05:03:58,0,2024-07-21 05:03:58,,,
2023-02,进出口差额,0.00,,1168.90,,64,2023-02-28 00:00:00,1,0,2024-07-21 05:03:58,0,2024-07-21 05:03:58,,,
2022-12,进出口总值,5341.40,-8.90,63096.00,4.40,65,2022-12-31 00:00:00,1,0,2024-07-21 05:03:58,0,2024-07-21 05:03:58,,,
2022-12,出口总值,3060.80,-9.90,35936.00,7.00,66,2022-12-31 00:00:00,1,0,2024-07-21 05:03:58,0,2024-07-21 05:03:58,,,
2022-12,进口总值,2280.70,-7.50,27160.00,1.10,67,2022-12-31 00:00:00,1,0,2024-07-21 05:03:58,0,2024-07-21 05:03:58,,,
2022-12,进出口差额,780.10,,8776.00,,68,2022-12-31 00:00:00,1,0,2024-07-21 05:03:58,0,2024-07-21 05:03:58,,,
2022-11,进出口总值,5223.40,-9.50,57813.90,5.90,69,2022-11-30 00:00:00,1,0,2024-07-21 05:03:58,0,2024-07-21 05:03:58,,,
2022-11,出口总值,2960.90,-8.70,32917.20,9.10,70,2022-11-30 00:00:00,1,0,2024-07-21 05:03:58,0,2024-07-21 05:03:58,,,
2022-11,进口总值,2262.50,-10.60,24896.70,2.00,71,2022-11-30 00:00:00,1,0,2024-07-21 05:03:58,0,2024-07-21 05:03:58,,,
2022-11,进出口差额,698.40,,8020.40,,72,2022-11-30 00:00:00,1,0,2024-07-21 05:03:58,0,2024-07-21 05:03:58,,,
2022-10,进出口总值,5115.90,-0.40,52568.00,7.70,73,2022-10-31 00:00:00,1,0,2024-07-21 05:03:58,0,2024-07-21 05:03:58,,,
2022-10,出口总值,2983.70,-0.30,29922.50,11.10,74,2022-10-31 00:00:00,1,0,2024-07-21 05:03:58,0,2024-07-21 05:03:58,,,
2022-10,进口总值,2132.20,-0.70,22645.50,3.50,75,2022-10-31 00:00:00,1,0,2024-07-21 05:03:58,0,2024-07-21 05:03:58,,,
2022-10,进出口差额,851.50,,7277.00,,76,2022-10-31 00:00:00,1,0,2024-07-21 05:03:58,0,2024-07-21 05:03:58,,,
2022-09,进出口总值,5607.70,3.40,47520.40,8.70,77,2022-09-30 00:00:00,1,0,2024-07-21 05:03:58,0,2024-07-21 05:03:58,,,
2022-09,出口总值,3227.60,5.70,26985.90,12.50,78,2022-09-30 00:00:00,1,0,2024-07-21 05:03:58,0,2024-07-21 05:03:58,,,
2022-09,进口总值,2380.10,0.30,20534.40,4.10,79,2022-09-30 00:00:00,1,0,2024-07-21 05:03:58,0,2024-07-21 05:03:58,,,
2022-09,进出口差额,847.40,,6451.50,,80,2022-09-30 00:00:00,1,0,2024-07-21 05:03:58,0,2024-07-21 05:03:58,,,
2022-08,进出口总值,5504.50,4.10,41914.20,9.50,81,2022-08-31 00:00:00,1,0,2024-07-21 05:03:58,0,2024-07-21 05:03:58,,,
2022-08,出口总值,3149.20,7.10,23759.70,13.50,82,2022-08-31 00:00:00,1,0,2024-07-21 05:03:58,0,2024-07-21 05:03:58,,,
2022-08,进口总值,2355.30,0.30,18154.50,4.60,83,2022-08-31 00:00:00,1,0,2024-07-21 05:03:58,0,2024-07-21 05:03:58,,,
2022-08,进出口差额,793.90,,5605.20,,84,2022-08-31 00:00:00,1,0,2024-07-21 05:03:58,0,2024-07-21 05:03:58,,,
2022-07,进出口总值,5646.60,11.00,36430.70,10.40,85,2022-07-31 00:00:00,1,0,2024-07-21 05:03:58,0,2024-07-21 05:03:58,,,
2022-07,出口总值,3329.60,18.00,20626.80,14.60,86,2022-07-31 00:00:00,1,0,2024-07-21 05:03:58,0,2024-07-21 05:03:58,,,
2022-07,进口总值,2317.00,2.30,15803.80,5.30,87,2022-07-31 00:00:00,1,0,2024-07-21 05:03:58,0,2024-07-21 05:03:58,,,
2022-07,进出口差额,1012.70,,4823.00,,88,2022-07-31 00:00:00,1,0,2024-07-21 05:03:58,0,2024-07-21 05:03:58,,,
2022-06,进出口总值,5645.90,10.30,30791.20,10.30,89,2022-06-30 00:00:00,1,0,2024-07-21 05:03:58,0,2024-07-21 05:03:58,,,
2022-06,出口总值,3312.60,17.90,17322.80,14.20,90,2022-06-30 00:00:00,1,0,2024-07-21 05:03:58,0,2024-07-21 05:03:58,,,
2022-06,进口总值,2333.20,1.00,13468.40,5.70,91,2022-06-30 00:00:00,1,0,2024-07-21 05:04:02,0,2024-07-21 05:04:02,,,
2022-06,进出口差额,979.40,,3854.40,,92,2022-06-30 00:00:00,1,0,2024-07-21 05:04:02,0,2024-07-21 05:04:02,,,
2022-05,进出口总值,5377.40,11.10,25146.80,10.30,93,2022-05-31 00:00:00,1,0,2024-07-21 05:04:02,0,2024-07-21 05:04:02,,,
2022-05,出口总值,3082.40,16.90,14025.70,13.50,94,2022-05-31 00:00:00,1,0,2024-07-21 05:04:02,0,2024-07-21 05:04:02,,,
2022-05,进口总值,2294.90,4.10,11121.10,6.60,95,2022-05-31 00:00:00,1,0,2024-07-21 05:04:02,0,2024-07-21 05:04:02,,,
2022-05,进出口差额,787.50,,2904.60,,96,2022-05-31 00:00:00,1,0,2024-07-21 05:04:02,0,2024-07-21 05:04:02,,,
2022-04,进出口总值,4961.20,2.10,19757.80,10.10,97,2022-04-30 00:00:00,1,0,2024-07-21 05:04:02,0,2024-07-21 05:04:02,,,
2022-04,出口总值,2736.20,3.90,10943.50,12.50,98,2022-04-30 00:00:00,1,0,2024-07-21 05:04:02,0,2024-07-21 05:04:02,,,
2022-04,进口总值,2225.00,0.00,8814.20,7.10,99,2022-04-30 00:00:00,1,0,2024-07-21 05:04:02,0,2024-07-21 05:04:02,,,
2022-04,进出口差额,511.20,,2129.30,,100,2022-04-30 00:00:00,1,0,2024-07-21 05:04:02,0,2024-07-21 05:04:02,,,
2022-03,进出口总值,5047.90,7.50,14789.00,13.00,101,2022-03-31 00:00:00,1,0,2024-07-21 05:04:02,0,2024-07-21 05:04:02,,,
2022-03,出口总值,2760.80,14.70,8209.20,15.80,102,2022-03-31 00:00:00,1,0,2024-07-21 05:04:02,0,2024-07-21 05:04:02,,,
2022-03,进口总值,2287.00,-0.10,6579.80,9.60,103,2022-03-31 00:00:00,1,0,2024-07-21 05:04:02,0,2024-07-21 05:04:02,,,
2022-03,进出口差额,473.80,,1629.40,,104,2022-03-31 00:00:00,1,0,2024-07-21 05:04:02,0,2024-07-21 05:04:02,,,
2022-02,进出口总值,0.00,0.00,9734.50,15.90,105,2022-02-28 00:00:00,1,0,2024-07-21 05:04:02,0,2024-07-21 05:04:02,,,
2022-02,出口总值,0.00,0.00,5447.00,16.30,106,2022-02-28 00:00:00,1,0,2024-07-21 05:04:02,0,2024-07-21 05:04:02,,,
2022-02,进口总值,0.00,0.00,4287.50,15.50,107,2022-02-28 00:00:00,1,0,2024-07-21 05:04:02,0,2024-07-21 05:04:02,,,
2022-02,进出口差额,0.00,,1159.60,,108,2022-02-28 00:00:00,1,0,2024-07-21 05:04:02,0,2024-07-21 05:04:02,,,
2021-12,进出口总值,5865.30,20.30,60514.90,30.00,109,2021-12-31 00:00:00,1,0,2024-07-21 05:04:02,0,2024-07-21 05:04:02,,,
2021-12,出口总值,3405.00,20.90,33639.60,29.90,110,2021-12-31 00:00:00,1,0,2024-07-21 05:04:02,0,2024-07-21 05:04:02,,,
2021-12,进口总值,2460.40,19.50,26875.30,30.10,111,2021-12-31 00:00:00,1,0,2024-07-21 05:04:02,0,2024-07-21 05:04:02,,,
2021-12,进出口差额,944.60,,6764.30,,112,2021-12-31 00:00:00,1,0,2024-07-21 05:04:02,0,2024-07-21 05:04:02,,,
2021-11,进出口总值,5793.40,26.10,54711.80,31.30,113,2021-11-30 00:00:00,1,0,2024-07-21 05:04:02,0,2024-07-21 05:04:02,,,
2021-11,出口总值,3255.30,22.00,30264.50,31.10,114,2021-11-30 00:00:00,1,0,2024-07-21 05:04:02,0,2024-07-21 05:04:02,,,
2021-11,进口总值,2538.10,31.70,24447.30,31.40,115,2021-11-30 00:00:00,1,0,2024-07-21 05:04:02,0,2024-07-21 05:04:02,,,
2021-11,进出口差额,717.10,,5817.10,,116,2021-11-30 00:00:00,1,0,2024-07-21 05:04:02,0,2024-07-21 05:04:02,,,
2021-10,进出口总值,5159.00,24.30,48916.40,31.90,117,2021-10-31 00:00:00,1,0,2024-07-21 05:04:02,0,2024-07-21 05:04:02,,,
2021-10,出口总值,3002.20,27.10,27011.40,32.30,118,2021-10-31 00:00:00,1,0,2024-07-21 05:04:02,0,2024-07-21 05:04:02,,,
2021-10,进口总值,2156.80,20.60,21905.00,31.40,119,2021-10-31 00:00:00,1,0,2024-07-21 05:04:02,0,2024-07-21 05:04:02,,,
2021-10,进出口差额,845.40,,5106.30,,120,2021-10-31 00:00:00,1,0,2024-07-21 05:04:02,0,2024-07-21 05:04:02,,,
2021-09,进出口总值,5447.20,23.30,43741.10,32.80,121,2021-09-30 00:00:00,1,0,2024-07-21 05:04:05,0,2024-07-21 05:04:05,,,
2021-09,出口总值,3057.40,28.10,24008.20,33.00,122,2021-09-30 00:00:00,1,0,2024-07-21 05:04:05,0,2024-07-21 05:04:05,,,
2021-09,进口总值,2389.80,17.60,19732.90,32.60,123,2021-09-30 00:00:00,1,0,2024-07-21 05:04:05,0,2024-07-21 05:04:05,,,
2021-09,进出口差额,667.60,,4275.40,,124,2021-09-30 00:00:00,1,0,2024-07-21 05:04:05,0,2024-07-21 05:04:05,,,
2021-08,进出口总值,5303.00,28.80,38277.90,34.20,125,2021-08-31 00:00:00,1,0,2024-07-21 05:04:05,0,2024-07-21 05:04:05,,,
2021-08,出口总值,2943.20,25.60,20951.40,33.70,126,2021-08-31 00:00:00,1,0,2024-07-21 05:04:05,0,2024-07-21 05:04:05,,,
2021-08,进口总值,2359.80,33.10,17326.50,34.80,127,2021-08-31 00:00:00,1,0,2024-07-21 05:04:05,0,2024-07-21 05:04:05,,,
2021-08,进出口差额,583.30,,3624.90,,128,2021-08-31 00:00:00,1,0,2024-07-21 05:04:05,0,2024-07-21 05:04:05,,,
2021-07,进出口总值,5087.40,23.10,32956.30,35.10,129,2021-07-31 00:00:00,1,0,2024-07-21 05:04:05,0,2024-07-21 05:04:05,,,
2021-07,出口总值,2826.60,19.30,18008.70,35.20,130,2021-07-31 00:00:00,1,0,2024-07-21 05:04:05,0,2024-07-21 05:04:05,,,
2021-07,进口总值,2260.70,28.10,14947.60,34.90,131,2021-07-31 00:00:00,1,0,2024-07-21 05:04:05,0,2024-07-21 05:04:05,,,
2021-07,进出口差额,565.90,,3061.20,,132,2021-07-31 00:00:00,1,0,2024-07-21 05:04:05,0,2024-07-21 05:04:05,,,
2021-06,进出口总值,5113.10,34.20,27852.00,37.40,133,2021-06-30 00:00:00,1,0,2024-07-21 05:04:05,0,2024-07-21 05:04:05,,,
2021-06,出口总值,2814.20,32.20,15183.60,38.60,134,2021-06-30 00:00:00,1,0,2024-07-21 05:04:05,0,2024-07-21 05:04:05,,,
2021-06,进出口差额,515.30,,2515.20,,135,2021-06-30 00:00:00,1,0,2024-07-21 05:04:05,0,2024-07-21 05:04:05,,,
2021-06,进口总值,2298.90,36.70,12668.40,36.00,136,2021-06-30 00:00:00,1,0,2024-07-21 05:04:05,0,2024-07-21 05:04:05,,,
2021-05,进出口总值,4823.10,37.40,22717.50,38.10,137,2021-05-31 00:00:00,1,0,2024-07-21 05:04:05,0,2024-07-21 05:04:05,,,
2021-05,出口总值,2639.20,27.90,12376.00,40.20,138,2021-05-31 00:00:00,1,0,2024-07-21 05:04:05,0,2024-07-21 05:04:05,,,
2021-05,进出口差额,455.40,,2034.50,,139,2021-05-31 00:00:00,1,0,2024-07-21 05:04:05,0,2024-07-21 05:04:05,,,
2021-05,进口总值,2183.80,51.10,10341.50,35.60,140,2021-05-31 00:00:00,1,0,2024-07-21 05:04:05,0,2024-07-21 05:04:05,,,
2021-04,进出口总值,4849.90,37.00,17894.90,38.20,141,2021-04-30 00:00:00,1,0,2024-07-21 05:04:05,0,2024-07-21 05:04:05,,,
2021-04,出口总值,2639.20,32.30,9737.00,44.00,142,2021-04-30 00:00:00,1,0,2024-07-21 05:04:05,0,2024-07-21 05:04:05,,,
2021-04,进口总值,2210.60,43.10,8157.90,31.90,143,2021-04-30 00:00:00,1,0,2024-07-21 05:04:05,0,2024-07-21 05:04:05,,,
2021-04,进出口差额,428.60,,1579.00,,144,2021-04-30 00:00:00,1,0,2024-07-21 05:04:05,0,2024-07-21 05:04:05,,,
2021-03,进出口总值,4684.70,34.20,13036.00,38.60,145,2021-03-31 00:00:00,1,0,2024-07-21 05:04:05,0,2024-07-21 05:04:05,,,
2021-03,出口总值,2411.30,30.60,7099.80,49.00,146,2021-03-31 00:00:00,1,0,2024-07-21 05:04:05,0,2024-07-21 05:04:05,,,
2021-03,进口总值,2273.40,38.10,5936.20,28.00,147,2021-03-31 00:00:00,1,0,2024-07-21 05:04:05,0,2024-07-21 05:04:05,,,
2021-03,进出口差额,138.00,,1163.50,,148,2021-03-31 00:00:00,1,0,2024-07-21 05:04:05,0,2024-07-21 05:04:05,,,
2021-02,进出口总值,,,8344.90,42.10,149,2021-02-28 00:00:00,1,0,2024-07-21 05:04:05,0,2024-07-21 05:04:05,,,
2021-02,出口总值,,,4688.70,60.60,150,2021-02-28 00:00:00,1,0,2024-07-21 05:04:05,0,2024-07-21 05:04:05,,,
2021-02,进口总值,,,3656.20,22.20,151,2021-02-28 00:00:00,1,0,2024-07-21 05:04:08,0,2024-07-21 05:04:08,,,
2021-02,进出口差额,,,1032.60,,152,2021-02-28 00:00:00,1,0,2024-07-21 05:04:08,0,2024-07-21 05:04:08,,,
2020-12,进出口总值,4856.80,12.90,46462.60,1.50,153,2020-12-31 00:00:00,1,0,2024-07-21 05:04:08,0,2024-07-21 05:04:08,,,
2020-12,出口总值,2819.30,18.10,25906.50,3.60,154,2020-12-31 00:00:00,1,0,2024-07-21 05:04:08,0,2024-07-21 05:04:08,,,
2020-12,进口总值,2037.50,6.50,20556.10,-1.10,155,2020-12-31 00:00:00,1,0,2024-07-21 05:04:08,0,2024-07-21 05:04:08,,,
2020-12,进出口差额,781.70,,5350.30,,156,2020-12-31 00:00:00,1,0,2024-07-21 05:04:08,0,2024-07-21 05:04:08,,,
2020-11,进出口总值,4607.20,13.60,41733.80,0.60,157,2020-11-30 00:00:00,1,0,2024-07-21 05:04:08,0,2024-07-21 05:04:08,,,
2020-11,出口总值,2680.70,21.10,23166.50,2.50,158,2020-11-30 00:00:00,1,0,2024-07-21 05:04:08,0,2024-07-21 05:04:08,,,
2020-11,进口总值,1926.50,4.50,18567.30,-1.60,159,2020-11-30 00:00:00,1,0,2024-07-21 05:04:08,0,2024-07-21 05:04:08,,,
2020-11,进出口差额,754.30,,4599.20,,160,2020-11-30 00:00:00,1,0,2024-07-21 05:04:08,0,2024-07-21 05:04:08,,,
2020-10,进出口总值,4159.20,8.40,37126.60,-0.80,161,2020-10-31 00:00:00,1,0,2024-07-21 05:04:08,0,2024-07-21 05:04:08,,,
2020-10,出口总值,2371.80,11.40,20485.80,0.50,162,2020-10-31 00:00:00,1,0,2024-07-21 05:04:08,0,2024-07-21 05:04:08,,,
2020-10,进口总值,1787.40,4.70,16640.80,-2.30,163,2020-10-31 00:00:00,1,0,2024-07-21 05:04:08,0,2024-07-21 05:04:08,,,
2020-10,进出口差额,584.40,,3845.00,,164,2020-10-31 00:00:00,1,0,2024-07-21 05:04:08,0,2024-07-21 05:04:08,,,
2020-09,进出口总值,4425.20,11.40,32967.40,-1.80,165,2020-09-30 00:00:00,1,0,2024-07-21 05:04:08,0,2024-07-21 05:04:08,,,
2020-09,出口总值,2397.60,9.90,18113.90,-0.80,166,2020-09-30 00:00:00,1,0,2024-07-21 05:04:08,0,2024-07-21 05:04:08,,,
2020-09,进口总值,2027.60,13.20,14853.40,-3.10,167,2020-09-30 00:00:00,1,0,2024-07-21 05:04:08,0,2024-07-21 05:04:08,,,
2020-09,进出口差额,370.00,,3260.50,,168,2020-09-30 00:00:00,1,0,2024-07-21 05:04:08,0,2024-07-21 05:04:08,,,
2020-08,进出口总值,4115.90,4.20,28542.20,-3.60,169,2020-08-31 00:00:00,1,0,2024-07-21 05:04:08,0,2024-07-21 05:04:08,,,
2020-08,出口总值,2352.60,9.50,15716.40,-2.30,170,2020-08-31 00:00:00,1,0,2024-07-21 05:04:08,0,2024-07-21 05:04:08,,,
2020-08,进口总值,1763.30,-2.10,12825.80,-5.20,171,2020-08-31 00:00:00,1,0,2024-07-21 05:04:08,0,2024-07-21 05:04:08,,,
2020-08,进出口差额,589.30,,2890.60,,172,2020-08-31 00:00:00,1,0,2024-07-21 05:04:08,0,2024-07-21 05:04:08,,,
2020-07,进出口总值,4129.30,3.40,24426.30,-4.80,173,2020-07-31 00:00:00,1,0,2024-07-21 05:04:08,0,2024-07-21 05:04:08,,,
2020-07,出口总值,2376.30,7.20,13363.80,-4.10,174,2020-07-31 00:00:00,1,0,2024-07-21 05:04:08,0,2024-07-21 05:04:08,,,
2020-07,进口总值,1753.00,-1.40,11062.50,-5.70,175,2020-07-31 00:00:00,1,0,2024-07-21 05:04:08,0,2024-07-21 05:04:08,,,
2020-07,进出口差额,623.30,,2301.30,,176,2020-07-31 00:00:00,1,0,2024-07-21 05:04:08,0,2024-07-21 05:04:08,,,
2020-06,进出口总值,3807.30,1.50,20296.90,-6.60,177,2020-06-30 00:00:00,1,0,2024-07-21 05:04:08,0,2024-07-21 05:04:08,,,
2020-06,出口总值,2135.70,0.50,10987.50,-6.20,178,2020-06-30 00:00:00,1,0,2024-07-21 05:04:08,0,2024-07-21 05:04:08,,,
2020-06,进口总值,1671.50,2.70,9309.50,-7.10,179,2020-06-30 00:00:00,1,0,2024-07-21 05:04:08,0,2024-07-21 05:04:08,,,
2020-06,进出口差额,464.20,,1678.00,,180,2020-06-30 00:00:00,1,0,2024-07-21 05:04:08,0,2024-07-21 05:04:08,,,
2020-05,进出口总值,3507.00,-9.30,16486.20,-8.00,181,2020-05-31 00:00:00,1,0,2024-07-21 05:04:11,0,2024-07-21 05:04:11,,,
2020-05,出口总值,2068.10,-3.30,8849.90,-7.70,182,2020-05-31 00:00:00,1,0,2024-07-21 05:04:11,0,2024-07-21 05:04:11,,,
2020-05,进口总值,1438.90,-16.70,7636.30,-8.20,183,2020-05-31 00:00:00,1,0,2024-07-21 05:04:11,0,2024-07-21 05:04:11,,,
2020-05,进出口差额,629.30,,1213.60,,184,2020-05-31 00:00:00,1,0,2024-07-21 05:04:11,0,2024-07-21 05:04:11,,,
2020-04,进出口总值,3552.20,-5.00,12983.30,-7.50,185,2020-04-30 00:00:00,1,0,2024-07-21 05:04:11,0,2024-07-21 05:04:11,,,
2020-04,出口总值,2002.80,3.50,6782.80,-9.00,186,2020-04-30 00:00:00,1,0,2024-07-21 05:04:11,0,2024-07-21 05:04:11,,,
2020-04,进口总值,1549.40,-14.20,6200.50,-5.90,187,2020-04-30 00:00:00,1,0,2024-07-21 05:04:11,0,2024-07-21 05:04:11,,,
2020-04,进出口差额,453.40,,582.40,,188,2020-04-30 00:00:00,1,0,2024-07-21 05:04:11,0,2024-07-21 05:04:11,,,
2020-03,进出口总值,3504.00,-4.00,9432.20,-8.40,189,2020-03-31 00:00:00,1,0,2024-07-21 05:04:11,0,2024-07-21 05:04:11,,,
2020-03,出口总值,1851.50,-6.60,4782.10,-13.30,190,2020-03-31 00:00:00,1,0,2024-07-21 05:04:11,0,2024-07-21 05:04:11,,,
2020-03,进口总值,1652.50,-0.90,4650.10,-2.90,191,2020-03-31 00:00:00,1,0,2024-07-21 05:04:11,0,2024-07-21 05:04:11,,,
2020-03,进出口差额,199.00,,132.00,,192,2020-03-31 00:00:00,1,0,2024-07-21 05:04:11,0,2024-07-21 05:04:11,,,
2020-02,进出口总值,,,5919.90,-11.00,193,2020-02-29 00:00:00,1,0,2024-07-21 05:04:11,0,2024-07-21 05:04:11,,,
2020-02,出口总值,,,2924.50,-17.20,194,2020-02-29 00:00:00,1,0,2024-07-21 05:04:11,0,2024-07-21 05:04:11,,,
2020-02,进口总值,,,2995.40,-4.00,195,2020-02-29 00:00:00,1,0,2024-07-21 05:04:11,0,2024-07-21 05:04:11,,,
2020-02,进出口差额,,,-71.00,,196,2020-02-29 00:00:00,1,0,2024-07-21 05:04:11,0,2024-07-21 05:04:11,,,
2019-12,进出口总值,4285.00,11.30,45753.00,-1.00,197,2019-12-31 00:00:00,1,0,2024-07-21 05:04:11,0,2024-07-21 05:04:11,,,
2019-12,出口总值,2376.50,7.60,24984.10,0.50,198,2019-12-31 00:00:00,1,0,2024-07-21 05:04:11,0,2024-07-21 05:04:11,,,
2019-12,进口总值,1908.50,16.30,20768.90,-2.80,199,2019-12-31 00:00:00,1,0,2024-07-21 05:04:11,0,2024-07-21 05:04:11,,,
2019-12,进出口差额,467.90,,4215.10,,200,2019-12-31 00:00:00,1,0,2024-07-21 05:04:11,0,2024-07-21 05:04:11,,,
2019-11,进出口总值,4047.50,-0.50,41426.90,-2.20,201,2019-11-30 00:00:00,1,0,2024-07-21 05:04:11,0,2024-07-21 05:04:11,,,
2019-11,出口总值,2217.40,-1.10,22601.40,-0.30,202,2019-11-30 00:00:00,1,0,2024-07-21 05:04:11,0,2024-07-21 05:04:11,,,
2019-11,进口总值,1830.10,0.30,18825.40,-4.50,203,2019-11-30 00:00:00,1,0,2024-07-21 05:04:11,0,2024-07-21 05:04:11,,,
2019-11,进出口差额,387.30,,3776.00,,204,2019-11-30 00:00:00,1,0,2024-07-21 05:04:11,0,2024-07-21 05:04:11,,,
2019-10,进出口总值,3830.50,-3.40,37356.30,-2.50,205,2019-10-31 00:00:00,1,0,2024-07-21 05:04:11,0,2024-07-21 05:04:11,,,
2019-10,出口总值,2129.30,-0.90,20379.60,-0.20,206,2019-10-31 00:00:00,1,0,2024-07-21 05:04:11,0,2024-07-21 05:04:11,,,
2019-10,进口总值,1701.20,-6.40,16976.70,-5.10,207,2019-10-31 00:00:00,1,0,2024-07-21 05:04:11,0,2024-07-21 05:04:11,,,
2019-10,进出口差额,428.10,,3402.90,,208,2019-10-31 00:00:00,1,0,2024-07-21 05:04:11,0,2024-07-21 05:04:11,,,
2019-09,进出口总值,3966.00,-5.70,33517.80,-2.40,209,2019-09-30 00:00:00,1,0,2024-07-21 05:04:11,0,2024-07-21 05:04:11,,,
2019-09,出口总值,2181.20,-3.20,18251.10,-0.10,210,2019-09-30 00:00:00,1,0,2024-07-21 05:04:11,0,2024-07-21 05:04:11,,,
2019-09,进口总值,1784.70,-8.50,15266.70,-5.00,211,2019-09-30 00:00:00,1,0,2024-07-21 05:04:13,0,2024-07-21 05:04:13,,,
2019-09,进出口差额,396.50,,2984.30,,212,2019-09-30 00:00:00,1,0,2024-07-21 05:04:13,0,2024-07-21 05:04:13,,,
2019-08,进出口总值,3947.46,-3.20,29547.90,-2.00,213,2019-08-31 00:00:00,1,0,2024-07-21 05:04:13,0,2024-07-21 05:04:13,,,
2019-08,出口总值,2147.86,-1.00,16070.28,0.40,214,2019-08-31 00:00:00,1,0,2024-07-21 05:04:13,0,2024-07-21 05:04:13,,,
2019-08,进口总值,1799.60,-5.60,13477.63,-4.60,215,2019-08-31 00:00:00,1,0,2024-07-21 05:04:13,0,2024-07-21 05:04:13,,,
2019-08,进出口差额,348.26,,2592.65,,216,2019-08-31 00:00:00,1,0,2024-07-21 05:04:13,0,2024-07-21 05:04:13,,,
2019-07,进出口总值,3980.00,-0.80,25595.30,-1.80,217,2019-07-31 00:00:00,1,0,2024-07-21 05:04:13,0,2024-07-21 05:04:13,,,
2019-07,出口总值,2215.30,3.30,13926.10,0.60,218,2019-07-31 00:00:00,1,0,2024-07-21 05:04:13,0,2024-07-21 05:04:13,,,
2019-07,进口总值,1764.80,-5.60,11669.20,-4.50,219,2019-07-31 00:00:00,1,0,2024-07-21 05:04:13,0,2024-07-21 05:04:13,,,
2019-07,进出口差额,450.50,,2256.90,,220,2019-07-31 00:00:00,1,0,2024-07-21 05:04:13,0,2024-07-21 05:04:13,,,
2019-06,进出口总值,3747.00,-4.00,21611.50,-2.00,221,2019-06-30 00:00:00,1,0,2024-07-21 05:04:13,0,2024-07-21 05:04:13,,,
2019-06,出口总值,2128.40,-0.50,11711.50,0.10,222,2019-06-30 00:00:00,1,0,2024-07-21 05:04:13,0,2024-07-21 05:04:13,,,
2019-06,进口总值,1618.60,-6.00,9899.90,-4.30,223,2019-06-30 00:00:00,1,0,2024-07-21 05:04:13,0,2024-07-21 05:04:13,,,
2019-06,进出口差额,509.80,,1811.60,,224,2019-06-30 00:00:00,1,0,2024-07-21 05:04:13,0,2024-07-21 05:04:13,,,
2019-05,进出口总值,3860.30,-3.40,17862.10,-1.60,225,2019-05-31 00:00:00,1,0,2024-07-21 05:04:13,0,2024-07-21 05:04:13,,,
2019-05,出口总值,2138.50,1.10,9583.40,0.40,226,2019-05-31 00:00:00,1,0,2024-07-21 05:04:13,0,2024-07-21 05:04:13,,,
2019-05,进口总值,1721.90,-8.50,8278.70,-3.70,227,2019-05-31 00:00:00,1,0,2024-07-21 05:04:13,0,2024-07-21 05:04:13,,,
2019-05,进出口差额,416.60,,1304.70,,228,2019-05-31 00:00:00,1,0,2024-07-21 05:04:13,0,2024-07-21 05:04:13,,,
2019-04,进出口总值,3731.40,0.40,13998.20,-1.10,229,2019-04-30 00:00:00,1,0,2024-07-21 05:04:13,0,2024-07-21 05:04:13,,,
2019-04,出口总值,1934.90,-2.70,7446.10,0.20,230,2019-04-30 00:00:00,1,0,2024-07-21 05:04:13,0,2024-07-21 05:04:13,,,
2019-04,进口总值,1796.50,4.00,6552.10,-2.50,231,2019-04-30 00:00:00,1,0,2024-07-21 05:04:13,0,2024-07-21 05:04:13,,,
2019-04,进出口差额,138.40,,894.00,,232,2019-04-30 00:00:00,1,0,2024-07-21 05:04:13,0,2024-07-21 05:04:13,,,
2019-03,进出口总值,3647.00,3.10,10272.10,-1.50,233,2019-03-31 00:00:00,1,0,2024-07-21 05:04:13,0,2024-07-21 05:04:13,,,
2019-03,出口总值,1986.70,14.20,5517.60,1.40,234,2019-03-31 00:00:00,1,0,2024-07-21 05:04:13,0,2024-07-21 05:04:13,,,
2019-03,进口总值,1660.20,-7.60,4754.50,-4.80,235,2019-03-31 00:00:00,1,0,2024-07-21 05:04:13,0,2024-07-21 05:04:13,,,
2019-03,进出口差额,326.50,,763.10,,236,2019-03-31 00:00:00,1,0,2024-07-21 05:04:13,0,2024-07-21 05:04:13,,,
2019-02,进出口总值,2663.60,-13.80,6627.20,-3.90,237,2019-02-28 00:00:00,1,0,2024-07-21 05:04:13,0,2024-07-21 05:04:13,,,
2019-02,出口总值,1352.40,-20.70,3532.20,-4.60,238,2019-02-28 00:00:00,1,0,2024-07-21 05:04:13,0,2024-07-21 05:04:13,,,
2019-02,进口总值,1311.20,-5.20,3095.10,-3.10,239,2019-02-28 00:00:00,1,0,2024-07-21 05:04:13,0,2024-07-21 05:04:13,,,
2019-02,进出口差额,41.20,,437.10,,240,2019-02-28 00:00:00,1,0,2024-07-21 05:04:13,0,2024-07-21 05:04:13,,,
2019-01,进出口总值,3959.80,4.00,3959.80,4.00,241,2019-01-31 00:00:00,1,0,2024-07-21 05:04:16,0,2024-07-21 05:04:16,,,
2019-01,出口总值,2175.70,9.10,2175.70,9.10,242,2019-01-31 00:00:00,1,0,2024-07-21 05:04:16,0,2024-07-21 05:04:16,,,
2019-01,进口总值,1784.10,-1.50,1784.10,-1.50,243,2019-01-31 00:00:00,1,0,2024-07-21 05:04:16,0,2024-07-21 05:04:16,,,
2019-01,进出口差额,391.60,,391.60,,244,2019-01-31 00:00:00,1,0,2024-07-21 05:04:16,0,2024-07-21 05:04:16,,,
2018-12,进出口总值,3854.40,-5.80,46230.40,12.60,245,2018-12-31 00:00:00,1,0,2024-07-21 05:04:16,0,2024-07-21 05:04:16,,,
2018-12,出口总值,2212.50,-4.40,24874.00,9.90,246,2018-12-31 00:00:00,1,0,2024-07-21 05:04:16,0,2024-07-21 05:04:16,,,
2018-12,进口总值,1641.90,-7.60,21356.40,15.80,247,2018-12-31 00:00:00,1,0,2024-07-21 05:04:16,0,2024-07-21 05:04:16,,,
2018-12,进出口差额,570.60,,3517.60,,248,2018-12-31 00:00:00,1,0,2024-07-21 05:04:16,0,2024-07-21 05:04:16,,,
2018-11,进出口总值,4100.80,4.30,42444.80,14.80,249,2018-11-30 00:00:00,1,0,2024-07-21 05:04:16,0,2024-07-21 05:04:16,,,
2018-11,出口总值,2274.20,5.40,22720.40,11.80,250,2018-11-30 00:00:00,1,0,2024-07-21 05:04:16,0,2024-07-21 05:04:16,,,
2018-11,进口总值,1826.70,3.00,19724.40,18.40,251,2018-11-30 00:00:00,1,0,2024-07-21 05:04:16,0,2024-07-21 05:04:16,,,
2018-11,进出口差额,447.50,,2995.90,,252,2018-11-30 00:00:00,1,0,2024-07-21 05:04:16,0,2024-07-21 05:04:16,,,
2018-10,进出口总值,4005.50,18.20,38354.80,16.10,253,2018-10-31 00:00:00,1,0,2024-07-21 05:04:16,0,2024-07-21 05:04:16,,,
2018-10,出口总值,2172.80,15.60,20448.40,12.60,254,2018-10-31 00:00:00,1,0,2024-07-21 05:04:16,0,2024-07-21 05:04:16,,,
2018-10,进口总值,1832.70,21.40,17906.40,20.30,255,2018-10-31 00:00:00,1,0,2024-07-21 05:04:16,0,2024-07-21 05:04:16,,,
2018-10,进出口差额,340.20,,2542.00,,256,2018-10-31 00:00:00,1,0,2024-07-21 05:04:16,0,2024-07-21 05:04:16,,,
2018-09,进出口总值,4216.80,14.40,34319.30,15.70,257,2018-09-30 00:00:00,1,0,2024-07-21 05:04:16,0,2024-07-21 05:04:16,,,
2018-09,出口总值,2266.90,14.50,18266.50,12.20,258,2018-09-30 00:00:00,1,0,2024-07-21 05:04:16,0,2024-07-21 05:04:16,,,
2018-09,进口总值,1950.00,14.30,16052.80,20.00,259,2018-09-30 00:00:00,1,0,2024-07-21 05:04:16,0,2024-07-21 05:04:16,,,
2018-09,进出口差额,316.90,,2213.80,,260,2018-09-30 00:00:00,1,0,2024-07-21 05:04:16,0,2024-07-21 05:04:16,,,
2018-08,进出口总值,4069.50,14.30,30150.40,16.10,261,2018-08-31 00:00:00,1,0,2024-07-21 05:04:16,0,2024-07-21 05:04:16,,,
2018-08,出口总值,2174.30,9.80,16043.50,12.20,262,2018-08-31 00:00:00,1,0,2024-07-21 05:04:16,0,2024-07-21 05:04:16,,,
2018-08,进口总值,1895.20,20.00,14106.90,20.90,263,2018-08-31 00:00:00,1,0,2024-07-21 05:04:16,0,2024-07-21 05:04:16,,,
2018-08,进出口差额,1661.00,,1936.60,,264,2018-08-31 00:00:00,1,0,2024-07-21 05:04:16,0,2024-07-21 05:04:16,,,
2018-07,进出口总值,4030.80,18.80,26082.20,16.40,265,2018-07-31 00:00:00,1,0,2024-07-21 05:04:16,0,2024-07-21 05:04:16,,,
2018-07,出口总值,2155.70,12.20,13871.60,12.60,266,2018-07-31 00:00:00,1,0,2024-07-21 05:04:16,0,2024-07-21 05:04:16,,,
2018-07,进口总值,1875.20,27.30,12210.60,21.00,267,2018-07-31 00:00:00,1,0,2024-07-21 05:04:16,0,2024-07-21 05:04:16,,,
2018-07,进出口差额,280.50,,1661.00,,268,2018-07-31 00:00:00,1,0,2024-07-21 05:04:16,0,2024-07-21 05:04:16,,,
2018-06,进出口总值,3918.70,12.50,22058.50,16.00,269,2018-06-30 00:00:00,1,0,2024-07-21 05:04:16,0,2024-07-21 05:04:16,,,
2018-06,出口总值,2167.40,11.30,11727.50,12.80,270,2018-06-30 00:00:00,1,0,2024-07-21 05:04:16,0,2024-07-21 05:04:16,,,
2018-06,进口总值,1751.30,14.10,10331.00,19.90,271,2018-06-30 00:00:00,1,0,2024-07-21 05:04:20,0,2024-07-21 05:04:20,,,
2018-06,进出口差额,416.10,,1396.50,,272,2018-06-30 00:00:00,1,0,2024-07-21 05:04:20,0,2024-07-21 05:04:20,,,
2018-05,进出口总值,4008.20,18.50,18144.50,16.80,273,2018-05-31 00:00:00,1,0,2024-07-21 05:04:20,0,2024-07-21 05:04:20,,,
2018-05,出口总值,2128.70,12.60,9570.60,13.30,274,2018-05-31 00:00:00,1,0,2024-07-21 05:04:20,0,2024-07-21 05:04:20,,,
2018-05,进口总值,1879.50,26.00,8573.90,21.00,275,2018-05-31 00:00:00,1,0,2024-07-21 05:04:20,0,2024-07-21 05:04:20,,,
2018-05,进出口差额,249.20,,996.70,,276,2018-05-31 00:00:00,1,0,2024-07-21 05:04:20,0,2024-07-21 05:04:20,,,
2018-04,进出口总值,3720.90,16.70,14147.10,16.50,277,2018-04-30 00:00:00,1,0,2024-07-21 05:04:20,0,2024-07-21 05:04:20,,,
2018-04,出口总值,2004.40,12.90,7457.30,13.70,278,2018-04-30 00:00:00,1,0,2024-07-21 05:04:20,0,2024-07-21 05:04:20,,,
2018-04,进口总值,1716.50,21.50,6689.80,19.60,279,2018-04-30 00:00:00,1,0,2024-07-21 05:04:20,0,2024-07-21 05:04:20,,,
2018-04,进出口差额,287.80,,767.50,,280,2018-04-30 00:00:00,1,0,2024-07-21 05:04:20,0,2024-07-21 05:04:20,,,
2018-03,进出口总值,3532.26,5.30,10421.46,16.30,281,2018-03-31 00:00:00,1,0,2024-07-21 05:04:20,0,2024-07-21 05:04:20,,,
2018-03,出口总值,1741.21,-2.70,5452.66,14.10,282,2018-03-31 00:00:00,1,0,2024-07-21 05:04:20,0,2024-07-21 05:04:20,,,
2018-03,进口总值,1791.04,14.40,4968.79,18.90,283,2018-03-31 00:00:00,1,0,2024-07-21 05:04:20,0,2024-07-21 05:04:20,,,
2018-03,进出口差额,-49.83,,483.87,,284,2018-03-31 00:00:00,1,0,2024-07-21 05:04:20,0,2024-07-21 05:04:20,,,
2018-02,进出口总值,3094.94,24.50,6903.75,23.10,285,2018-02-28 00:00:00,1,0,2024-07-21 05:04:20,0,2024-07-21 05:04:20,,,
2018-02,出口总值,1716.18,44.50,3723.45,24.40,286,2018-02-28 00:00:00,1,0,2024-07-21 05:04:20,0,2024-07-21 05:04:20,,,
2018-02,进口总值,1378.76,6.30,3180.30,21.70,287,2018-02-28 00:00:00,1,0,2024-07-21 05:04:20,0,2024-07-21 05:04:20,,,
2018-02,进出口差额,337.43,,543.16,,288,2018-02-28 00:00:00,1,0,2024-07-21 05:04:20,0,2024-07-21 05:04:20,,,
2018-01,进出口总值,3806.98,22.00,3806.98,22.00,289,2018-01-31 00:00:00,1,0,2024-07-21 05:04:20,0,2024-07-21 05:04:20,,,
2018-01,出口总值,2005.19,11.10,2005.19,11.10,290,2018-01-31 00:00:00,1,0,2024-07-21 05:04:20,0,2024-07-21 05:04:20,,,
2018-01,进口总值,1801.79,36.90,1801.79,36.90,291,2018-01-31 00:00:00,1,0,2024-07-21 05:04:20,0,2024-07-21 05:04:20,,,
2018-01,进出口差额,203.40,,203.40,,292,2018-01-31 00:00:00,1,0,2024-07-21 05:04:20,0,2024-07-21 05:04:20,,,
2017-12,进出口总值,4088.86,8.00,41044.75,11.40,293,2017-12-31 00:00:00,1,0,2024-07-21 05:04:20,0,2024-07-21 05:04:20,,,
2017-12,出口总值,2317.86,10.90,22634.90,7.90,294,2017-12-31 00:00:00,1,0,2024-07-21 05:04:20,0,2024-07-21 05:04:20,,,
2017-12,进口总值,1771.01,4.50,18409.85,15.90,295,2017-12-31 00:00:00,1,0,2024-07-21 05:04:20,0,2024-07-21 05:04:20,,,
2017-12,进出口差额,546.85,,4225.06,,296,2017-12-31 00:00:00,1,0,2024-07-21 05:04:20,0,2024-07-21 05:04:20,,,
2017-11,进出口总值,3945.50,14.70,37031.50,12.00,297,2017-11-30 00:00:00,1,0,2024-07-21 05:04:20,0,2024-07-21 05:04:20,,,
2017-11,出口总值,2173.80,12.30,20395.70,8.00,298,2017-11-30 00:00:00,1,0,2024-07-21 05:04:20,0,2024-07-21 05:04:20,,,
2017-11,进口总值,1771.70,17.70,16635.80,17.30,299,2017-11-30 00:00:00,1,0,2024-07-21 05:04:20,0,2024-07-21 05:04:20,,,
2017-11,进出口差额,402.10,,3759.80,,300,2017-11-30 00:00:00,1,0,2024-07-21 05:04:20,0,2024-07-21 05:04:20,,,
2017-10,进出口总值,3397.86,11.20,33072.17,11.60,301,2017-10-31 00:00:00,1,0,2024-07-21 05:04:24,0,2024-07-21 05:04:24,,,
2017-10,出口总值,1889.80,6.90,18209.93,7.40,302,2017-10-31 00:00:00,1,0,2024-07-21 05:04:24,0,2024-07-21 05:04:24,,,
2017-10,进口总值,1508.06,17.20,14862.23,17.20,303,2017-10-31 00:00:00,1,0,2024-07-21 05:04:24,0,2024-07-21 05:04:24,,,
2017-10,进出口差额,381.74,,3347.70,,304,2017-10-31 00:00:00,1,0,2024-07-21 05:04:24,0,2024-07-21 05:04:24,,,
2017-09,进出口总值,3680.50,12.70,29693.30,11.70,305,2017-09-30 00:00:00,1,0,2024-07-21 05:04:24,0,2024-07-21 05:04:24,,,
2017-09,出口总值,1982.60,8.10,16324.50,7.50,306,2017-09-30 00:00:00,1,0,2024-07-21 05:04:24,0,2024-07-21 05:04:24,,,
2017-09,进口总值,1697.90,18.70,13368.70,17.30,307,2017-09-30 00:00:00,1,0,2024-07-21 05:04:24,0,2024-07-21 05:04:24,,,
2017-09,进出口差额,284.70,,2955.80,,308,2017-09-30 00:00:00,1,0,2024-07-21 05:04:24,0,2024-07-21 05:04:24,,,
2017-08,进出口总值,3564.70,8.80,26012.50,11.60,309,2017-08-31 00:00:00,1,0,2024-07-21 05:04:24,0,2024-07-21 05:04:24,,,
2017-08,出口总值,1992.30,5.50,14363.50,7.60,310,2017-08-31 00:00:00,1,0,2024-07-21 05:04:24,0,2024-07-21 05:04:24,,,
2017-08,进口总值,1572.40,13.30,11649.00,16.90,311,2017-08-31 00:00:00,1,0,2024-07-21 05:04:24,0,2024-07-21 05:04:24,,,
2017-08,进出口差额,419.90,,2714.60,,312,2017-08-31 00:00:00,1,0,2024-07-21 05:04:24,0,2024-07-21 05:04:24,,,
2017-07,进出口总值,3405.55,8.80,22499.30,12.30,313,2017-07-31 00:00:00,1,0,2024-07-21 05:04:24,0,2024-07-21 05:04:24,,,
2017-07,出口总值,1936.46,7.20,12408.06,8.30,314,2017-07-31 00:00:00,1,0,2024-07-21 05:04:24,0,2024-07-21 05:04:24,,,
2017-07,进口总值,1469.09,11.00,10091.24,17.70,315,2017-07-31 00:00:00,1,0,2024-07-21 05:04:24,0,2024-07-21 05:04:24,,,
2017-07,进出口差额,467.36,,2316.82,,316,2017-07-31 00:00:00,1,0,2024-07-21 05:04:24,0,2024-07-21 05:04:24,,,
2017-06,进出口总值,3503.50,13.80,19093.70,13.00,317,2017-06-30 00:00:00,1,0,2024-07-21 05:04:24,0,2024-07-21 05:04:24,,,
2017-06,出口总值,1965.80,11.30,10471.60,8.50,318,2017-06-30 00:00:00,1,0,2024-07-21 05:04:24,0,2024-07-21 05:04:24,,,
2017-06,进口总值,1538.26,17.20,8622.08,18.90,319,2017-06-30 00:00:00,1,0,2024-07-21 05:04:24,0,2024-07-21 05:04:24,,,
2017-06,进出口差额,427.65,,1850.65,,320,2017-06-30 00:00:00,1,0,2024-07-21 05:04:24,0,2024-07-21 05:04:24,,,
2017-05,进出口总值,3412.50,11.30,15629.26,13.00,321,2017-05-31 00:00:00,1,0,2024-07-21 05:04:24,0,2024-07-21 05:04:24,,,
2017-05,出口总值,1910.30,8.70,8533.46,8.20,322,2017-05-31 00:00:00,1,0,2024-07-21 05:04:24,0,2024-07-21 05:04:24,,,
2017-05,进口总值,1502.20,14.80,7095.80,19.50,323,2017-05-31 00:00:00,1,0,2024-07-21 05:04:24,0,2024-07-21 05:04:24,,,
2017-05,进出口差额,408.10,,1437.67,,324,2017-05-31 00:00:00,1,0,2024-07-21 05:04:24,0,2024-07-21 05:04:24,,,
2017-04,进出口总值,3219.60,9.70,12221.43,13.60,325,2017-04-30 00:00:00,1,0,2024-07-21 05:04:24,0,2024-07-21 05:04:24,,,
2017-04,出口总值,1800.04,8.00,6627.40,8.10,326,2017-04-30 00:00:00,1,0,2024-07-21 05:04:24,0,2024-07-21 05:04:24,,,
2017-04,进口总值,1419.56,11.90,5594.03,20.80,327,2017-04-30 00:00:00,1,0,2024-07-21 05:04:24,0,2024-07-21 05:04:24,,,
2017-04,进出口差额,380.48,,1033.37,,328,2017-04-30 00:00:00,1,0,2024-07-21 05:04:24,0,2024-07-21 05:04:24,,,
2017-03,进出口总值,3372.93,18.20,8999.74,15.00,329,2017-03-31 00:00:00,1,0,2024-07-21 05:04:24,0,2024-07-21 05:04:24,,,
2017-03,出口总值,1806.09,16.40,4827.92,8.20,330,2017-03-31 00:00:00,1,0,2024-07-21 05:04:24,0,2024-07-21 05:04:24,,,
2017-03,进口总值,1566.84,20.30,4171.83,24.00,331,2017-03-31 00:00:00,1,0,2024-07-21 05:04:27,0,2024-07-21 05:04:27,,,
2017-03,进出口差额,239.25,,656.09,,332,2017-03-31 00:00:00,1,0,2024-07-21 05:04:27,0,2024-07-21 05:04:27,,,
2017-02,进出口总值,2493.10,15.80,5635.00,13.30,333,2017-02-28 00:00:00,1,0,2024-07-21 05:04:27,0,2024-07-21 05:04:27,,,
2017-02,出口总值,1200.80,-1.30,3028.10,4.00,334,2017-02-28 00:00:00,1,0,2024-07-21 05:04:27,0,2024-07-21 05:04:27,,,
2017-02,进口总值,1292.30,38.10,2606.90,26.40,335,2017-02-28 00:00:00,1,0,2024-07-21 05:04:27,0,2024-07-21 05:04:27,,,
2017-02,进出口差额,91.50,,421.30,,336,2017-02-28 00:00:00,1,0,2024-07-21 05:04:27,0,2024-07-21 05:04:27,,,
2017-01,进出口总值,3141.66,11.40,3141.66,11.40,337,2017-01-31 00:00:00,1,0,2024-07-21 05:04:27,0,2024-07-21 05:04:27,,,
2017-01,出口总值,1827.57,7.90,1827.57,7.90,338,2017-01-31 00:00:00,1,0,2024-07-21 05:04:27,0,2024-07-21 05:04:27,,,
2017-01,进口总值,1314.09,16.70,1314.09,16.70,339,2017-01-31 00:00:00,1,0,2024-07-21 05:04:27,0,2024-07-21 05:04:27,,,
2017-01,进出口差额,513.47,,513.47,,340,2017-01-31 00:00:00,1,0,2024-07-21 05:04:27,0,2024-07-21 05:04:27,,,
2024-09,进出口总值,5257.10,1.50,45458.20,3.40,1417,2024-09-30 00:00:00,1,0,2024-11-07 02:28:16,0,2024-11-07 02:28:16,,,
2024-09,出口总值,3037.10,2.40,26176.60,4.30,1418,2024-09-30 00:00:00,1,0,2024-11-07 02:28:16,0,2024-11-07 02:28:16,,,
2024-09,进口总值,2220.00,0.30,19281.60,2.20,1419,2024-09-30 00:00:00,1,0,2024-11-07 02:28:16,0,2024-11-07 02:28:16,,,
2024-09,进出口差额,817.10,,6895.00,,1420,2024-09-30 00:00:00,1,0,2024-11-07 02:28:16,0,2024-11-07 02:28:16,,,
2024-08,进出口总值,5262.70,5.20,40210.30,3.70,1421,2024-08-31 00:00:00,1,0,2024-11-07 02:28:16,0,2024-11-07 02:28:16,,,
2024-08,出口总值,3086.50,8.70,23147.70,4.60,1422,2024-08-31 00:00:00,1,0,2024-11-07 02:28:16,0,2024-11-07 02:28:16,,,
2024-08,进口总值,2176.30,0.50,17062.70,2.50,1423,2024-08-31 00:00:00,1,0,2024-11-07 02:28:16,0,2024-11-07 02:28:16,,,
2024-08,进出口差额,910.20,,6085.00,,1424,2024-08-31 00:00:00,1,0,2024-11-07 02:28:16,0,2024-11-07 02:28:16,,,
2024-07,进出口总值,5164.70,7.10,34950.40,3.50,1425,2024-07-31 00:00:00,1,0,2024-11-07 02:28:16,0,2024-11-07 02:28:16,,,
2024-07,出口总值,3005.60,7.00,20065.20,4.00,1426,2024-07-31 00:00:00,1,0,2024-11-07 02:28:16,0,2024-11-07 02:28:16,,,
2024-07,进口总值,2159.10,7.20,14885.20,2.80,1427,2024-07-31 00:00:00,1,0,2024-11-07 02:28:16,0,2024-11-07 02:28:16,,,
2024-07,进出口差额,846.50,,5180.00,,1428,2024-07-31 00:00:00,1,0,2024-11-07 02:28:16,0,2024-11-07 02:28:16,,,
2024-10,进出口总值,5224.00,6.10,50676.50,3.70,1429,2024-10-31 00:00:00,1,0,2024-11-18 23:19:51,0,2024-11-18 23:19:51,,,
2024-10,出口总值,3090.60,12.70,29264.60,5.10,1430,2024-10-31 00:00:00,1,0,2024-11-18 23:19:51,0,2024-11-18 23:19:51,,,
2024-10,进口总值,2133.40,-2.30,21411.90,1.70,1431,2024-10-31 00:00:00,1,0,2024-11-18 23:19:51,0,2024-11-18 23:19:51,,,
2024-10,进出口差额,957.20,,7852.60,,1432,2024-10-31 00:00:00,1,0,2024-11-18 23:19:51,0,2024-11-18 23:19:51,,,
2024-11,进出口总值,5271.80,2.10,55967.40,3.60,1433,2024-11-30 00:00:00,1,0,2024-12-16 23:20:53,0,2024-12-16 23:20:53,,,
2024-11,出口总值,3123.10,6.70,32407.10,5.40,1434,2024-11-30 00:00:00,1,0,2024-12-16 23:20:53,0,2024-12-16 23:20:53,,,
2024-11,进口总值,2148.70,-3.90,23560.30,1.20,1435,2024-11-30 00:00:00,1,0,2024-12-16 23:20:53,0,2024-12-16 23:20:53,,,
2024-11,进出口差额,974.40,,8846.70,,1436,2024-11-30 00:00:00,1,0,2024-12-16 23:20:53,0,2024-12-16 23:20:53,,,
2024-12,进出口总值,5664.20,6.50,61622.90,3.80,1437,2024-12-31 00:00:00,1,0,2025-01-14 23:22:08,0,2025-01-14 23:22:08,,,
2024-12,出口总值,3356.30,10.70,35772.20,5.90,1438,2024-12-31 00:00:00,1,0,2025-01-14 23:22:08,0,2025-01-14 23:22:08,,,
2024-12,进口总值,2307.90,1.00,25850.70,1.10,1439,2024-12-31 00:00:00,1,0,2025-01-14 23:22:08,0,2025-01-14 23:22:08,,,
2024-12,进出口差额,1048.40,,9921.60,,1440,2024-12-31 00:00:00,1,0,2025-01-14 23:22:08,0,2025-01-14 23:22:08,,,
2025-02,进出口总值,,,9093.70,-2.40,1441,2025-02-28 00:00:00,1,0,2025-03-13 23:19:17,0,2025-03-13 23:19:17,,,
2025-02,出口总值,,,5399.40,2.30,1442,2025-02-28 00:00:00,1,0,2025-03-13 23:19:17,0,2025-03-13 23:19:17,,,
2025-02,进口总值,,,3694.30,-8.40,1443,2025-02-28 00:00:00,1,0,2025-03-13 23:19:17,0,2025-03-13 23:19:17,,,
2025-02,进出口差额,,,1705.20,,1444,2025-02-28 00:00:00,1,0,2025-03-13 23:19:17,0,2025-03-13 23:19:17,,,
2025-03,进出口总值,5251.80,5.00,14343.70,0.20,1445,2025-03-31 00:00:00,1,0,2025-04-14 23:19:43,0,2025-04-14 23:19:43,,,
2025-03,出口总值,3139.10,12.40,8536.70,5.80,1446,2025-03-31 00:00:00,1,0,2025-04-14 23:19:43,0,2025-04-14 23:19:43,,,
2025-03,进口总值,2112.70,-4.30,5807.00,-7.00,1447,2025-03-31 00:00:00,1,0,2025-04-14 23:19:43,0,2025-04-14 23:19:43,,,
2025-03,进出口差额,1026.40,,2729.70,,1448,2025-03-31 00:00:00,1,0,2025-04-14 23:19:43,0,2025-04-14 23:19:43,,,
2025-04,进出口总值,5352.00,4.60,19693.70,1.30,1449,2025-04-30 00:00:00,1,0,2025-05-12 23:19:42,0,2025-05-12 23:19:42,,,
2025-04,出口总值,3156.90,8.10,11690.60,6.40,1450,2025-04-30 00:00:00,1,0,2025-05-12 23:19:42,0,2025-05-12 23:19:42,,,
2025-04,进口总值,2195.10,-0.20,8003.10,-5.20,1451,2025-04-30 00:00:00,1,0,2025-05-12 23:19:42,0,2025-05-12 23:19:42,,,
2025-04,进出口差额,961.80,,3687.60,,1452,2025-04-30 00:00:00,1,0,2025-05-12 23:19:42,0,2025-05-12 23:19:42,,,
2025-05,进出口总值,5289.80,1.30,24978.10,1.30,1453,2025-05-31 00:00:00,1,0,2025-06-10 23:18:54,0,2025-06-10 23:18:54,,,
2025-05,出口总值,3161.00,4.80,14848.50,6.00,1454,2025-05-31 00:00:00,1,0,2025-06-10 23:18:54,0,2025-06-10 23:18:54,,,
2025-05,进口总值,2128.80,-3.40,10129.60,-4.90,1455,2025-05-31 00:00:00,1,0,2025-06-10 23:18:54,0,2025-06-10 23:18:54,,,
2025-05,进出口差额,1032.20,,4718.90,,1456,2025-05-31 00:00:00,1,0,2025-06-10 23:18:54,0,2025-06-10 23:18:54,,,
2025-06,进出口总值,5356.00,3.90,30320.10,1.80,1457,2025-06-30 00:00:00,1,0,2025-07-14 23:21:48,0,2025-07-14 23:21:48,,,
2025-06,出口总值,3251.80,5.80,18089.90,5.90,1458,2025-06-30 00:00:00,1,0,2025-07-14 23:21:48,0,2025-07-14 23:21:48,,,
2025-06,进口总值,2104.10,1.10,12230.20,-3.90,1459,2025-06-30 00:00:00,1,0,2025-07-14 23:21:48,0,2025-07-14 23:21:48,,,
2025-06,进出口差额,1147.70,,5859.60,,1460,2025-06-30 00:00:00,1,0,2025-07-14 23:21:48,0,2025-07-14 23:21:48,,,
2025-07,进出口总值,5453.20,5.90,35772.10,2.40,1461,2025-07-31 00:00:00,1,0,2025-08-13 23:18:09,0,2025-08-13 23:18:09,,,
2025-07,出口总值,3217.80,7.20,21303.60,6.10,1462,2025-07-31 00:00:00,1,0,2025-08-13 23:18:09,0,2025-08-13 23:18:09,,,
2025-07,进口总值,2235.40,4.10,14468.50,-2.70,1463,2025-07-31 00:00:00,1,0,2025-08-13 23:18:09,0,2025-08-13 23:18:09,,,
2025-07,进出口差额,982.40,,6835.10,,1464,2025-07-31 00:00:00,1,0,2025-08-13 23:18:09,0,2025-08-13 23:18:09,,,
2025-08,进出口总值,5412.90,3.10,41182.60,2.50,1465,2025-08-31 00:00:00,1,0,2025-09-10 23:18:30,0,2025-09-10 23:18:30,,,
2025-08,出口总值,3218.10,4.40,24518.00,5.90,1466,2025-08-31 00:00:00,1,0,2025-09-10 23:18:30,0,2025-09-10 23:18:30,,,
2025-08,进口总值,2194.80,1.30,16664.60,-2.20,1467,2025-08-31 00:00:00,1,0,2025-09-10 23:18:30,0,2025-09-10 23:18:30,,,
2025-08,进出口差额,1023.30,,7853.40,,1468,2025-08-31 00:00:00,1,0,2025-09-10 23:18:30,0,2025-09-10 23:18:30,,,
