时间,5500大卡,环比增减,5000大卡,环比增减_1,4500大卡,环比增减_2,_ID,_DATA_TIME,_ACTIVE,_CREATE_ID,_CREATE_TIME,_UPDATE_ID,_UPDATE_TIME,_REMARK,_CHANGE_LOG,_RESERVE
2024-07-19,728.00,0.00,657.00,0.00,587.00,0.00,1,2024-07-19 00:00:00,1,0,2024-07-20 05:45:41,0,2024-07-20 05:45:41,,,
2024-07-12,728.00,1.00,657.00,1.00,587.00,1.00,2,2024-07-12 00:00:00,1,0,2024-07-20 05:45:41,0,2024-07-20 05:45:41,,,
2024-07-05,727.00,-2.00,656.00,-3.00,586.00,-3.00,3,2024-07-05 00:00:00,1,0,2024-07-20 05:45:41,0,2024-07-20 05:45:41,,,
2024-06-28,729.00,-2.00,659.00,-2.00,589.00,-3.00,4,2024-06-28 00:00:00,1,0,2024-07-20 05:45:41,0,2024-07-20 05:45:41,,,
2024-06-21,731.00,-1.00,661.00,-1.00,592.00,-1.00,5,2024-06-21 00:00:00,1,0,2024-07-20 05:45:41,0,2024-07-20 05:45:41,,,
2024-06-14,732.00,0.00,662.00,0.00,593.00,0.00,6,2024-06-14 00:00:00,1,0,2024-07-20 05:45:41,0,2024-07-20 05:45:41,,,
2024-06-07,732.00,2.00,662.00,1.00,593.00,2.00,7,2024-06-07 00:00:00,1,0,2024-07-20 05:45:41,0,2024-07-20 05:45:41,,,
2024-05-31,730.00,1.00,661.00,1.00,591.00,1.00,8,2024-05-31 00:00:00,1,0,2024-07-20 05:45:41,0,2024-07-20 05:45:41,,,
2024-05-24,729.00,4.00,660.00,3.00,590.00,3.00,9,2024-05-24 00:00:00,1,0,2024-07-20 05:45:41,0,2024-07-20 05:45:41,,,
2024-05-17,725.00,1.00,657.00,1.00,587.00,2.00,10,2024-05-17 00:00:00,1,0,2024-07-20 05:45:41,0,2024-07-20 05:45:41,,,
2024-05-10,724.00,1.00,656.00,3.00,585.00,1.00,11,2024-05-10 00:00:00,1,0,2024-07-20 05:45:41,0,2024-07-20 05:45:41,,,
2024-04-26,723.00,-1.00,653.00,0.00,584.00,0.00,12,2024-04-26 00:00:00,1,0,2024-07-20 05:45:41,0,2024-07-20 05:45:41,,,
2024-04-19,724.00,2.00,653.00,2.00,584.00,2.00,13,2024-04-19 00:00:00,1,0,2024-07-20 05:45:41,0,2024-07-20 05:45:41,,,
2024-04-12,722.00,-11.00,651.00,-10.00,582.00,-8.00,14,2024-04-12 00:00:00,1,0,2024-07-20 05:45:41,0,2024-07-20 05:45:41,,,
2024-03-29,733.00,-2.00,661.00,-1.00,590.00,-1.00,15,2024-03-29 00:00:00,1,0,2024-07-20 05:45:41,0,2024-07-20 05:45:41,,,
2024-03-22,735.00,-8.00,662.00,-8.00,591.00,-7.00,16,2024-03-22 00:00:00,1,0,2024-07-20 05:45:41,0,2024-07-20 05:45:41,,,
2024-03-15,743.00,-3.00,670.00,-4.00,598.00,-4.00,17,2024-03-15 00:00:00,1,0,2024-07-20 05:45:41,0,2024-07-20 05:45:41,,,
2024-03-08,746.00,-2.00,674.00,-3.00,602.00,-2.00,18,2024-03-08 00:00:00,1,0,2024-07-20 05:45:41,0,2024-07-20 05:45:41,,,
2024-03-01,748.00,-1.00,677.00,-1.00,604.00,0.00,19,2024-03-01 00:00:00,1,0,2024-07-20 05:45:41,0,2024-07-20 05:45:41,,,
2024-02-23,749.00,5.00,678.00,5.00,604.00,4.00,20,2024-02-23 00:00:00,1,0,2024-07-20 05:45:41,0,2024-07-20 05:45:41,,,
2024-02-09,744.00,0.00,673.00,2.00,600.00,1.00,21,2024-02-09 00:00:00,1,0,2024-07-20 05:45:41,0,2024-07-20 05:45:41,,,
2024-02-02,744.00,-3.00,671.00,-3.00,599.00,-3.00,22,2024-02-02 00:00:00,1,0,2024-07-20 05:45:41,0,2024-07-20 05:45:41,,,
2024-01-26,747.00,0.00,674.00,0.00,602.00,0.00,23,2024-01-26 00:00:00,1,0,2024-07-20 05:45:41,0,2024-07-20 05:45:41,,,
2024-01-19,747.00,-1.00,674.00,-2.00,602.00,-2.00,24,2024-01-19 00:00:00,1,0,2024-07-20 05:45:41,0,2024-07-20 05:45:41,,,
2024-01-12,748.00,-2.00,676.00,-1.00,604.00,-1.00,25,2024-01-12 00:00:00,1,0,2024-07-20 05:45:41,0,2024-07-20 05:45:41,,,
2024-01-05,750.00,0.00,677.00,-1.00,605.00,0.00,26,2024-01-05 00:00:00,1,0,2024-07-20 05:45:41,0,2024-07-20 05:45:41,,,
2023-12-29,750.00,-4.00,678.00,-4.00,605.00,-3.00,27,2023-12-29 00:00:00,1,0,2024-07-20 05:45:41,0,2024-07-20 05:45:41,,,
2023-12-22,754.00,1.00,682.00,1.00,608.00,0.00,28,2023-12-22 00:00:00,1,0,2024-07-20 05:45:41,0,2024-07-20 05:45:41,,,
2023-12-15,753.00,2.00,681.00,4.00,608.00,2.00,29,2023-12-15 00:00:00,1,0,2024-07-20 05:45:41,0,2024-07-20 05:45:41,,,
2023-12-08,751.00,-2.00,677.00,-1.00,606.00,-1.00,30,2023-12-08 00:00:00,1,0,2024-07-20 05:45:41,0,2024-07-20 05:45:41,,,
2023-12-01,753.00,0.00,678.00,0.00,607.00,0.00,31,2023-12-01 00:00:00,1,0,2024-07-20 05:45:44,0,2024-07-20 05:45:44,,,
2023-11-24,753.00,-3.00,678.00,-3.00,607.00,-1.00,32,2023-11-24 00:00:00,1,0,2024-07-20 05:45:44,0,2024-07-20 05:45:44,,,
2023-11-17,756.00,2.00,681.00,3.00,608.00,3.00,33,2023-11-17 00:00:00,1,0,2024-07-20 05:45:44,0,2024-07-20 05:45:44,,,
2023-11-10,754.00,-3.00,678.00,-3.00,605.00,0.00,34,2023-11-10 00:00:00,1,0,2024-07-20 05:45:44,0,2024-07-20 05:45:44,,,
2023-11-03,757.00,-3.00,681.00,-6.00,605.00,-3.00,35,2023-11-03 00:00:00,1,0,2024-07-20 05:45:44,0,2024-07-20 05:45:44,,,
2023-10-27,760.00,-4.00,687.00,-4.00,608.00,-4.00,36,2023-10-27 00:00:00,1,0,2024-07-20 05:45:44,0,2024-07-20 05:45:44,,,
2023-10-20,764.00,-2.00,691.00,-3.00,612.00,-4.00,37,2023-10-20 00:00:00,1,0,2024-07-20 05:45:44,0,2024-07-20 05:45:44,,,
2023-10-13,766.00,16.00,694.00,15.00,616.00,12.00,38,2023-10-13 00:00:00,1,0,2024-07-20 05:45:44,0,2024-07-20 05:45:44,,,
2023-09-28,750.00,-4.00,679.00,-3.00,604.00,-3.00,39,2023-09-28 00:00:00,1,0,2024-07-20 05:45:44,0,2024-07-20 05:45:44,,,
2023-09-22,754.00,17.00,682.00,17.00,607.00,14.00,40,2023-09-22 00:00:00,1,0,2024-07-20 05:45:44,0,2024-07-20 05:45:44,,,
2023-09-15,737.00,3.00,665.00,3.00,593.00,3.00,41,2023-09-15 00:00:00,1,0,2024-07-20 05:45:44,0,2024-07-20 05:45:44,,,
2023-09-08,734.00,9.00,662.00,9.00,590.00,8.00,42,2023-09-08 00:00:00,1,0,2024-07-20 05:45:44,0,2024-07-20 05:45:44,,,
2023-09-01,725.00,-2.00,653.00,-2.00,582.00,-1.00,43,2023-09-01 00:00:00,1,0,2024-07-20 05:45:44,0,2024-07-20 05:45:44,,,
2023-08-25,727.00,1.00,655.00,2.00,583.00,1.00,44,2023-08-25 00:00:00,1,0,2024-07-20 05:45:44,0,2024-07-20 05:45:44,,,
2023-08-18,726.00,-5.00,653.00,-6.00,582.00,-6.00,45,2023-08-18 00:00:00,1,0,2024-07-20 05:45:44,0,2024-07-20 05:45:44,,,
2023-08-11,731.00,-2.00,659.00,-2.00,588.00,-2.00,46,2023-08-11 00:00:00,1,0,2024-07-20 05:45:44,0,2024-07-20 05:45:44,,,
2023-08-04,733.00,-1.00,661.00,-1.00,590.00,-1.00,47,2023-08-04 00:00:00,1,0,2024-07-20 05:45:44,0,2024-07-20 05:45:44,,,
2023-07-28,734.00,-1.00,662.00,-2.00,591.00,-3.00,48,2023-07-28 00:00:00,1,0,2024-07-20 05:45:44,0,2024-07-20 05:45:44,,,
2023-07-21,735.00,5.00,664.00,5.00,594.00,5.00,49,2023-07-21 00:00:00,1,0,2024-07-20 05:45:44,0,2024-07-20 05:45:44,,,
2023-07-14,730.00,-1.00,659.00,-1.00,589.00,0.00,50,2023-07-14 00:00:00,1,0,2024-07-20 05:45:44,0,2024-07-20 05:45:44,,,
2023-07-07,731.00,0.00,660.00,0.00,589.00,1.00,51,2023-07-07 00:00:00,1,0,2024-07-20 05:45:44,0,2024-07-20 05:45:44,,,
2023-06-30,731.00,8.00,660.00,8.00,588.00,5.00,52,2023-06-30 00:00:00,1,0,2024-07-20 05:45:44,0,2024-07-20 05:45:44,,,
2023-06-16,723.00,-2.00,652.00,-3.00,583.00,-2.00,53,2023-06-16 00:00:00,1,0,2024-07-20 05:45:44,0,2024-07-20 05:45:44,,,
2023-06-09,725.00,-4.00,655.00,-2.00,585.00,-2.00,54,2023-06-09 00:00:00,1,0,2024-07-20 05:45:44,0,2024-07-20 05:45:44,,,
2023-06-02,729.00,-18.00,657.00,-17.00,587.00,-17.00,55,2023-06-02 00:00:00,1,0,2024-07-20 05:45:44,0,2024-07-20 05:45:44,,,
2023-05-31,747.00,-14.00,674.00,-14.00,604.00,-15.00,56,2023-05-31 00:00:00,1,0,2024-07-20 05:45:44,0,2024-07-20 05:45:44,,,
2023-05-26,761.00,-9.00,688.00,-8.00,619.00,-7.00,57,2023-05-26 00:00:00,1,0,2024-07-20 05:45:44,0,2024-07-20 05:45:44,,,
2023-05-19,770.00,-3.00,696.00,-2.00,626.00,-2.00,58,2023-05-19 00:00:00,1,0,2024-07-20 05:45:44,0,2024-07-20 05:45:44,,,
2023-05-12,773.00,-4.00,698.00,-4.00,628.00,-4.00,59,2023-05-12 00:00:00,1,0,2024-07-20 05:45:44,0,2024-07-20 05:45:44,,,
2023-05-05,777.00,-1.00,702.00,-1.00,632.00,-1.00,60,2023-05-05 00:00:00,1,0,2024-07-20 05:45:44,0,2024-07-20 05:45:44,,,
2023-04-28,778.00,-5.00,703.00,-2.00,633.00,-2.00,61,2023-04-28 00:00:00,1,0,2024-07-20 05:45:48,0,2024-07-20 05:45:48,,,
2023-04-21,783.00,1.00,705.00,4.00,635.00,4.00,62,2023-04-21 00:00:00,1,0,2024-07-20 05:45:48,0,2024-07-20 05:45:48,,,
2023-04-14,782.00,-12.00,701.00,-10.00,631.00,-10.00,63,2023-04-14 00:00:00,1,0,2024-07-20 05:45:48,0,2024-07-20 05:45:48,,,
2023-04-07,794.00,-4.00,711.00,-1.00,641.00,0.00,64,2023-04-07 00:00:00,1,0,2024-07-20 05:45:48,0,2024-07-20 05:45:48,,,
2023-03-31,798.00,-3.00,712.00,-2.00,641.00,-2.00,65,2023-03-31 00:00:00,1,0,2024-07-20 05:45:48,0,2024-07-20 05:45:48,,,
2023-03-24,801.00,-4.00,714.00,-4.00,643.00,-3.00,66,2023-03-24 00:00:00,1,0,2024-07-20 05:45:48,0,2024-07-20 05:45:48,,,
2023-03-17,805.00,0.00,718.00,-2.00,646.00,-2.00,67,2023-03-17 00:00:00,1,0,2024-07-20 05:45:48,0,2024-07-20 05:45:48,,,
2023-03-10,805.00,-4.00,720.00,-10.00,648.00,-9.00,68,2023-03-10 00:00:00,1,0,2024-07-20 05:45:48,0,2024-07-20 05:45:48,,,
2023-03-03,809.00,7.00,730.00,13.00,657.00,12.00,69,2023-03-03 00:00:00,1,0,2024-07-20 05:45:48,0,2024-07-20 05:45:48,,,
2023-02-24,802.00,20.00,717.00,24.00,645.00,22.00,70,2023-02-24 00:00:00,1,0,2024-07-20 05:45:48,0,2024-07-20 05:45:48,,,
2023-02-17,782.00,-17.00,693.00,-18.00,623.00,-17.00,71,2023-02-17 00:00:00,1,0,2024-07-20 05:45:48,0,2024-07-20 05:45:48,,,
2023-02-10,799.00,-14.00,711.00,-25.00,640.00,-22.00,72,2023-02-10 00:00:00,1,0,2024-07-20 05:45:48,0,2024-07-20 05:45:48,,,
2023-02-03,813.00,0.00,736.00,-4.00,662.00,-4.00,73,2023-02-03 00:00:00,1,0,2024-07-20 05:45:48,0,2024-07-20 05:45:48,,,
2023-01-20,813.00,0.00,740.00,0.00,666.00,0.00,74,2023-01-20 00:00:00,1,0,2024-07-20 05:45:48,0,2024-07-20 05:45:48,,,
2023-01-13,813.00,0.00,740.00,4.00,666.00,3.00,75,2023-01-13 00:00:00,1,0,2024-07-20 05:45:48,0,2024-07-20 05:45:48,,,
2023-01-06,813.00,0.00,736.00,-1.00,663.00,-1.00,76,2023-01-06 00:00:00,1,0,2024-07-20 05:45:48,0,2024-07-20 05:45:48,,,
2022-12-30,813.00,0.00,737.00,-3.00,664.00,-2.00,77,2022-12-30 00:00:00,1,0,2024-07-20 05:45:48,0,2024-07-20 05:45:48,,,
2022-12-23,813.00,0.00,740.00,0.00,666.00,0.00,78,2022-12-23 00:00:00,1,0,2024-07-20 05:45:48,0,2024-07-20 05:45:48,,,
2022-12-16,813.00,0.00,740.00,0.00,666.00,0.00,79,2022-12-16 00:00:00,1,0,2024-07-20 05:45:48,0,2024-07-20 05:45:48,,,
2022-12-09,813.00,0.00,740.00,0.00,666.00,0.00,80,2022-12-09 00:00:00,1,0,2024-07-20 05:45:48,0,2024-07-20 05:45:48,,,
2022-12-02,813.00,0.00,740.00,0.00,666.00,0.00,81,2022-12-02 00:00:00,1,0,2024-07-20 05:45:48,0,2024-07-20 05:45:48,,,
2022-11-25,813.00,0.00,740.00,0.00,666.00,0.00,82,2022-11-25 00:00:00,1,0,2024-07-20 05:45:48,0,2024-07-20 05:45:48,,,
2022-11-18,813.00,0.00,740.00,0.00,666.00,0.00,83,2022-11-18 00:00:00,1,0,2024-07-20 05:45:48,0,2024-07-20 05:45:48,,,
2022-11-11,813.00,0.00,740.00,0.00,666.00,0.00,84,2022-11-11 00:00:00,1,0,2024-07-20 05:45:48,0,2024-07-20 05:45:48,,,
2022-11-04,813.00,7.00,740.00,7.00,666.00,7.00,85,2022-11-04 00:00:00,1,0,2024-07-20 05:45:48,0,2024-07-20 05:45:48,,,
2022-10-28,806.00,20.00,733.00,18.00,659.00,24.00,86,2022-10-28 00:00:00,1,0,2024-07-20 05:45:48,0,2024-07-20 05:45:48,,,
2022-10-21,786.00,0.00,715.00,0.00,635.00,0.00,87,2022-10-21 00:00:00,1,0,2024-07-20 05:45:48,0,2024-07-20 05:45:48,,,
2022-10-14,786.00,0.00,715.00,0.00,635.00,0.00,88,2022-10-14 00:00:00,1,0,2024-07-20 05:45:48,0,2024-07-20 05:45:48,,,
2022-09-30,786.00,0.00,715.00,0.00,635.00,0.00,89,2022-09-30 00:00:00,1,0,2024-07-20 05:45:48,0,2024-07-20 05:45:48,,,
2022-09-23,786.00,0.00,715.00,0.00,635.00,0.00,90,2022-09-23 00:00:00,1,0,2024-07-20 05:45:48,0,2024-07-20 05:45:48,,,
2022-09-16,786.00,0.00,715.00,0.00,635.00,0.00,91,2022-09-16 00:00:00,1,0,2024-07-20 05:45:51,0,2024-07-20 05:45:51,,,
2022-09-09,786.00,0.00,715.00,0.00,635.00,0.00,92,2022-09-09 00:00:00,1,0,2024-07-20 05:45:51,0,2024-07-20 05:45:51,,,
2022-09-02,786.00,0.00,715.00,0.00,635.00,0.00,93,2022-09-02 00:00:00,1,0,2024-07-20 05:45:51,0,2024-07-20 05:45:51,,,
2022-08-26,786.00,0.00,715.00,0.00,635.00,0.00,94,2022-08-26 00:00:00,1,0,2024-07-20 05:45:51,0,2024-07-20 05:45:51,,,
2022-08-19,786.00,0.00,715.00,0.00,635.00,0.00,95,2022-08-19 00:00:00,1,0,2024-07-20 05:45:51,0,2024-07-20 05:45:51,,,
2022-08-12,786.00,0.00,715.00,0.00,635.00,0.00,96,2022-08-12 00:00:00,1,0,2024-07-20 05:45:51,0,2024-07-20 05:45:51,,,
2022-08-05,786.00,0.00,715.00,0.00,635.00,0.00,97,2022-08-05 00:00:00,1,0,2024-07-20 05:45:51,0,2024-07-20 05:45:51,,,
2022-07-29,786.00,0.00,715.00,0.00,635.00,0.00,98,2022-07-29 00:00:00,1,0,2024-07-20 05:45:51,0,2024-07-20 05:45:51,,,
2022-07-22,786.00,0.00,715.00,0.00,635.00,0.00,99,2022-07-22 00:00:00,1,0,2024-07-20 05:45:51,0,2024-07-20 05:45:51,,,
2022-07-15,786.00,0.00,715.00,0.00,635.00,0.00,100,2022-07-15 00:00:00,1,0,2024-07-20 05:45:51,0,2024-07-20 05:45:51,,,
2022-07-08,786.00,0.00,715.00,0.00,635.00,0.00,101,2022-07-08 00:00:00,1,0,2024-07-20 05:45:51,0,2024-07-20 05:45:51,,,
2022-07-01,786.00,0.00,715.00,0.00,635.00,0.00,102,2022-07-01 00:00:00,1,0,2024-07-20 05:45:51,0,2024-07-20 05:45:51,,,
2022-06-24,786.00,0.00,715.00,0.00,635.00,0.00,103,2022-06-24 00:00:00,1,0,2024-07-20 05:45:51,0,2024-07-20 05:45:51,,,
2022-06-17,786.00,0.00,715.00,0.00,635.00,0.00,104,2022-06-17 00:00:00,1,0,2024-07-20 05:45:51,0,2024-07-20 05:45:51,,,
2022-06-10,786.00,0.00,715.00,0.00,635.00,0.00,105,2022-06-10 00:00:00,1,0,2024-07-20 05:45:51,0,2024-07-20 05:45:51,,,
2022-05-27,786.00,0.00,715.00,0.00,635.00,0.00,106,2022-05-27 00:00:00,1,0,2024-07-20 05:45:51,0,2024-07-20 05:45:51,,,
2022-05-20,786.00,0.00,715.00,0.00,635.00,0.00,107,2022-05-20 00:00:00,1,0,2024-07-20 05:45:51,0,2024-07-20 05:45:51,,,
2022-05-13,786.00,0.00,715.00,0.00,635.00,0.00,108,2022-05-13 00:00:00,1,0,2024-07-20 05:45:51,0,2024-07-20 05:45:51,,,
2022-05-06,786.00,0.00,715.00,0.00,635.00,0.00,109,2022-05-06 00:00:00,1,0,2024-07-20 05:45:51,0,2024-07-20 05:45:51,,,
2022-04-29,786.00,0.00,715.00,0.00,635.00,0.00,110,2022-04-29 00:00:00,1,0,2024-07-20 05:45:51,0,2024-07-20 05:45:51,,,
2022-04-22,786.00,0.00,715.00,0.00,635.00,0.00,111,2022-04-22 00:00:00,1,0,2024-07-20 05:45:51,0,2024-07-20 05:45:51,,,
2022-04-15,786.00,0.00,715.00,0.00,635.00,0.00,112,2022-04-15 00:00:00,1,0,2024-07-20 05:45:51,0,2024-07-20 05:45:51,,,
2022-04-08,786.00,0.00,715.00,0.00,635.00,0.00,113,2022-04-08 00:00:00,1,0,2024-07-20 05:45:51,0,2024-07-20 05:45:51,,,
2022-04-01,786.00,0.00,715.00,0.00,635.00,0.00,114,2022-04-01 00:00:00,1,0,2024-07-20 05:45:51,0,2024-07-20 05:45:51,,,
2022-03-25,786.00,0.00,715.00,0.00,635.00,0.00,115,2022-03-25 00:00:00,1,0,2024-07-20 05:45:51,0,2024-07-20 05:45:51,,,
2022-03-18,786.00,0.00,715.00,0.00,635.00,0.00,116,2022-03-18 00:00:00,1,0,2024-07-20 05:45:51,0,2024-07-20 05:45:51,,,
2022-03-11,786.00,0.00,715.00,0.00,635.00,0.00,117,2022-03-11 00:00:00,1,0,2024-07-20 05:45:51,0,2024-07-20 05:45:51,,,
2022-03-04,786.00,0.00,715.00,0.00,635.00,0.00,118,2022-03-04 00:00:00,1,0,2024-07-20 05:45:51,0,2024-07-20 05:45:51,,,
2022-02-25,786.00,0.00,715.00,0.00,635.00,0.00,119,2022-02-25 00:00:00,1,0,2024-07-20 05:45:51,0,2024-07-20 05:45:51,,,
2022-02-18,786.00,-13.00,715.00,-15.00,635.00,-13.00,120,2022-02-18 00:00:00,1,0,2024-07-20 05:45:51,0,2024-07-20 05:45:51,,,
2022-02-11,799.00,2.00,730.00,1.00,648.00,-1.00,121,2022-02-11 00:00:00,1,0,2024-07-20 05:45:54,0,2024-07-20 05:45:54,,,
2022-01-28,797.00,-5.00,729.00,-1.00,649.00,5.00,122,2022-01-28 00:00:00,1,0,2024-07-20 05:45:54,0,2024-07-20 05:45:54,,,
2022-01-21,802.00,23.00,730.00,25.00,644.00,25.00,123,2022-01-21 00:00:00,1,0,2024-07-20 05:45:54,0,2024-07-20 05:45:54,,,
2022-01-14,779.00,38.00,705.00,36.00,619.00,33.00,124,2022-01-14 00:00:00,1,0,2024-07-20 05:45:54,0,2024-07-20 05:45:54,,,
2022-01-07,741.00,-32.00,669.00,-23.00,586.00,2.00,125,2022-01-07 00:00:00,1,0,2024-07-20 05:45:54,0,2024-07-20 05:45:54,,,
2021-12-31,773.00,-59.00,692.00,-51.00,584.00,-63.00,126,2021-12-31 00:00:00,1,0,2024-07-20 05:45:54,0,2024-07-20 05:45:54,,,
2021-12-24,832.00,,743.00,,647.00,,127,2021-12-24 00:00:00,1,0,2024-07-20 05:45:54,0,2024-07-20 05:45:54,,,
2021-11-26,986.00,,891.00,,792.00,,128,2021-11-26 00:00:00,1,0,2024-07-20 05:45:54,0,2024-07-20 05:45:54,,,
2021-10-29,1202.00,,1096.00,,961.00,,129,2021-10-29 00:00:00,1,0,2024-07-20 05:45:54,0,2024-07-20 05:45:54,,,
2021-09-24,1079.00,,980.00,,857.00,,130,2021-09-24 00:00:00,1,0,2024-07-20 05:45:54,0,2024-07-20 05:45:54,,,
2021-08-27,885.00,40.00,798.00,25.00,706.00,20.00,131,2021-08-27 00:00:00,1,0,2024-07-20 05:45:54,0,2024-07-20 05:45:54,,,
2021-07-30,845.00,35.00,773.00,29.00,686.00,26.00,132,2021-07-30 00:00:00,1,0,2024-07-20 05:45:54,0,2024-07-20 05:45:54,,,
2021-07-23,810.00,0.00,744.00,0.00,660.00,0.00,133,2021-07-23 00:00:00,1,0,2024-07-20 05:45:54,0,2024-07-20 05:45:54,,,
2021-07-16,810.00,-9.00,744.00,5.00,660.00,12.00,134,2021-07-16 00:00:00,1,0,2024-07-20 05:45:54,0,2024-07-20 05:45:54,,,
2021-06-25,819.00,24.00,739.00,25.00,648.00,19.00,135,2021-06-25 00:00:00,1,0,2024-07-20 05:45:54,0,2024-07-20 05:45:54,,,
2021-06-18,795.00,19.00,714.00,17.00,629.00,13.00,136,2021-06-18 00:00:00,1,0,2024-07-20 05:45:54,0,2024-07-20 05:45:54,,,
2021-06-11,776.00,8.00,697.00,7.00,616.00,5.00,137,2021-06-11 00:00:00,1,0,2024-07-20 05:45:54,0,2024-07-20 05:45:54,,,
2021-06-04,768.00,24.00,690.00,21.00,611.00,18.00,138,2021-06-04 00:00:00,1,0,2024-07-20 05:45:54,0,2024-07-20 05:45:54,,,
2021-05-28,744.00,-17.00,669.00,-17.00,593.00,-20.00,139,2021-05-28 00:00:00,1,0,2024-07-20 05:45:54,0,2024-07-20 05:45:54,,,
2021-05-21,761.00,10.00,686.00,8.00,613.00,8.00,140,2021-05-21 00:00:00,1,0,2024-07-20 05:45:54,0,2024-07-20 05:45:54,,,
2021-05-14,751.00,35.00,678.00,35.00,605.00,34.00,141,2021-05-14 00:00:00,1,0,2024-07-20 05:45:54,0,2024-07-20 05:45:54,,,
2021-05-07,716.00,26.00,643.00,25.00,571.00,22.00,142,2021-05-07 00:00:00,1,0,2024-07-20 05:45:54,0,2024-07-20 05:45:54,,,
2021-04-30,690.00,11.00,618.00,10.00,549.00,9.00,143,2021-04-30 00:00:00,1,0,2024-07-20 05:45:54,0,2024-07-20 05:45:54,,,
2021-04-23,679.00,28.00,608.00,27.00,540.00,23.00,144,2021-04-23 00:00:00,1,0,2024-07-20 05:45:54,0,2024-07-20 05:45:54,,,
2021-04-16,651.00,1.00,581.00,0.00,517.00,1.00,145,2021-04-16 00:00:00,1,0,2024-07-20 05:45:54,0,2024-07-20 05:45:54,,,
2021-04-09,650.00,16.00,581.00,14.00,516.00,14.00,146,2021-04-09 00:00:00,1,0,2024-07-20 05:45:54,0,2024-07-20 05:45:54,,,
2021-04-02,634.00,23.00,567.00,22.00,502.00,19.00,147,2021-04-02 00:00:00,1,0,2024-07-20 05:45:54,0,2024-07-20 05:45:54,,,
2021-03-26,611.00,8.00,545.00,7.00,483.00,6.00,148,2021-03-26 00:00:00,1,0,2024-07-20 05:45:54,0,2024-07-20 05:45:54,,,
2021-03-19,603.00,11.00,538.00,9.00,477.00,9.00,149,2021-03-19 00:00:00,1,0,2024-07-20 05:45:54,0,2024-07-20 05:45:54,,,
2021-03-12,592.00,12.00,529.00,11.00,468.00,5.00,150,2021-03-12 00:00:00,1,0,2024-07-20 05:45:54,0,2024-07-20 05:45:54,,,
2021-03-05,580.00,-33.00,518.00,-32.00,463.00,-31.00,151,2021-03-05 00:00:00,1,0,2024-07-20 05:45:57,0,2024-07-20 05:45:57,,,
2021-02-26,613.00,-21.00,550.00,-21.00,494.00,-17.00,152,2021-02-26 00:00:00,1,0,2024-07-20 05:45:57,0,2024-07-20 05:45:57,,,
2021-02-19,634.00,-69.00,571.00,-62.00,511.00,-53.00,153,2021-02-19 00:00:00,1,0,2024-07-20 05:45:57,0,2024-07-20 05:45:57,,,
2021-02-05,703.00,-22.00,633.00,-21.00,564.00,-14.00,154,2021-02-05 00:00:00,1,0,2024-07-20 05:45:57,0,2024-07-20 05:45:57,,,
2021-01-29,725.00,-20.00,654.00,-20.00,578.00,-5.00,155,2021-01-29 00:00:00,1,0,2024-07-20 05:45:57,0,2024-07-20 05:45:57,,,
2021-01-22,745.00,23.00,674.00,19.00,583.00,1.00,156,2021-01-22 00:00:00,1,0,2024-07-20 05:45:57,0,2024-07-20 05:45:57,,,
2021-01-15,722.00,31.00,655.00,20.00,582.00,17.00,157,2021-01-15 00:00:00,1,0,2024-07-20 05:45:57,0,2024-07-20 05:45:57,,,
2021-01-08,691.00,49.00,635.00,52.00,565.00,46.00,158,2021-01-08 00:00:00,1,0,2024-07-20 05:45:57,0,2024-07-20 05:45:57,,,
2020-12-25,642.00,36.00,583.00,24.00,519.00,22.00,159,2020-12-25 00:00:00,1,0,2024-07-20 05:45:57,0,2024-07-20 05:45:57,,,
2020-12-18,606.00,5.00,559.00,9.00,497.00,8.00,160,2020-12-18 00:00:00,1,0,2024-07-20 05:45:57,0,2024-07-20 05:45:57,,,
2020-12-11,601.00,6.00,550.00,8.00,489.00,8.00,161,2020-12-11 00:00:00,1,0,2024-07-20 05:45:57,0,2024-07-20 05:45:57,,,
2020-12-04,595.00,9.00,542.00,9.00,481.00,7.00,162,2020-12-04 00:00:00,1,0,2024-07-20 05:45:57,0,2024-07-20 05:45:57,,,
2020-11-27,586.00,2.00,533.00,1.00,474.00,1.00,163,2020-11-27 00:00:00,1,0,2024-07-20 05:45:57,0,2024-07-20 05:45:57,,,
2020-11-20,584.00,1.00,532.00,0.00,473.00,-1.00,164,2020-11-20 00:00:00,1,0,2024-07-20 05:45:57,0,2024-07-20 05:45:57,,,
2020-11-13,583.00,0.00,532.00,0.00,474.00,2.00,165,2020-11-13 00:00:00,1,0,2024-07-20 05:45:57,0,2024-07-20 05:45:57,,,
2020-11-06,583.00,8.00,532.00,9.00,472.00,8.00,166,2020-11-06 00:00:00,1,0,2024-07-20 05:45:57,0,2024-07-20 05:45:57,,,
2020-10-30,575.00,-2.00,523.00,-1.00,464.00,-2.00,167,2020-10-30 00:00:00,1,0,2024-07-20 05:45:57,0,2024-07-20 05:45:57,,,
2020-10-23,577.00,-3.00,524.00,-2.00,466.00,-2.00,168,2020-10-23 00:00:00,1,0,2024-07-20 05:45:57,0,2024-07-20 05:45:57,,,
2020-10-16,580.00,2.00,526.00,2.00,468.00,2.00,169,2020-10-16 00:00:00,1,0,2024-07-20 05:45:57,0,2024-07-20 05:45:57,,,
2020-10-09,578.00,15.00,524.00,15.00,466.00,13.00,170,2020-10-09 00:00:00,1,0,2024-07-20 05:45:57,0,2024-07-20 05:45:57,,,
2020-09-25,563.00,3.00,509.00,3.00,453.00,2.00,171,2020-09-25 00:00:00,1,0,2024-07-20 05:45:57,0,2024-07-20 05:45:57,,,
2020-09-18,560.00,6.00,506.00,7.00,451.00,8.00,172,2020-09-18 00:00:00,1,0,2024-07-20 05:45:57,0,2024-07-20 05:45:57,,,
2020-09-11,554.00,5.00,499.00,4.00,443.00,4.00,173,2020-09-11 00:00:00,1,0,2024-07-20 05:45:57,0,2024-07-20 05:45:57,,,
2020-09-04,549.00,-2.00,495.00,-2.00,439.00,-3.00,174,2020-09-04 00:00:00,1,0,2024-07-20 05:45:57,0,2024-07-20 05:45:57,,,
2020-08-28,551.00,-2.00,497.00,-2.00,442.00,-2.00,175,2020-08-28 00:00:00,1,0,2024-07-20 05:45:57,0,2024-07-20 05:45:57,,,
2020-08-21,553.00,0.00,499.00,0.00,444.00,0.00,176,2020-08-21 00:00:00,1,0,2024-07-20 05:45:57,0,2024-07-20 05:45:57,,,
2020-08-14,553.00,-3.00,499.00,-4.00,444.00,-3.00,177,2020-08-14 00:00:00,1,0,2024-07-20 05:45:57,0,2024-07-20 05:45:57,,,
2020-08-07,556.00,1.00,503.00,0.00,447.00,-1.00,178,2020-08-07 00:00:00,1,0,2024-07-20 05:45:57,0,2024-07-20 05:45:57,,,
2020-07-31,555.00,-2.00,503.00,-2.00,448.00,-2.00,179,2020-07-31 00:00:00,1,0,2024-07-20 05:45:57,0,2024-07-20 05:45:57,,,
2020-07-24,557.00,-5.00,505.00,-6.00,450.00,-5.00,180,2020-07-24 00:00:00,1,0,2024-07-20 05:45:57,0,2024-07-20 05:45:57,,,
2020-07-17,562.00,-1.00,511.00,-1.00,455.00,-2.00,181,2020-07-17 00:00:00,1,0,2024-07-20 05:46:01,0,2024-07-20 05:46:01,,,
2020-07-10,563.00,7.00,512.00,6.00,457.00,7.00,182,2020-07-10 00:00:00,1,0,2024-07-20 05:46:01,0,2024-07-20 05:46:01,,,
2020-07-03,556.00,11.00,506.00,10.00,450.00,9.00,183,2020-07-03 00:00:00,1,0,2024-07-20 05:46:01,0,2024-07-20 05:46:01,,,
2020-06-19,545.00,4.00,496.00,6.00,441.00,6.00,184,2020-06-19 00:00:00,1,0,2024-07-20 05:46:01,0,2024-07-20 05:46:01,,,
2020-06-12,541.00,5.00,490.00,5.00,435.00,4.00,185,2020-06-12 00:00:00,1,0,2024-07-20 05:46:01,0,2024-07-20 05:46:01,,,
2020-06-05,536.00,8.00,485.00,12.00,431.00,9.00,186,2020-06-05 00:00:00,1,0,2024-07-20 05:46:01,0,2024-07-20 05:46:01,,,
2020-05-29,528.00,16.00,473.00,18.00,422.00,16.00,187,2020-05-29 00:00:00,1,0,2024-07-20 05:46:01,0,2024-07-20 05:46:01,,,
2020-05-22,512.00,9.00,455.00,10.00,406.00,8.00,188,2020-05-22 00:00:00,1,0,2024-07-20 05:46:01,0,2024-07-20 05:46:01,,,
2020-05-15,503.00,2.00,445.00,3.00,398.00,2.00,189,2020-05-15 00:00:00,1,0,2024-07-20 05:46:01,0,2024-07-20 05:46:01,,,
2020-05-08,501.00,-28.00,442.00,-27.00,396.00,-24.00,190,2020-05-08 00:00:00,1,0,2024-07-20 05:46:01,0,2024-07-20 05:46:01,,,
2020-04-24,529.00,-2.00,469.00,-2.00,420.00,-3.00,191,2020-04-24 00:00:00,1,0,2024-07-20 05:46:01,0,2024-07-20 05:46:01,,,
2020-04-17,531.00,-4.00,471.00,-6.00,423.00,-5.00,192,2020-04-17 00:00:00,1,0,2024-07-20 05:46:01,0,2024-07-20 05:46:01,,,
2020-04-10,535.00,-5.00,477.00,-6.00,428.00,-4.00,193,2020-04-10 00:00:00,1,0,2024-07-20 05:46:01,0,2024-07-20 05:46:01,,,
2020-04-03,540.00,-10.00,483.00,-11.00,432.00,-12.00,194,2020-04-03 00:00:00,1,0,2024-07-20 05:46:01,0,2024-07-20 05:46:01,,,
2020-03-27,550.00,-2.00,494.00,-3.00,444.00,-3.00,195,2020-03-27 00:00:00,1,0,2024-07-20 05:46:01,0,2024-07-20 05:46:01,,,
2020-03-20,552.00,-3.00,497.00,-4.00,447.00,-3.00,196,2020-03-20 00:00:00,1,0,2024-07-20 05:46:01,0,2024-07-20 05:46:01,,,
2020-03-13,555.00,-2.00,501.00,-1.00,450.00,-2.00,197,2020-03-13 00:00:00,1,0,2024-07-20 05:46:01,0,2024-07-20 05:46:01,,,
2020-03-06,557.00,1.00,502.00,0.00,452.00,0.00,198,2020-03-06 00:00:00,1,0,2024-07-20 05:46:01,0,2024-07-20 05:46:01,,,
2020-02-28,556.00,0.00,502.00,0.00,452.00,0.00,199,2020-02-28 00:00:00,1,0,2024-07-20 05:46:01,0,2024-07-20 05:46:01,,,
2020-02-21,556.00,0.00,502.00,0.00,452.00,1.00,200,2020-02-21 00:00:00,1,0,2024-07-20 05:46:01,0,2024-07-20 05:46:01,,,
2020-02-14,556.00,3.00,502.00,4.00,451.00,3.00,201,2020-02-14 00:00:00,1,0,2024-07-20 05:46:01,0,2024-07-20 05:46:01,,,
2020-02-07,553.00,2.00,498.00,2.00,448.00,2.00,202,2020-02-07 00:00:00,1,0,2024-07-20 05:46:01,0,2024-07-20 05:46:01,,,
2020-01-17,551.00,1.00,496.00,1.00,446.00,1.00,203,2020-01-17 00:00:00,1,0,2024-07-20 05:46:01,0,2024-07-20 05:46:01,,,
2020-01-10,550.00,1.00,495.00,1.00,445.00,1.00,204,2020-01-10 00:00:00,1,0,2024-07-20 05:46:01,0,2024-07-20 05:46:01,,,
2020-01-03,549.00,0.00,494.00,1.00,444.00,1.00,205,2020-01-03 00:00:00,1,0,2024-07-20 05:46:01,0,2024-07-20 05:46:01,,,
2019-12-27,549.00,1.00,493.00,1.00,443.00,1.00,206,2019-12-27 00:00:00,1,0,2024-07-20 05:46:01,0,2024-07-20 05:46:01,,,
2019-12-20,548.00,0.00,492.00,0.00,442.00,0.00,207,2019-12-20 00:00:00,1,0,2024-07-20 05:46:01,0,2024-07-20 05:46:01,,,
2019-12-13,548.00,-1.00,492.00,-1.00,442.00,-1.00,208,2019-12-13 00:00:00,1,0,2024-07-20 05:46:01,0,2024-07-20 05:46:01,,,
2019-12-06,549.00,-8.00,493.00,-6.00,443.00,-5.00,209,2019-12-06 00:00:00,1,0,2024-07-20 05:46:01,0,2024-07-20 05:46:01,,,
2019-11-29,557.00,0.00,499.00,1.00,448.00,1.00,210,2019-11-29 00:00:00,1,0,2024-07-20 05:46:01,0,2024-07-20 05:46:01,,,
2019-11-22,557.00,0.00,498.00,1.00,447.00,1.00,211,2019-11-22 00:00:00,1,0,2024-07-20 05:46:04,0,2024-07-20 05:46:04,,,
2019-11-15,557.00,0.00,497.00,0.00,446.00,0.00,212,2019-11-15 00:00:00,1,0,2024-07-20 05:46:04,0,2024-07-20 05:46:04,,,
2019-11-08,557.00,-8.00,497.00,-8.00,446.00,-7.00,213,2019-11-08 00:00:00,1,0,2024-07-20 05:46:04,0,2024-07-20 05:46:04,,,
2019-11-01,565.00,-2.00,505.00,-2.00,453.00,-2.00,214,2019-11-01 00:00:00,1,0,2024-07-20 05:46:04,0,2024-07-20 05:46:04,,,
2019-10-25,567.00,-2.00,507.00,-2.00,455.00,-2.00,215,2019-10-25 00:00:00,1,0,2024-07-20 05:46:04,0,2024-07-20 05:46:04,,,
2019-10-18,569.00,-1.00,509.00,-1.00,457.00,0.00,216,2019-10-18 00:00:00,1,0,2024-07-20 05:46:04,0,2024-07-20 05:46:04,,,
2019-10-11,570.00,0.00,510.00,1.00,457.00,1.00,217,2019-10-11 00:00:00,1,0,2024-07-20 05:46:04,0,2024-07-20 05:46:04,,,
2019-09-27,570.00,0.00,509.00,0.00,456.00,0.00,218,2019-09-27 00:00:00,1,0,2024-07-20 05:46:04,0,2024-07-20 05:46:04,,,
2019-09-20,570.00,1.00,509.00,1.00,456.00,2.00,219,2019-09-20 00:00:00,1,0,2024-07-20 05:46:04,0,2024-07-20 05:46:04,,,
2019-09-06,569.00,-5.00,508.00,-2.00,454.00,-1.00,220,2019-09-06 00:00:00,1,0,2024-07-20 05:46:04,0,2024-07-20 05:46:04,,,
2019-08-30,574.00,0.00,510.00,1.00,455.00,0.00,221,2019-08-30 00:00:00,1,0,2024-07-20 05:46:04,0,2024-07-20 05:46:04,,,
2019-08-23,574.00,0.00,509.00,1.00,455.00,1.00,222,2019-08-23 00:00:00,1,0,2024-07-20 05:46:04,0,2024-07-20 05:46:04,,,
2019-08-16,574.00,-1.00,508.00,-2.00,454.00,0.00,223,2019-08-16 00:00:00,1,0,2024-07-20 05:46:04,0,2024-07-20 05:46:04,,,
2019-08-09,575.00,-2.00,510.00,-1.00,454.00,0.00,224,2019-08-09 00:00:00,1,0,2024-07-20 05:46:04,0,2024-07-20 05:46:04,,,
2019-08-02,577.00,0.00,511.00,-2.00,454.00,-2.00,225,2019-08-02 00:00:00,1,0,2024-07-20 05:46:04,0,2024-07-20 05:46:04,,,
2019-07-26,577.00,-1.00,513.00,-1.00,456.00,-1.00,226,2019-07-26 00:00:00,1,0,2024-07-20 05:46:04,0,2024-07-20 05:46:04,,,
2019-07-19,578.00,-2.00,514.00,-3.00,457.00,-2.00,227,2019-07-19 00:00:00,1,0,2024-07-20 05:46:04,0,2024-07-20 05:46:04,,,
2019-07-12,580.00,-1.00,517.00,-1.00,459.00,-1.00,228,2019-07-12 00:00:00,1,0,2024-07-20 05:46:04,0,2024-07-20 05:46:04,,,
2019-07-05,581.00,1.00,518.00,5.00,460.00,3.00,229,2019-07-05 00:00:00,1,0,2024-07-20 05:46:04,0,2024-07-20 05:46:04,,,
2019-06-28,580.00,1.00,513.00,3.00,457.00,1.00,230,2019-06-28 00:00:00,1,0,2024-07-20 05:46:04,0,2024-07-20 05:46:04,,,
2019-06-21,579.00,0.00,510.00,0.00,456.00,0.00,231,2019-06-21 00:00:00,1,0,2024-07-20 05:46:04,0,2024-07-20 05:46:04,,,
2019-06-14,579.00,-9.00,510.00,-5.00,456.00,-3.00,232,2019-06-14 00:00:00,1,0,2024-07-20 05:46:04,0,2024-07-20 05:46:04,,,
2019-05-31,588.00,-2.00,515.00,-2.00,459.00,-2.00,233,2019-05-31 00:00:00,1,0,2024-07-20 05:46:04,0,2024-07-20 05:46:04,,,
2019-05-24,590.00,-1.00,517.00,-1.00,461.00,-1.00,234,2019-05-24 00:00:00,1,0,2024-07-20 05:46:04,0,2024-07-20 05:46:04,,,
2019-05-17,591.00,0.00,518.00,1.00,462.00,1.00,235,2019-05-17 00:00:00,1,0,2024-07-20 05:46:04,0,2024-07-20 05:46:04,,,
2019-05-10,591.00,0.00,517.00,0.00,461.00,0.00,236,2019-05-10 00:00:00,1,0,2024-07-20 05:46:04,0,2024-07-20 05:46:04,,,
2019-05-06,591.00,0.00,517.00,0.00,461.00,0.00,237,2019-05-06 00:00:00,1,0,2024-07-20 05:46:04,0,2024-07-20 05:46:04,,,
2019-04-29,591.00,-2.00,517.00,-2.00,461.00,-2.00,238,2019-04-29 00:00:00,1,0,2024-07-20 05:46:04,0,2024-07-20 05:46:04,,,
2019-04-22,593.00,-1.00,519.00,0.00,463.00,-1.00,239,2019-04-22 00:00:00,1,0,2024-07-20 05:46:04,0,2024-07-20 05:46:04,,,
2019-04-15,594.00,2.00,519.00,3.00,464.00,3.00,240,2019-04-15 00:00:00,1,0,2024-07-20 05:46:04,0,2024-07-20 05:46:04,,,
2019-04-08,592.00,7.00,516.00,0.00,461.00,0.00,241,2019-04-08 00:00:00,1,0,2024-07-20 05:46:07,0,2024-07-20 05:46:07,,,
2019-04-01,585.00,0.00,516.00,-1.00,461.00,-1.00,242,2019-04-01 00:00:00,1,0,2024-07-20 05:46:07,0,2024-07-20 05:46:07,,,
2019-03-25,585.00,-2.00,517.00,-6.00,462.00,-5.00,243,2019-03-25 00:00:00,1,0,2024-07-20 05:46:07,0,2024-07-20 05:46:07,,,
2019-03-18,587.00,8.00,523.00,2.00,467.00,2.00,244,2019-03-18 00:00:00,1,0,2024-07-20 05:46:07,0,2024-07-20 05:46:07,,,
2019-03-11,579.00,8.00,521.00,7.00,465.00,8.00,245,2019-03-11 00:00:00,1,0,2024-07-20 05:46:07,0,2024-07-20 05:46:07,,,
2019-03-04,571.00,2.00,514.00,3.00,457.00,3.00,246,2019-03-04 00:00:00,1,0,2024-07-20 05:46:07,0,2024-07-20 05:46:07,,,
2019-02-25,569.00,4.00,511.00,4.00,454.00,4.00,247,2019-02-25 00:00:00,1,0,2024-07-20 05:46:07,0,2024-07-20 05:46:07,,,
2019-02-18,565.00,3.00,507.00,3.00,450.00,3.00,248,2019-02-18 00:00:00,1,0,2024-07-20 05:46:07,0,2024-07-20 05:46:07,,,
2019-02-11,562.00,-3.00,504.00,-3.00,447.00,-2.00,249,2019-02-11 00:00:00,1,0,2024-07-20 05:46:07,0,2024-07-20 05:46:07,,,
2019-01-28,565.00,2.00,507.00,2.00,449.00,1.00,250,2019-01-28 00:00:00,1,0,2024-07-20 05:46:07,0,2024-07-20 05:46:07,,,
2019-01-21,563.00,-2.00,505.00,-1.00,448.00,-1.00,251,2019-01-21 00:00:00,1,0,2024-07-20 05:46:07,0,2024-07-20 05:46:07,,,
2019-01-14,565.00,2.00,506.00,1.00,449.00,1.00,252,2019-01-14 00:00:00,1,0,2024-07-20 05:46:07,0,2024-07-20 05:46:07,,,
2019-01-07,563.00,-7.00,505.00,-7.00,448.00,-6.00,253,2019-01-07 00:00:00,1,0,2024-07-20 05:46:07,0,2024-07-20 05:46:07,,,
2018-12-24,570.00,-5.00,512.00,-5.00,454.00,-5.00,254,2018-12-24 00:00:00,1,0,2024-07-20 05:46:07,0,2024-07-20 05:46:07,,,
2018-12-17,575.00,-1.00,517.00,-2.00,459.00,-3.00,255,2018-12-17 00:00:00,1,0,2024-07-20 05:46:07,0,2024-07-20 05:46:07,,,
2018-12-10,576.00,-4.00,519.00,-4.00,462.00,-5.00,256,2018-12-10 00:00:00,1,0,2024-07-20 05:46:07,0,2024-07-20 05:46:07,,,
2018-12-03,580.00,1.00,523.00,0.00,467.00,1.00,257,2018-12-03 00:00:00,1,0,2024-07-20 05:46:07,0,2024-07-20 05:46:07,,,
2018-11-26,579.00,-2.00,523.00,-3.00,466.00,-2.00,258,2018-11-26 00:00:00,1,0,2024-07-20 05:46:07,0,2024-07-20 05:46:07,,,
2018-11-19,581.00,-5.00,526.00,-5.00,468.00,-5.00,259,2018-11-19 00:00:00,1,0,2024-07-20 05:46:07,0,2024-07-20 05:46:07,,,
2018-11-12,586.00,2.00,531.00,1.00,473.00,1.00,260,2018-11-12 00:00:00,1,0,2024-07-20 05:46:07,0,2024-07-20 05:46:07,,,
2018-11-05,584.00,-2.00,530.00,-1.00,472.00,-1.00,261,2018-11-05 00:00:00,1,0,2024-07-20 05:46:07,0,2024-07-20 05:46:07,,,
2018-10-29,586.00,-4.00,531.00,-3.00,473.00,-4.00,262,2018-10-29 00:00:00,1,0,2024-07-20 05:46:07,0,2024-07-20 05:46:07,,,
2018-10-22,590.00,3.00,534.00,3.00,477.00,3.00,263,2018-10-22 00:00:00,1,0,2024-07-20 05:46:07,0,2024-07-20 05:46:07,,,
2018-10-15,587.00,6.00,531.00,8.00,474.00,9.00,264,2018-10-15 00:00:00,1,0,2024-07-20 05:46:07,0,2024-07-20 05:46:07,,,
2018-10-08,581.00,3.00,523.00,4.00,465.00,4.00,265,2018-10-08 00:00:00,1,0,2024-07-20 05:46:07,0,2024-07-20 05:46:07,,,
2018-09-17,578.00,2.00,519.00,5.00,461.00,3.00,266,2018-09-17 00:00:00,1,0,2024-07-20 05:46:07,0,2024-07-20 05:46:07,,,
2018-09-10,576.00,1.00,514.00,1.00,458.00,1.00,267,2018-09-10 00:00:00,1,0,2024-07-20 05:46:07,0,2024-07-20 05:46:07,,,
2018-09-03,575.00,2.00,513.00,3.00,457.00,1.00,268,2018-09-03 00:00:00,1,0,2024-07-20 05:46:07,0,2024-07-20 05:46:07,,,
2018-08-27,573.00,-2.00,510.00,-3.00,456.00,-2.00,269,2018-08-27 00:00:00,1,0,2024-07-20 05:46:07,0,2024-07-20 05:46:07,,,
2018-08-20,575.00,0.00,513.00,1.00,458.00,1.00,270,2018-08-20 00:00:00,1,0,2024-07-20 05:46:07,0,2024-07-20 05:46:07,,,
2018-08-13,575.00,7.00,512.00,7.00,457.00,8.00,271,2018-08-13 00:00:00,1,0,2024-07-20 05:46:09,0,2024-07-20 05:46:09,,,
2018-08-06,568.00,-8.00,505.00,-22.00,449.00,-10.00,272,2018-08-06 00:00:00,1,0,2024-07-20 05:46:09,0,2024-07-20 05:46:09,,,
2018-07-30,576.00,-6.00,527.00,-10.00,459.00,-11.00,273,2018-07-30 00:00:00,1,0,2024-07-20 05:46:09,0,2024-07-20 05:46:09,,,
2018-07-23,582.00,-4.00,537.00,-7.00,470.00,-7.00,274,2018-07-23 00:00:00,1,0,2024-07-20 05:46:09,0,2024-07-20 05:46:09,,,
2018-07-16,586.00,-1.00,544.00,-2.00,477.00,-2.00,275,2018-07-16 00:00:00,1,0,2024-07-20 05:46:09,0,2024-07-20 05:46:09,,,
2018-07-09,587.00,0.00,546.00,1.00,479.00,1.00,276,2018-07-09 00:00:00,1,0,2024-07-20 05:46:09,0,2024-07-20 05:46:09,,,
2018-07-02,587.00,-1.00,545.00,-2.00,478.00,-2.00,277,2018-07-02 00:00:00,1,0,2024-07-20 05:46:09,0,2024-07-20 05:46:09,,,
2018-06-25,588.00,-1.00,547.00,-2.00,480.00,-2.00,278,2018-06-25 00:00:00,1,0,2024-07-20 05:46:09,0,2024-07-20 05:46:09,,,
2018-06-11,589.00,0.00,549.00,2.00,482.00,3.00,279,2018-06-11 00:00:00,1,0,2024-07-20 05:46:09,0,2024-07-20 05:46:09,,,
2018-06-04,589.00,3.00,547.00,9.00,479.00,8.00,280,2018-06-04 00:00:00,1,0,2024-07-20 05:46:09,0,2024-07-20 05:46:09,,,
2018-05-28,586.00,-1.00,538.00,-2.00,471.00,-3.00,281,2018-05-28 00:00:00,1,0,2024-07-20 05:46:09,0,2024-07-20 05:46:09,,,
2018-05-21,587.00,2.00,540.00,11.00,474.00,10.00,282,2018-05-21 00:00:00,1,0,2024-07-20 05:46:09,0,2024-07-20 05:46:09,,,
2018-05-14,585.00,0.00,529.00,5.00,464.00,3.00,283,2018-05-14 00:00:00,1,0,2024-07-20 05:46:09,0,2024-07-20 05:46:09,,,
2018-05-07,585.00,-2.00,524.00,-5.00,461.00,4.00,284,2018-05-07 00:00:00,1,0,2024-07-20 05:46:09,0,2024-07-20 05:46:09,,,
2018-04-23,587.00,1.00,529.00,1.00,457.00,1.00,285,2018-04-23 00:00:00,1,0,2024-07-20 05:46:09,0,2024-07-20 05:46:09,,,
2018-04-16,586.00,-2.00,528.00,-5.00,456.00,-5.00,286,2018-04-16 00:00:00,1,0,2024-07-20 05:46:09,0,2024-07-20 05:46:09,,,
2018-04-09,588.00,-3.00,533.00,-4.00,461.00,-4.00,287,2018-04-09 00:00:00,1,0,2024-07-20 05:46:09,0,2024-07-20 05:46:09,,,
2018-04-02,591.00,-16.00,537.00,-27.00,465.00,-26.00,288,2018-04-02 00:00:00,1,0,2024-07-20 05:46:09,0,2024-07-20 05:46:09,,,
2018-03-26,607.00,-2.00,564.00,-13.00,491.00,-18.00,289,2018-03-26 00:00:00,1,0,2024-07-20 05:46:09,0,2024-07-20 05:46:09,,,
2018-03-19,609.00,-2.00,577.00,-7.00,509.00,-15.00,290,2018-03-19 00:00:00,1,0,2024-07-20 05:46:09,0,2024-07-20 05:46:09,,,
2018-03-12,611.00,-1.00,584.00,-6.00,524.00,-8.00,291,2018-03-12 00:00:00,1,0,2024-07-20 05:46:09,0,2024-07-20 05:46:09,,,
2018-03-05,612.00,-1.00,590.00,-3.00,532.00,-3.00,292,2018-03-05 00:00:00,1,0,2024-07-20 05:46:09,0,2024-07-20 05:46:09,,,
2018-02-26,613.00,-1.00,593.00,-3.00,535.00,-5.00,293,2018-02-26 00:00:00,1,0,2024-07-20 05:46:09,0,2024-07-20 05:46:09,,,
2018-02-12,614.00,-1.00,596.00,-2.00,540.00,-2.00,294,2018-02-12 00:00:00,1,0,2024-07-20 05:46:09,0,2024-07-20 05:46:09,,,
2018-02-05,615.00,-1.00,598.00,-1.00,542.00,7.00,295,2018-02-05 00:00:00,1,0,2024-07-20 05:46:09,0,2024-07-20 05:46:09,,,
2018-01-29,616.00,0.00,599.00,1.00,535.00,3.00,296,2018-01-29 00:00:00,1,0,2024-07-20 05:46:09,0,2024-07-20 05:46:09,,,
2018-01-22,616.00,-1.00,598.00,0.00,532.00,-1.00,297,2018-01-22 00:00:00,1,0,2024-07-20 05:46:09,0,2024-07-20 05:46:09,,,
2018-01-15,617.00,0.00,598.00,0.00,533.00,1.00,298,2018-01-15 00:00:00,1,0,2024-07-20 05:46:09,0,2024-07-20 05:46:09,,,
2018-01-08,617.00,0.00,598.00,1.00,532.00,5.00,299,2018-01-08 00:00:00,1,0,2024-07-20 05:46:09,0,2024-07-20 05:46:09,,,
2017-12-25,617.00,3.00,597.00,4.00,527.00,1.00,300,2017-12-25 00:00:00,1,0,2024-07-20 05:46:09,0,2024-07-20 05:46:09,,,
2017-12-18,614.00,2.00,593.00,2.00,526.00,1.00,301,2017-12-18 00:00:00,1,0,2024-07-20 05:46:12,0,2024-07-20 05:46:12,,,
2017-12-11,612.00,2.00,591.00,5.00,525.00,4.00,302,2017-12-11 00:00:00,1,0,2024-07-20 05:46:12,0,2024-07-20 05:46:12,,,
2017-12-04,610.00,1.00,586.00,8.00,521.00,9.00,303,2017-12-04 00:00:00,1,0,2024-07-20 05:46:12,0,2024-07-20 05:46:12,,,
2017-11-27,609.00,-1.00,578.00,1.00,512.00,3.00,304,2017-11-27 00:00:00,1,0,2024-07-20 05:46:12,0,2024-07-20 05:46:12,,,
2017-11-20,610.00,-2.00,577.00,-7.00,509.00,-4.00,305,2017-11-20 00:00:00,1,0,2024-07-20 05:46:12,0,2024-07-20 05:46:12,,,
2017-11-13,612.00,-3.00,584.00,-12.00,513.00,-11.00,306,2017-11-13 00:00:00,1,0,2024-07-20 05:46:12,0,2024-07-20 05:46:12,,,
2017-11-06,615.00,-1.00,596.00,-2.00,524.00,-2.00,307,2017-11-06 00:00:00,1,0,2024-07-20 05:46:12,0,2024-07-20 05:46:12,,,
2017-10-30,616.00,-2.00,598.00,-2.00,526.00,-1.00,308,2017-10-30 00:00:00,1,0,2024-07-20 05:46:12,0,2024-07-20 05:46:12,,,
2017-10-23,618.00,-3.00,600.00,-4.00,527.00,-5.00,309,2017-10-23 00:00:00,1,0,2024-07-20 05:46:12,0,2024-07-20 05:46:12,,,
2017-10-16,621.00,-1.00,604.00,0.00,532.00,0.00,310,2017-10-16 00:00:00,1,0,2024-07-20 05:46:12,0,2024-07-20 05:46:12,,,
2017-10-09,622.00,-1.00,604.00,0.00,532.00,0.00,311,2017-10-09 00:00:00,1,0,2024-07-20 05:46:12,0,2024-07-20 05:46:12,,,
2017-09-25,623.00,0.00,604.00,19.00,532.00,14.00,312,2017-09-25 00:00:00,1,0,2024-07-20 05:46:12,0,2024-07-20 05:46:12,,,
2017-09-18,623.00,13.00,585.00,14.00,518.00,12.00,313,2017-09-18 00:00:00,1,0,2024-07-20 05:46:12,0,2024-07-20 05:46:12,,,
2017-09-11,610.00,4.00,571.00,14.00,506.00,11.00,314,2017-09-11 00:00:00,1,0,2024-07-20 05:46:12,0,2024-07-20 05:46:12,,,
2017-09-04,606.00,-1.00,557.00,1.00,495.00,2.00,315,2017-09-04 00:00:00,1,0,2024-07-20 05:46:12,0,2024-07-20 05:46:12,,,
2017-08-28,607.00,-1.00,556.00,-7.00,493.00,-5.00,316,2017-08-28 00:00:00,1,0,2024-07-20 05:46:12,0,2024-07-20 05:46:12,,,
2017-08-21,608.00,0.00,563.00,-6.00,498.00,-5.00,317,2017-08-21 00:00:00,1,0,2024-07-20 05:46:12,0,2024-07-20 05:46:12,,,
2017-08-14,608.00,0.00,569.00,0.00,503.00,0.00,318,2017-08-14 00:00:00,1,0,2024-07-20 05:46:12,0,2024-07-20 05:46:12,,,
2017-08-07,608.00,0.00,569.00,0.00,503.00,-1.00,319,2017-08-07 00:00:00,1,0,2024-07-20 05:46:12,0,2024-07-20 05:46:12,,,
2017-07-31,608.00,3.00,569.00,2.00,504.00,1.00,320,2017-07-31 00:00:00,1,0,2024-07-20 05:46:12,0,2024-07-20 05:46:12,,,
2017-07-24,605.00,6.00,567.00,10.00,503.00,11.00,321,2017-07-24 00:00:00,1,0,2024-07-20 05:46:12,0,2024-07-20 05:46:12,,,
2017-07-17,599.00,10.00,557.00,13.00,492.00,17.00,322,2017-07-17 00:00:00,1,0,2024-07-20 05:46:12,0,2024-07-20 05:46:12,,,
2017-07-10,589.00,4.00,544.00,3.00,475.00,3.00,323,2017-07-10 00:00:00,1,0,2024-07-20 05:46:12,0,2024-07-20 05:46:12,,,
2017-07-03,585.00,6.00,541.00,9.00,472.00,8.00,324,2017-07-03 00:00:00,1,0,2024-07-20 05:46:12,0,2024-07-20 05:46:12,,,
2017-06-26,579.00,10.00,532.00,15.00,464.00,17.00,325,2017-06-26 00:00:00,1,0,2024-07-20 05:46:12,0,2024-07-20 05:46:12,,,
2017-06-19,569.00,4.00,517.00,16.00,447.00,11.00,326,2017-06-19 00:00:00,1,0,2024-07-20 05:46:12,0,2024-07-20 05:46:12,,,
2017-06-12,565.00,0.00,501.00,8.00,436.00,5.00,327,2017-06-12 00:00:00,1,0,2024-07-20 05:46:12,0,2024-07-20 05:46:12,,,
2017-06-05,565.00,-16.00,493.00,-8.00,431.00,-12.00,328,2017-06-05 00:00:00,1,0,2024-07-20 05:46:12,0,2024-07-20 05:46:12,,,
2017-05-22,581.00,-24.00,501.00,-16.00,443.00,-21.00,329,2017-05-22 00:00:00,1,0,2024-07-20 05:46:12,0,2024-07-20 05:46:12,,,
2017-05-15,605.00,-14.00,517.00,-11.00,464.00,-9.00,330,2017-05-15 00:00:00,1,0,2024-07-20 05:46:12,0,2024-07-20 05:46:12,,,
2017-05-08,619.00,-30.00,528.00,-43.00,473.00,-33.00,331,2017-05-08 00:00:00,1,0,2024-07-20 05:46:16,0,2024-07-20 05:46:16,,,
2017-04-24,649.00,-3.00,571.00,-18.00,506.00,-17.00,332,2017-04-24 00:00:00,1,0,2024-07-20 05:46:16,0,2024-07-20 05:46:16,,,
2017-04-17,652.00,-2.00,589.00,-12.00,523.00,-14.00,333,2017-04-17 00:00:00,1,0,2024-07-20 05:46:16,0,2024-07-20 05:46:16,,,
2017-04-10,654.00,-5.00,601.00,-7.00,537.00,-6.00,334,2017-04-10 00:00:00,1,0,2024-07-20 05:46:16,0,2024-07-20 05:46:16,,,
2017-04-03,659.00,10.00,608.00,10.00,543.00,2.00,335,2017-04-03 00:00:00,1,0,2024-07-20 05:46:16,0,2024-07-20 05:46:16,,,
2017-03-27,649.00,13.00,598.00,11.00,541.00,9.00,336,2017-03-27 00:00:00,1,0,2024-07-20 05:46:16,0,2024-07-20 05:46:16,,,
2017-03-20,636.00,11.00,587.00,14.00,532.00,15.00,337,2017-03-20 00:00:00,1,0,2024-07-20 05:46:16,0,2024-07-20 05:46:16,,,
2017-03-13,625.00,15.00,573.00,23.00,517.00,22.00,338,2017-03-13 00:00:00,1,0,2024-07-20 05:46:16,0,2024-07-20 05:46:16,,,
2017-03-06,610.00,5.00,550.00,11.00,495.00,19.00,339,2017-03-06 00:00:00,1,0,2024-07-20 05:46:16,0,2024-07-20 05:46:16,,,
2017-02-27,605.00,3.00,539.00,4.00,476.00,3.00,340,2017-02-27 00:00:00,1,0,2024-07-20 05:46:16,0,2024-07-20 05:46:16,,,
2017-02-20,602.00,-3.00,535.00,-1.00,473.00,-1.00,341,2017-02-20 00:00:00,1,0,2024-07-20 05:46:16,0,2024-07-20 05:46:16,,,
2017-02-13,605.00,-6.00,536.00,-5.00,474.00,-6.00,342,2017-02-13 00:00:00,1,0,2024-07-20 05:46:16,0,2024-07-20 05:46:16,,,
2017-02-06,611.00,-3.00,541.00,-3.00,480.00,-3.00,343,2017-02-06 00:00:00,1,0,2024-07-20 05:46:16,0,2024-07-20 05:46:16,,,
2017-01-23,614.00,-5.00,544.00,-4.00,483.00,-2.00,344,2017-01-23 00:00:00,1,0,2024-07-20 05:46:16,0,2024-07-20 05:46:16,,,
2017-01-16,619.00,-2.00,548.00,-1.00,485.00,-1.00,345,2017-01-16 00:00:00,1,0,2024-07-20 05:46:16,0,2024-07-20 05:46:16,,,
2017-01-09,621.00,-8.00,549.00,-11.00,486.00,-8.00,346,2017-01-09 00:00:00,1,0,2024-07-20 05:46:16,0,2024-07-20 05:46:16,,,
2017-01-03,629.00,-10.00,560.00,-7.00,494.00,-5.00,347,2017-01-03 00:00:00,1,0,2024-07-20 05:46:16,0,2024-07-20 05:46:16,,,
2024-07-26,728.00,0.00,658.00,1.00,588.00,1.00,1108,2024-07-26 00:00:00,1,0,2024-08-01 10:36:44,0,2024-08-01 10:36:44,,,
2024-11-01,727.00,-1.00,657.00,0.00,589.00,0.00,1109,2024-11-01 00:00:00,1,0,2024-11-07 01:30:37,0,2024-11-07 01:30:37,,,
2024-10-25,728.00,0.00,657.00,0.00,589.00,0.00,1110,2024-10-25 00:00:00,1,0,2024-11-07 01:30:37,0,2024-11-07 01:30:37,,,
2024-10-18,728.00,-2.00,657.00,-2.00,589.00,-3.00,1111,2024-10-18 00:00:00,1,0,2024-11-07 01:30:37,0,2024-11-07 01:30:37,,,
2024-10-11,730.00,2.00,659.00,0.00,592.00,2.00,1112,2024-10-11 00:00:00,1,0,2024-11-07 01:30:37,0,2024-11-07 01:30:37,,,
2024-09-27,728.00,1.00,659.00,1.00,590.00,1.00,1113,2024-09-27 00:00:00,1,0,2024-11-07 01:30:37,0,2024-11-07 01:30:37,,,
2024-09-20,727.00,2.00,658.00,2.00,589.00,3.00,1114,2024-09-20 00:00:00,1,0,2024-11-07 01:30:37,0,2024-11-07 01:30:37,,,
2024-09-13,725.00,2.00,656.00,2.00,586.00,2.00,1115,2024-09-13 00:00:00,1,0,2024-11-07 01:30:37,0,2024-11-07 01:30:37,,,
2024-09-06,723.00,-2.00,654.00,0.00,584.00,-1.00,1116,2024-09-06 00:00:00,1,0,2024-11-07 01:30:37,0,2024-11-07 01:30:37,,,
2024-08-30,725.00,1.00,654.00,0.00,585.00,1.00,1117,2024-08-30 00:00:00,1,0,2024-11-07 01:30:37,0,2024-11-07 01:30:37,,,
2024-08-23,724.00,-1.00,654.00,-1.00,584.00,-1.00,1118,2024-08-23 00:00:00,1,0,2024-11-07 01:30:37,0,2024-11-07 01:30:37,,,
2024-08-16,725.00,-2.00,655.00,-1.00,585.00,-1.00,1119,2024-08-16 00:00:00,1,0,2024-11-07 01:30:37,0,2024-11-07 01:30:37,,,
2024-08-09,727.00,0.00,656.00,-1.00,586.00,-1.00,1120,2024-08-09 00:00:00,1,0,2024-11-07 01:30:37,0,2024-11-07 01:30:37,,,
2024-08-02,727.00,-1.00,657.00,-1.00,587.00,-1.00,1121,2024-08-02 00:00:00,1,0,2024-11-07 01:30:37,0,2024-11-07 01:30:37,,,
2024-11-08,727.00,0.00,656.00,-1.00,588.00,-1.00,1122,2024-11-08 00:00:00,1,0,2024-11-08 23:14:39,0,2024-11-08 23:14:39,,,
2024-11-15,726.00,-1.00,656.00,0.00,587.00,-1.00,1123,2024-11-15 00:00:00,1,0,2024-11-15 23:14:34,0,2024-11-15 23:14:34,,,
2024-11-22,724.00,-2.00,654.00,-2.00,586.00,-1.00,1124,2024-11-22 00:00:00,1,0,2024-11-22 23:14:49,0,2024-11-22 23:14:49,,,
2024-11-29,722.00,-2.00,652.00,-2.00,584.00,-2.00,1125,2024-11-29 00:00:00,1,0,2024-11-29 23:14:48,0,2024-11-29 23:14:48,,,
2024-12-06,719.00,-3.00,649.00,-3.00,580.00,-4.00,1126,2024-12-06 00:00:00,1,0,2024-12-06 23:15:05,0,2024-12-06 23:15:05,,,
2024-12-13,716.00,-3.00,647.00,-2.00,577.00,-3.00,1127,2024-12-13 00:00:00,1,0,2024-12-13 23:14:37,0,2024-12-13 23:14:37,,,
2024-12-20,712.00,-4.00,642.00,-5.00,572.00,-5.00,1128,2024-12-20 00:00:00,1,0,2024-12-20 23:15:05,0,2024-12-20 23:15:05,,,
2024-12-27,709.00,-3.00,639.00,-3.00,568.00,-4.00,1129,2024-12-27 00:00:00,1,0,2024-12-27 23:14:33,0,2024-12-27 23:14:33,,,
2025-01-03,707.00,-2.00,637.00,-2.00,568.00,0.00,1130,2025-01-03 00:00:00,1,0,2025-01-03 23:14:48,0,2025-01-03 23:14:48,,,
2025-01-10,708.00,1.00,639.00,2.00,570.00,2.00,1131,2025-01-10 00:00:00,1,0,2025-01-10 23:14:36,0,2025-01-10 23:14:36,,,
2025-01-17,707.00,-1.00,638.00,-1.00,570.00,0.00,1132,2025-01-17 00:00:00,1,0,2025-01-17 23:14:32,0,2025-01-17 23:14:32,,,
2025-01-24,706.00,-1.00,637.00,-1.00,570.00,0.00,1133,2025-01-24 00:00:00,1,0,2025-01-24 23:14:34,0,2025-01-24 23:14:34,,,
2025-02-07,704.00,-2.00,635.00,-2.00,568.00,-2.00,1134,2025-02-07 00:00:00,1,0,2025-02-07 23:14:23,0,2025-02-07 23:14:23,,,
2025-02-14,703.00,-1.00,634.00,-1.00,568.00,0.00,1135,2025-02-14 00:00:00,1,0,2025-02-14 23:14:53,0,2025-02-14 23:14:53,,,
2025-02-21,699.00,-4.00,632.00,-2.00,565.00,-3.00,1136,2025-02-21 00:00:00,1,0,2025-02-21 23:14:34,0,2025-02-21 23:14:34,,,
2025-02-28,695.00,-4.00,627.00,-5.00,561.00,-4.00,1137,2025-02-28 00:00:00,1,0,2025-02-28 23:14:39,0,2025-02-28 23:14:39,,,
