时间,项目名称,累计值(万平方米),累计增长(%),_ID,_DATA_TIME,_ACTIVE,_CREATE_ID,_CREATE_TIME,_UPDATE_ID,_UPDATE_TIME,_REMARK,_CHANGE_LOG,_RESERVE
2022-12,房地产业土地购置面积,10052.07,-53.40,1,2022-12-31 00:00:00,1,0,2024-07-21 04:35:49,0,2024-07-21 04:35:49,,,
2022-12,房地产业土地成交价款,9165.97,-48.40,2,2022-12-31 00:00:00,1,0,2024-07-21 04:35:49,0,2024-07-21 04:35:49,,,
2022-11,房地产业土地购置面积,8455.16,-53.80,3,2022-11-30 00:00:00,1,0,2024-07-21 04:35:49,0,2024-07-21 04:35:49,,,
2022-11,房地产业土地成交价款,7590.69,-47.70,4,2022-11-30 00:00:00,1,0,2024-07-21 04:35:49,0,2024-07-21 04:35:49,,,
2022-10,房地产业土地购置面积,7432.25,-53.00,5,2022-10-31 00:00:00,1,0,2024-07-21 04:35:49,0,2024-07-21 04:35:49,,,
2022-10,房地产业土地成交价款,6060.77,-46.90,6,2022-10-31 00:00:00,1,0,2024-07-21 04:35:49,0,2024-07-21 04:35:49,,,
2022-09,房地产业土地购置面积,6448.72,-53.00,7,2022-09-30 00:00:00,1,0,2024-07-21 04:35:49,0,2024-07-21 04:35:49,,,
2022-09,房地产业土地成交价款,5024.00,-46.20,8,2022-09-30 00:00:00,1,0,2024-07-21 04:35:49,0,2024-07-21 04:35:49,,,
2022-08,房地产业土地购置面积,5400.05,-49.70,9,2022-08-31 00:00:00,1,0,2024-07-21 04:35:49,0,2024-07-21 04:35:49,,,
2022-08,房地产业土地成交价款,3819.43,-42.50,10,2022-08-31 00:00:00,1,0,2024-07-21 04:35:49,0,2024-07-21 04:35:49,,,
2022-07,房地产业土地成交价款,2918.26,-43.00,11,2022-07-31 00:00:00,1,0,2024-07-21 04:35:49,0,2024-07-21 04:35:49,,,
2022-07,房地产业土地购置面积,4545.65,-48.10,12,2022-07-31 00:00:00,1,0,2024-07-21 04:35:49,0,2024-07-21 04:35:49,,,
2022-06,房地产业土地成交价款,2043.22,-46.30,13,2022-06-30 00:00:00,1,0,2024-07-21 04:35:49,0,2024-07-21 04:35:49,,,
2022-06,房地产业土地购置面积,3627.96,-48.30,14,2022-06-30 00:00:00,1,0,2024-07-21 04:35:49,0,2024-07-21 04:35:49,,,
2022-05,房地产业土地成交价款,1388.69,-28.10,15,2022-05-31 00:00:00,1,0,2024-07-21 04:35:49,0,2024-07-21 04:35:49,,,
2022-05,房地产业土地购置面积,2388.99,-45.70,16,2022-05-31 00:00:00,1,0,2024-07-21 04:35:49,0,2024-07-21 04:35:49,,,
2022-04,房地产业土地购置面积,1766.14,-46.50,17,2022-04-30 00:00:00,1,0,2024-07-21 04:35:49,0,2024-07-21 04:35:49,,,
2022-04,房地产业土地成交价款,955.05,-20.60,18,2022-04-30 00:00:00,1,0,2024-07-21 04:35:49,0,2024-07-21 04:35:49,,,
2022-03,房地产业土地成交价款,672.36,-16.90,19,2022-03-31 00:00:00,1,0,2024-07-21 04:35:49,0,2024-07-21 04:35:49,,,
2022-03,房地产业土地购置面积,1339.08,-41.80,20,2022-03-31 00:00:00,1,0,2024-07-21 04:35:49,0,2024-07-21 04:35:49,,,
2022-02,房地产业土地购置面积,838.13,-42.30,21,2022-02-28 00:00:00,1,0,2024-07-21 04:35:49,0,2024-07-21 04:35:49,,,
2022-02,房地产业土地成交价款,369.12,-26.70,22,2022-02-28 00:00:00,1,0,2024-07-21 04:35:49,0,2024-07-21 04:35:49,,,
2021-12,房地产业土地成交价款,17756.28,2.80,23,2021-12-31 00:00:00,1,0,2024-07-21 04:35:49,0,2024-07-21 04:35:49,,,
2021-12,房地产业土地购置面积,21589.86,-15.50,24,2021-12-31 00:00:00,1,0,2024-07-21 04:35:49,0,2024-07-21 04:35:49,,,
2021-11,房地产业土地成交价款,14519.47,4.50,25,2021-11-30 00:00:00,1,0,2024-07-21 04:35:49,0,2024-07-21 04:35:49,,,
2021-11,房地产业土地购置面积,18287.48,-11.20,26,2021-11-30 00:00:00,1,0,2024-07-21 04:35:49,0,2024-07-21 04:35:49,,,
2021-10,房地产业土地成交价款,11410.46,0.20,27,2021-10-31 00:00:00,1,0,2024-07-21 04:35:49,0,2024-07-21 04:35:49,,,
2021-10,房地产业土地购置面积,15824.08,-11.00,28,2021-10-31 00:00:00,1,0,2024-07-21 04:35:49,0,2024-07-21 04:35:49,,,
2021-09,房地产业土地成交价款,9346.91,0.30,29,2021-09-30 00:00:00,1,0,2024-07-21 04:35:49,0,2024-07-21 04:35:49,,,
2021-09,房地产业土地购置面积,13729.98,-8.50,30,2021-09-30 00:00:00,1,0,2024-07-21 04:35:49,0,2024-07-21 04:35:49,,,
2021-08,房地产业土地购置面积,10732.65,-10.20,31,2021-08-31 00:00:00,1,0,2024-07-21 04:35:52,0,2024-07-21 04:35:52,,,
2021-08,房地产业土地成交价款,6647.41,-6.20,32,2021-08-31 00:00:00,1,0,2024-07-21 04:35:52,0,2024-07-21 04:35:52,,,
2021-07,房地产业土地购置面积,8764.08,-9.30,33,2021-07-31 00:00:00,1,0,2024-07-21 04:35:52,0,2024-07-21 04:35:52,,,
2021-07,房地产业土地成交价款,5121.12,-4.80,34,2021-07-31 00:00:00,1,0,2024-07-21 04:35:52,0,2024-07-21 04:35:52,,,
2021-06,房地产业土地成交价款,3807.61,-5.70,35,2021-06-30 00:00:00,1,0,2024-07-21 04:35:52,0,2024-07-21 04:35:52,,,
2021-06,房地产业土地购置面积,7021.24,-11.80,36,2021-06-30 00:00:00,1,0,2024-07-21 04:35:52,0,2024-07-21 04:35:52,,,
2021-05,房地产业土地购置面积,4395.61,-7.50,37,2021-05-31 00:00:00,1,0,2024-07-21 04:35:52,0,2024-07-21 04:35:52,,,
2021-05,房地产业土地成交价款,1930.70,-20.50,38,2021-05-31 00:00:00,1,0,2024-07-21 04:35:52,0,2024-07-21 04:35:52,,,
2021-04,房地产业土地购置面积,3300.97,4.80,39,2021-04-30 00:00:00,1,0,2024-07-21 04:35:52,0,2024-07-21 04:35:52,,,
2021-04,房地产业土地成交价款,1203.06,-29.20,40,2021-04-30 00:00:00,1,0,2024-07-21 04:35:52,0,2024-07-21 04:35:52,,,
2021-03,房地产业土地成交价款,808.87,-17.30,41,2021-03-31 00:00:00,1,0,2024-07-21 04:35:52,0,2024-07-21 04:35:52,,,
2021-03,房地产业土地购置面积,2301.30,16.90,42,2021-03-31 00:00:00,1,0,2024-07-21 04:35:52,0,2024-07-21 04:35:52,,,
2021-02,房地产业土地成交价款,503.35,14.30,43,2021-02-28 00:00:00,1,0,2024-07-21 04:35:52,0,2024-07-21 04:35:52,,,
2021-02,房地产业土地购置面积,1452.84,33.00,44,2021-02-28 00:00:00,1,0,2024-07-21 04:35:52,0,2024-07-21 04:35:52,,,
2020-12,房地产业土地成交价款,17268.83,17.40,45,2020-12-31 00:00:00,1,0,2024-07-21 04:35:52,0,2024-07-21 04:35:52,,,
2020-12,房地产业土地购置面积,25536.28,-1.10,46,2020-12-31 00:00:00,1,0,2024-07-21 04:35:52,0,2024-07-21 04:35:52,,,
2020-11,房地产业土地购置面积,20590.60,-5.20,47,2020-11-30 00:00:00,1,0,2024-07-21 04:35:52,0,2024-07-21 04:35:52,,,
2020-11,房地产业土地成交价款,13890.27,16.10,48,2020-11-30 00:00:00,1,0,2024-07-21 04:35:52,0,2024-07-21 04:35:52,,,
2020-10,房地产业土地成交价款,11386.47,14.80,49,2020-10-31 00:00:00,1,0,2024-07-21 04:35:52,0,2024-07-21 04:35:52,,,
2020-10,房地产业土地购置面积,17774.77,-3.30,50,2020-10-31 00:00:00,1,0,2024-07-21 04:35:52,0,2024-07-21 04:35:52,,,
2020-09,房地产业土地成交价款,9315.51,13.80,51,2020-09-30 00:00:00,1,0,2024-07-21 04:35:52,0,2024-07-21 04:35:52,,,
2020-09,房地产业土地购置面积,15010.60,-2.90,52,2020-09-30 00:00:00,1,0,2024-07-21 04:35:52,0,2024-07-21 04:35:52,,,
2020-08,房地产业土地购置面积,11946.78,-2.40,53,2020-08-31 00:00:00,1,0,2024-07-21 04:35:52,0,2024-07-21 04:35:52,,,
2020-08,房地产业土地成交价款,7087.77,11.20,54,2020-08-31 00:00:00,1,0,2024-07-21 04:35:52,0,2024-07-21 04:35:52,,,
2020-07,房地产业土地购置面积,9659.30,-1.00,55,2020-07-31 00:00:00,1,0,2024-07-21 04:35:52,0,2024-07-21 04:35:52,,,
2020-07,房地产业土地成交价款,5382.02,12.20,56,2020-07-31 00:00:00,1,0,2024-07-21 04:35:52,0,2024-07-21 04:35:52,,,
2020-06,房地产业土地成交价款,4036.13,5.90,57,2020-06-30 00:00:00,1,0,2024-07-21 04:35:52,0,2024-07-21 04:35:52,,,
2020-06,房地产业土地购置面积,7964.61,-0.90,58,2020-06-30 00:00:00,1,0,2024-07-21 04:35:52,0,2024-07-21 04:35:52,,,
2020-05,房地产业土地成交价款,2429.48,7.10,59,2020-05-31 00:00:00,1,0,2024-07-21 04:35:52,0,2024-07-21 04:35:52,,,
2020-05,房地产业土地购置面积,4752.05,-8.10,60,2020-05-31 00:00:00,1,0,2024-07-21 04:35:52,0,2024-07-21 04:35:52,,,
2020-04,房地产业土地成交价款,1699.37,6.90,61,2020-04-30 00:00:00,1,0,2024-07-21 04:35:55,0,2024-07-21 04:35:55,,,
2020-04,房地产业土地购置面积,3150.96,-12.00,62,2020-04-30 00:00:00,1,0,2024-07-21 04:35:55,0,2024-07-21 04:35:55,,,
2020-03,房地产业土地购置面积,1968.62,-22.60,63,2020-03-31 00:00:00,1,0,2024-07-21 04:35:55,0,2024-07-21 04:35:55,,,
2020-03,房地产业土地成交价款,977.49,-18.10,64,2020-03-31 00:00:00,1,0,2024-07-21 04:35:55,0,2024-07-21 04:35:55,,,
2020-02,房地产业土地成交价款,440.42,-36.20,65,2020-02-29 00:00:00,1,0,2024-07-21 04:35:55,0,2024-07-21 04:35:55,,,
2020-02,房地产业土地购置面积,1092.00,-29.30,66,2020-02-29 00:00:00,1,0,2024-07-21 04:35:55,0,2024-07-21 04:35:55,,,
2019-12,房地产业土地购置面积,25822.29,-11.40,67,2019-12-31 00:00:00,1,0,2024-07-21 04:35:55,0,2024-07-21 04:35:55,,,
2019-12,房地产业土地成交价款,14709.28,-8.70,68,2019-12-31 00:00:00,1,0,2024-07-21 04:35:55,0,2024-07-21 04:35:55,,,
2019-11,房地产业土地成交价款,11960.37,-13.00,69,2019-11-30 00:00:00,1,0,2024-07-21 04:35:55,0,2024-07-21 04:35:55,,,
2019-11,房地产业土地购置面积,21719.67,-14.20,70,2019-11-30 00:00:00,1,0,2024-07-21 04:35:55,0,2024-07-21 04:35:55,,,
2019-10,房地产业土地成交价款,9921.17,-15.20,71,2019-10-31 00:00:00,1,0,2024-07-21 04:35:55,0,2024-07-21 04:35:55,,,
2019-10,房地产业土地购置面积,18382.77,-16.30,72,2019-10-31 00:00:00,1,0,2024-07-21 04:35:55,0,2024-07-21 04:35:55,,,
2019-09,房地产业土地购置面积,15454.03,-20.20,73,2019-09-30 00:00:00,1,0,2024-07-21 04:35:55,0,2024-07-21 04:35:55,,,
2019-09,房地产业土地成交价款,8185.84,-18.20,74,2019-09-30 00:00:00,1,0,2024-07-21 04:35:55,0,2024-07-21 04:35:55,,,
2019-08,房地产业土地成交价款,6373.97,-22.00,75,2019-08-31 00:00:00,1,0,2024-07-21 04:35:55,0,2024-07-21 04:35:55,,,
2019-08,房地产业土地购置面积,12236.06,-25.60,76,2019-08-31 00:00:00,1,0,2024-07-21 04:35:55,0,2024-07-21 04:35:55,,,
2019-07,房地产业土地购置面积,9761.17,-29.40,77,2019-07-31 00:00:00,1,0,2024-07-21 04:35:55,0,2024-07-21 04:35:55,,,
2019-07,房地产业土地成交价款,4794.82,-27.60,78,2019-07-31 00:00:00,1,0,2024-07-21 04:35:55,0,2024-07-21 04:35:55,,,
2019-06,房地产业土地成交价款,3811.20,-27.60,79,2019-06-30 00:00:00,1,0,2024-07-21 04:35:55,0,2024-07-21 04:35:55,,,
2019-06,房地产业土地购置面积,8035.29,-27.50,80,2019-06-30 00:00:00,1,0,2024-07-21 04:35:55,0,2024-07-21 04:35:55,,,
2019-05,房地产业土地成交价款,2269.45,-35.60,81,2019-05-31 00:00:00,1,0,2024-07-21 04:35:55,0,2024-07-21 04:35:55,,,
2019-05,房地产业土地购置面积,5169.79,-33.20,82,2019-05-31 00:00:00,1,0,2024-07-21 04:35:55,0,2024-07-21 04:35:55,,,
2019-04,房地产业土地购置面积,3582.28,-33.80,83,2019-04-30 00:00:00,1,0,2024-07-21 04:35:55,0,2024-07-21 04:35:55,,,
2019-04,房地产业土地成交价款,1589.57,-33.50,84,2019-04-30 00:00:00,1,0,2024-07-21 04:35:55,0,2024-07-21 04:35:55,,,
2019-03,房地产业土地成交价款,1193.54,-27.00,85,2019-03-31 00:00:00,1,0,2024-07-21 04:35:55,0,2024-07-21 04:35:55,,,
2019-03,房地产业土地购置面积,2543.33,-33.10,86,2019-03-31 00:00:00,1,0,2024-07-21 04:35:55,0,2024-07-21 04:35:55,,,
2019-02,房地产业土地成交价款,690.20,-13.10,87,2019-02-28 00:00:00,1,0,2024-07-21 04:35:55,0,2024-07-21 04:35:55,,,
2019-02,房地产业土地购置面积,1545.19,-34.10,88,2019-02-28 00:00:00,1,0,2024-07-21 04:35:55,0,2024-07-21 04:35:55,,,
2018-12,房地产业土地成交价款,16102.16,18.00,89,2018-12-31 00:00:00,1,0,2024-07-21 04:35:55,0,2024-07-21 04:35:55,,,
2018-12,房地产业土地购置面积,29141.57,14.20,90,2018-12-31 00:00:00,1,0,2024-07-21 04:35:55,0,2024-07-21 04:35:55,,,
2018-11,房地产业土地购置面积,25325.63,14.30,91,2018-11-30 00:00:00,1,0,2024-07-21 04:35:58,0,2024-07-21 04:35:58,,,
2018-11,房地产业土地成交价款,13746.36,20.20,92,2018-11-30 00:00:00,1,0,2024-07-21 04:35:58,0,2024-07-21 04:35:58,,,
2018-10,房地产业土地购置面积,21962.57,15.30,93,2018-10-31 00:00:00,1,0,2024-07-21 04:35:58,0,2024-07-21 04:35:58,,,
2018-10,房地产业土地成交价款,11695.01,20.60,94,2018-10-31 00:00:00,1,0,2024-07-21 04:35:58,0,2024-07-21 04:35:58,,,
2018-09,房地产业土地购置面积,19366.18,15.70,95,2018-09-30 00:00:00,1,0,2024-07-21 04:35:58,0,2024-07-21 04:35:58,,,
2018-09,房地产业土地成交价款,10002.20,22.70,96,2018-09-30 00:00:00,1,0,2024-07-21 04:35:58,0,2024-07-21 04:35:58,,,
2018-08,房地产业土地购置面积,16451.29,15.60,97,2018-08-31 00:00:00,1,0,2024-07-21 04:35:58,0,2024-07-21 04:35:58,,,
2018-08,房地产业土地成交价款,8176.91,23.70,98,2018-08-31 00:00:00,1,0,2024-07-21 04:35:58,0,2024-07-21 04:35:58,,,
2018-07,房地产业土地购置面积,13817.61,11.30,99,2018-07-31 00:00:00,1,0,2024-07-21 04:35:58,0,2024-07-21 04:35:58,,,
2018-07,房地产业土地成交价款,6618.89,21.90,100,2018-07-31 00:00:00,1,0,2024-07-21 04:35:58,0,2024-07-21 04:35:58,,,
2018-06,房地产业土地购置面积,11085.11,7.20,101,2018-06-30 00:00:00,1,0,2024-07-21 04:35:58,0,2024-07-21 04:35:58,,,
2018-06,房地产业土地成交价款,5265.31,20.30,102,2018-06-30 00:00:00,1,0,2024-07-21 04:35:58,0,2024-07-21 04:35:58,,,
2018-05,房地产业土地购置面积,7741.76,2.10,103,2018-05-31 00:00:00,1,0,2024-07-21 04:35:58,0,2024-07-21 04:35:58,,,
2018-05,房地产业土地成交价款,3521.95,16.00,104,2018-05-31 00:00:00,1,0,2024-07-21 04:35:58,0,2024-07-21 04:35:58,,,
2018-04,房地产业土地购置面积,5411.56,-2.10,105,2018-04-30 00:00:00,1,0,2024-07-21 04:35:58,0,2024-07-21 04:35:58,,,
2018-04,房地产业土地成交价款,2391.37,13.60,106,2018-04-30 00:00:00,1,0,2024-07-21 04:35:58,0,2024-07-21 04:35:58,,,
2018-03,房地产业土地购置面积,3802.07,0.50,107,2018-03-31 00:00:00,1,0,2024-07-21 04:35:58,0,2024-07-21 04:35:58,,,
2018-03,房地产业土地成交价款,1633.88,20.30,108,2018-03-31 00:00:00,1,0,2024-07-21 04:35:58,0,2024-07-21 04:35:58,,,
2018-02,房地产业土地成交价款,794.25,0.00,109,2018-02-28 00:00:00,1,0,2024-07-21 04:35:58,0,2024-07-21 04:35:58,,,
2018-02,房地产业土地购置面积,2344.56,-1.20,110,2018-02-28 00:00:00,1,0,2024-07-21 04:35:58,0,2024-07-21 04:35:58,,,
2017-12,房地产业土地购置面积,25508.29,15.80,111,2017-12-31 00:00:00,1,0,2024-07-21 04:35:58,0,2024-07-21 04:35:58,,,
2017-12,房地产业土地成交价款,13643.39,49.40,112,2017-12-31 00:00:00,1,0,2024-07-21 04:35:58,0,2024-07-21 04:35:58,,,
2017-11,房地产业土地成交价款,11435.74,47.00,113,2017-11-30 00:00:00,1,0,2024-07-21 04:35:58,0,2024-07-21 04:35:58,,,
2017-11,房地产业土地购置面积,22158.24,16.30,114,2017-11-30 00:00:00,1,0,2024-07-21 04:35:58,0,2024-07-21 04:35:58,,,
2017-10,房地产业土地成交价款,9694.77,43.30,115,2017-10-31 00:00:00,1,0,2024-07-21 04:35:58,0,2024-07-21 04:35:58,,,
2017-10,房地产业土地购置面积,19047.81,12.90,116,2017-10-31 00:00:00,1,0,2024-07-21 04:35:58,0,2024-07-21 04:35:58,,,
2017-09,房地产业土地购置面积,16733.09,12.20,117,2017-09-30 00:00:00,1,0,2024-07-21 04:35:58,0,2024-07-21 04:35:58,,,
2017-09,房地产业土地成交价款,8148.81,46.30,118,2017-09-30 00:00:00,1,0,2024-07-21 04:35:58,0,2024-07-21 04:35:58,,,
2017-08,房地产业土地购置面积,14229.24,10.10,119,2017-08-31 00:00:00,1,0,2024-07-21 04:35:58,0,2024-07-21 04:35:58,,,
2017-08,房地产业土地成交价款,6609.41,42.70,120,2017-08-31 00:00:00,1,0,2024-07-21 04:35:58,0,2024-07-21 04:35:58,,,
2017-07,房地产业土地购置面积,12409.60,11.10,121,2017-07-31 00:00:00,1,0,2024-07-21 04:36:02,0,2024-07-21 04:36:02,,,
2017-07,房地产业土地成交价款,5427.69,41.00,122,2017-07-31 00:00:00,1,0,2024-07-21 04:36:02,0,2024-07-21 04:36:02,,,
2017-06,房地产业土地购置面积,10340.52,8.80,123,2017-06-30 00:00:00,1,0,2024-07-21 04:36:02,0,2024-07-21 04:36:02,,,
2017-06,房地产业土地成交价款,4376.11,38.50,124,2017-06-30 00:00:00,1,0,2024-07-21 04:36:02,0,2024-07-21 04:36:02,,,
2017-05,房地产业土地购置面积,7580.04,5.30,125,2017-05-31 00:00:00,1,0,2024-07-21 04:36:02,0,2024-07-21 04:36:02,,,
2017-05,房地产业土地成交价款,3035.59,32.30,126,2017-05-31 00:00:00,1,0,2024-07-21 04:36:02,0,2024-07-21 04:36:02,,,
2017-04,房地产业土地购置面积,5527.58,8.10,127,2017-04-30 00:00:00,1,0,2024-07-21 04:36:02,0,2024-07-21 04:36:02,,,
2017-04,房地产业土地成交价款,2104.50,34.20,128,2017-04-30 00:00:00,1,0,2024-07-21 04:36:02,0,2024-07-21 04:36:02,,,
2017-03,房地产业土地购置面积,3782.04,5.70,129,2017-03-31 00:00:00,1,0,2024-07-21 04:36:02,0,2024-07-21 04:36:02,,,
2017-03,房地产业土地成交价款,1358.62,16.70,130,2017-03-31 00:00:00,1,0,2024-07-21 04:36:02,0,2024-07-21 04:36:02,,,
2017-02,房地产业土地购置面积,2373.74,6.20,131,2017-02-28 00:00:00,1,0,2024-07-21 04:36:02,0,2024-07-21 04:36:02,,,
2017-02,房地产业土地成交价款,794.29,12.70,132,2017-02-28 00:00:00,1,0,2024-07-21 04:36:02,0,2024-07-21 04:36:02,,,
