时间,报价机构,规格,本期价格(元/吨),价格类型,备注,_ID,_DATA_TIME,_ACTIVE,_CREATE_ID,_CREATE_TIME,_UPDATE_ID,_UPDATE_TIME,_REMARK,_CHANGE_LOG,_RESERVE
2024-07-18,河南宝兴,含量99%,1900.00,出厂价,,1,2024-07-18 00:00:00,1,0,2024-07-21 00:55:00,0,2024-07-21 00:55:00,,,
2024-07-18,实建化学,含量99%,2150.00,市场价,,2,2024-07-18 00:00:00,1,0,2024-07-21 00:55:00,0,2024-07-21 00:55:00,,,
2024-07-11,河南宝兴,含量99%,1850.00,出厂价,,3,2024-07-11 00:00:00,1,0,2024-07-21 00:55:00,0,2024-07-21 00:55:00,,,
2024-07-11,实建化学,含量99%,2260.00,市场价,,4,2024-07-11 00:00:00,1,0,2024-07-21 00:55:00,0,2024-07-21 00:55:00,,,
2024-07-04,河南宝兴,含量99%,1800.00,出厂价,,5,2024-07-04 00:00:00,1,0,2024-07-21 00:55:00,0,2024-07-21 00:55:00,,,
2024-07-04,实建化学,含量99%,2260.00,市场价,,6,2024-07-04 00:00:00,1,0,2024-07-21 00:55:00,0,2024-07-21 00:55:00,,,
2024-06-27,河南宝兴,含量99%,1750.00,出厂价,,7,2024-06-27 00:00:00,1,0,2024-07-21 00:55:00,0,2024-07-21 00:55:00,,,
2024-06-27,实建化学,含量99%,2280.00,市场价,,8,2024-06-27 00:00:00,1,0,2024-07-21 00:55:00,0,2024-07-21 00:55:00,,,
2024-06-20,河南宝兴,含量99%,1700.00,出厂价,,9,2024-06-20 00:00:00,1,0,2024-07-21 00:55:00,0,2024-07-21 00:55:00,,,
2024-06-20,实建化学,含量99%,2280.00,市场价,,10,2024-06-20 00:00:00,1,0,2024-07-21 00:55:00,0,2024-07-21 00:55:00,,,
2024-06-13,河南宝兴,含量99%,1700.00,出厂价,,11,2024-06-13 00:00:00,1,0,2024-07-21 00:55:00,0,2024-07-21 00:55:00,,,
2024-06-13,实建化学,含量99%,2300.00,市场价,,12,2024-06-13 00:00:00,1,0,2024-07-21 00:55:00,0,2024-07-21 00:55:00,,,
2024-06-06,实建化学,含量99%,2450.00,市场价,,13,2024-06-06 00:00:00,1,0,2024-07-21 00:55:00,0,2024-07-21 00:55:00,,,
2024-05-30,河南宝兴,含量99%,1750.00,出厂价,,14,2024-05-30 00:00:00,1,0,2024-07-21 00:55:00,0,2024-07-21 00:55:00,,,
2024-05-30,实建化学,含量99%,2500.00,市场价,,15,2024-05-30 00:00:00,1,0,2024-07-21 00:55:00,0,2024-07-21 00:55:00,,,
2024-05-23,河南宝兴,含量99%,1700.00,出厂价,,16,2024-05-23 00:00:00,1,0,2024-07-21 00:55:00,0,2024-07-21 00:55:00,,,
2024-05-23,实建化学,含量99%,2420.00,市场价,,17,2024-05-23 00:00:00,1,0,2024-07-21 00:55:00,0,2024-07-21 00:55:00,,,
2024-05-16,河南宝兴,含量99%,1700.00,出厂价,,18,2024-05-16 00:00:00,1,0,2024-07-21 00:55:00,0,2024-07-21 00:55:00,,,
2024-05-16,实建化学,含量99%,2340.00,市场价,,19,2024-05-16 00:00:00,1,0,2024-07-21 00:55:00,0,2024-07-21 00:55:00,,,
2024-05-09,河南宝兴,含量99%,1750.00,出厂价,,20,2024-05-09 00:00:00,1,0,2024-07-21 00:55:00,0,2024-07-21 00:55:00,,,
2024-05-09,实建化学,含量99%,2400.00,市场价,,21,2024-05-09 00:00:00,1,0,2024-07-21 00:55:00,0,2024-07-21 00:55:00,,,
2024-04-25,河南宝兴,含量99%,1850.00,出厂价,,22,2024-04-25 00:00:00,1,0,2024-07-21 00:55:00,0,2024-07-21 00:55:00,,,
2024-04-25,实建化学,含量99%,2280.00,市场价,,23,2024-04-25 00:00:00,1,0,2024-07-21 00:55:00,0,2024-07-21 00:55:00,,,
2024-04-18,实建化学,含量99%,2080.00,市场价,,24,2024-04-18 00:00:00,1,0,2024-07-21 00:55:00,0,2024-07-21 00:55:00,,,
2024-04-11,实建化学,含量99%,2200.00,市场价,,25,2024-04-11 00:00:00,1,0,2024-07-21 00:55:00,0,2024-07-21 00:55:00,,,
2024-03-28,实建化学,含量99%,2350.00,市场价,,26,2024-03-28 00:00:00,1,0,2024-07-21 00:55:00,0,2024-07-21 00:55:00,,,
2024-03-21,实建化学,含量99%,2350.00,市场价,,27,2024-03-21 00:00:00,1,0,2024-07-21 00:55:00,0,2024-07-21 00:55:00,,,
2024-03-14,实建化学,含量99%,2250.00,市场价,,28,2024-03-14 00:00:00,1,0,2024-07-21 00:55:00,0,2024-07-21 00:55:00,,,
2024-03-07,实建化学,含量99%,2250.00,市场价,,29,2024-03-07 00:00:00,1,0,2024-07-21 00:55:00,0,2024-07-21 00:55:00,,,
2024-02-29,实建化学,含量99%,2180.00,市场价,,30,2024-02-29 00:00:00,1,0,2024-07-21 00:55:00,0,2024-07-21 00:55:00,,,
2024-02-22,实建化学,含量99%,2350.00,市场价,,31,2024-02-22 00:00:00,1,0,2024-07-21 00:55:04,0,2024-07-21 00:55:04,,,
2024-02-08,实建化学,含量99%,2500.00,市场价,,32,2024-02-08 00:00:00,1,0,2024-07-21 00:55:04,0,2024-07-21 00:55:04,,,
2024-02-01,实建化学,含量99%,2500.00,市场价,,33,2024-02-01 00:00:00,1,0,2024-07-21 00:55:04,0,2024-07-21 00:55:04,,,
2024-01-25,河南宝兴,含量99%,2100.00,出厂价,,34,2024-01-25 00:00:00,1,0,2024-07-21 00:55:04,0,2024-07-21 00:55:04,,,
2024-01-25,实建化学,含量99%,2620.00,市场价,,35,2024-01-25 00:00:00,1,0,2024-07-21 00:55:04,0,2024-07-21 00:55:04,,,
2024-01-18,河南宝兴,含量99%,2050.00,出厂价,,36,2024-01-18 00:00:00,1,0,2024-07-21 00:55:04,0,2024-07-21 00:55:04,,,
2024-01-18,实建化学,含量99%,2620.00,市场价,,37,2024-01-18 00:00:00,1,0,2024-07-21 00:55:04,0,2024-07-21 00:55:04,,,
2024-01-11,河南宝兴,含量99%,2050.00,出厂价,,38,2024-01-11 00:00:00,1,0,2024-07-21 00:55:04,0,2024-07-21 00:55:04,,,
2024-01-11,实建化学,含量99%,2720.00,市场价,,39,2024-01-11 00:00:00,1,0,2024-07-21 00:55:04,0,2024-07-21 00:55:04,,,
2024-01-04,河南宝兴,含量99%,2000.00,出厂价,,40,2024-01-04 00:00:00,1,0,2024-07-21 00:55:04,0,2024-07-21 00:55:04,,,
2024-01-04,实建化学,含量99%,2800.00,市场价,,41,2024-01-04 00:00:00,1,0,2024-07-21 00:55:04,0,2024-07-21 00:55:04,,,
2023-12-28,河南宝兴,含量99%,2000.00,出厂价,,42,2023-12-28 00:00:00,1,0,2024-07-21 00:55:04,0,2024-07-21 00:55:04,,,
2023-12-28,实建化学,含量99%,2880.00,市场价,,43,2023-12-28 00:00:00,1,0,2024-07-21 00:55:04,0,2024-07-21 00:55:04,,,
2023-12-21,河南宝兴,含量99%,1950.00,出厂价,,44,2023-12-21 00:00:00,1,0,2024-07-21 00:55:04,0,2024-07-21 00:55:04,,,
2023-12-21,实建化学,含量99%,2950.00,市场价,,45,2023-12-21 00:00:00,1,0,2024-07-21 00:55:04,0,2024-07-21 00:55:04,,,
2023-12-14,河南宝兴,含量99%,1980.00,出厂价,,46,2023-12-14 00:00:00,1,0,2024-07-21 00:55:04,0,2024-07-21 00:55:04,,,
2023-12-14,实建化学,含量99%,3000.00,市场价,,47,2023-12-14 00:00:00,1,0,2024-07-21 00:55:04,0,2024-07-21 00:55:04,,,
2023-12-07,河南宝兴,含量99%,1950.00,出厂价,,48,2023-12-07 00:00:00,1,0,2024-07-21 00:55:04,0,2024-07-21 00:55:04,,,
2023-12-07,实建化学,含量99%,3100.00,市场价,,49,2023-12-07 00:00:00,1,0,2024-07-21 00:55:04,0,2024-07-21 00:55:04,,,
2023-11-30,河南宝兴,含量99%,1950.00,出厂价,,50,2023-11-30 00:00:00,1,0,2024-07-21 00:55:04,0,2024-07-21 00:55:04,,,
2023-11-30,实建化学,含量99%,2750.00,市场价,,51,2023-11-30 00:00:00,1,0,2024-07-21 00:55:04,0,2024-07-21 00:55:04,,,
2023-11-23,河南宝兴,含量99%,1950.00,出厂价,,52,2023-11-23 00:00:00,1,0,2024-07-21 00:55:04,0,2024-07-21 00:55:04,,,
2023-11-23,实建化学,含量99%,2650.00,市场价,,53,2023-11-23 00:00:00,1,0,2024-07-21 00:55:04,0,2024-07-21 00:55:04,,,
2023-11-16,河南宝兴,含量99%,2180.00,出厂价,,54,2023-11-16 00:00:00,1,0,2024-07-21 00:55:04,0,2024-07-21 00:55:04,,,
2023-11-16,实建化学,含量99%,2600.00,市场价,,55,2023-11-16 00:00:00,1,0,2024-07-21 00:55:04,0,2024-07-21 00:55:04,,,
2023-11-09,河南宝兴,含量99%,2805.00,出厂价,,56,2023-11-09 00:00:00,1,0,2024-07-21 00:55:04,0,2024-07-21 00:55:04,,,
2023-11-09,实建化学,含量99%,2180.00,市场价,,57,2023-11-09 00:00:00,1,0,2024-07-21 00:55:04,0,2024-07-21 00:55:04,,,
2023-11-02,河南宝兴,含量99%,3100.00,出厂价,,58,2023-11-02 00:00:00,1,0,2024-07-21 00:55:04,0,2024-07-21 00:55:04,,,
2023-11-02,实建化学,含量99%,2150.00,市场价,,59,2023-11-02 00:00:00,1,0,2024-07-21 00:55:04,0,2024-07-21 00:55:04,,,
2023-10-26,河南宝兴,含量99%,3120.00,出厂价,,60,2023-10-26 00:00:00,1,0,2024-07-21 00:55:04,0,2024-07-21 00:55:04,,,
2023-10-26,实建化学,含量99%,2650.00,市场价,,61,2023-10-26 00:00:00,1,0,2024-07-21 00:55:07,0,2024-07-21 00:55:07,,,
2023-10-19,河南宝兴,含量99%,3150.00,出厂价,,62,2023-10-19 00:00:00,1,0,2024-07-21 00:55:07,0,2024-07-21 00:55:07,,,
2023-10-19,实建化学,含量99%,2800.00,市场价,,63,2023-10-19 00:00:00,1,0,2024-07-21 00:55:07,0,2024-07-21 00:55:07,,,
2023-10-12,河南宝兴,含量99%,3100.00,出厂价,,64,2023-10-12 00:00:00,1,0,2024-07-21 00:55:07,0,2024-07-21 00:55:07,,,
2023-10-12,实建化学,含量99%,3100.00,市场价,,65,2023-10-12 00:00:00,1,0,2024-07-21 00:55:07,0,2024-07-21 00:55:07,,,
2023-09-28,河南宝兴,含量99%,2410.00,出厂价,,66,2023-09-28 00:00:00,1,0,2024-07-21 00:55:07,0,2024-07-21 00:55:07,,,
2023-09-28,实建化学,含量99%,3280.00,市场价,,67,2023-09-28 00:00:00,1,0,2024-07-21 00:55:07,0,2024-07-21 00:55:07,,,
2023-09-21,河南宝兴,含量99%,2000.00,出厂价,,68,2023-09-21 00:00:00,1,0,2024-07-21 00:55:07,0,2024-07-21 00:55:07,,,
2023-09-21,实建化学,含量99%,3280.00,市场价,,69,2023-09-21 00:00:00,1,0,2024-07-21 00:55:07,0,2024-07-21 00:55:07,,,
2023-09-14,河南宝兴,含量99%,1650.00,出厂价,,70,2023-09-14 00:00:00,1,0,2024-07-21 00:55:07,0,2024-07-21 00:55:07,,,
2023-09-14,实建化学,含量99%,3280.00,市场价,,71,2023-09-14 00:00:00,1,0,2024-07-21 00:55:07,0,2024-07-21 00:55:07,,,
2023-09-07,河南宝兴,含量99%,1650.00,出厂价,,72,2023-09-07 00:00:00,1,0,2024-07-21 00:55:07,0,2024-07-21 00:55:07,,,
2023-09-07,实建化学,含量99%,3400.00,市场价,,73,2023-09-07 00:00:00,1,0,2024-07-21 00:55:07,0,2024-07-21 00:55:07,,,
2023-08-31,河南宝兴,含量99%,1700.00,出厂价,,74,2023-08-31 00:00:00,1,0,2024-07-21 00:55:07,0,2024-07-21 00:55:07,,,
2023-08-31,实建化学,含量99%,3500.00,市场价,,75,2023-08-31 00:00:00,1,0,2024-07-21 00:55:07,0,2024-07-21 00:55:07,,,
2023-08-24,河南宝兴,含量99%,1750.00,出厂价,,76,2023-08-24 00:00:00,1,0,2024-07-21 00:55:07,0,2024-07-21 00:55:07,,,
2023-08-24,实建化学,含量99%,2500.00,市场价,,77,2023-08-24 00:00:00,1,0,2024-07-21 00:55:07,0,2024-07-21 00:55:07,,,
2023-08-17,河南宝兴,含量99%,1800.00,出厂价,,78,2023-08-17 00:00:00,1,0,2024-07-21 00:55:07,0,2024-07-21 00:55:07,,,
2023-08-17,实建化学,含量99%,2250.00,市场价,,79,2023-08-17 00:00:00,1,0,2024-07-21 00:55:07,0,2024-07-21 00:55:07,,,
2023-08-10,河南宝兴,含量99%,1800.00,出厂价,,80,2023-08-10 00:00:00,1,0,2024-07-21 00:55:07,0,2024-07-21 00:55:07,,,
2023-08-10,实建化学,含量99%,2180.00,市场价,,81,2023-08-10 00:00:00,1,0,2024-07-21 00:55:07,0,2024-07-21 00:55:07,,,
2023-08-03,河南宝兴,含量99%,1750.00,出厂价,,82,2023-08-03 00:00:00,1,0,2024-07-21 00:55:07,0,2024-07-21 00:55:07,,,
2023-08-03,实建化学,含量99%,2300.00,市场价,,83,2023-08-03 00:00:00,1,0,2024-07-21 00:55:07,0,2024-07-21 00:55:07,,,
2023-07-27,河南宝兴,含量99%,1750.00,出厂价,,84,2023-07-27 00:00:00,1,0,2024-07-21 00:55:07,0,2024-07-21 00:55:07,,,
2023-07-27,实建化学,含量99%,2200.00,市场价,,85,2023-07-27 00:00:00,1,0,2024-07-21 00:55:07,0,2024-07-21 00:55:07,,,
2023-07-20,河南宝兴,含量99%,1750.00,出厂价,,86,2023-07-20 00:00:00,1,0,2024-07-21 00:55:07,0,2024-07-21 00:55:07,,,
2023-07-20,实建化学,含量99%,2200.00,市场价,,87,2023-07-20 00:00:00,1,0,2024-07-21 00:55:07,0,2024-07-21 00:55:07,,,
2023-07-13,河南宝兴,含量99%,1750.00,出厂价,,88,2023-07-13 00:00:00,1,0,2024-07-21 00:55:07,0,2024-07-21 00:55:07,,,
2023-07-13,实建化学,含量99%,2200.00,市场价,,89,2023-07-13 00:00:00,1,0,2024-07-21 00:55:07,0,2024-07-21 00:55:07,,,
2023-07-06,河南宝兴,含量99%,1750.00,出厂价,,90,2023-07-06 00:00:00,1,0,2024-07-21 00:55:07,0,2024-07-21 00:55:07,,,
2023-07-06,实建化学,含量99%,2200.00,市场价,,91,2023-07-06 00:00:00,1,0,2024-07-21 00:55:10,0,2024-07-21 00:55:10,,,
2023-06-29,河南宝兴,含量99%,1800.00,出厂价,,92,2023-06-29 00:00:00,1,0,2024-07-21 00:55:10,0,2024-07-21 00:55:10,,,
2023-06-29,实建化学,含量99%,2200.00,市场价,,93,2023-06-29 00:00:00,1,0,2024-07-21 00:55:10,0,2024-07-21 00:55:10,,,
2023-06-22,河南宝兴,含量99%,2500.00,出厂价,,94,2023-06-22 00:00:00,1,0,2024-07-21 00:55:10,0,2024-07-21 00:55:10,,,
2023-06-22,实建化学,含量99%,2200.00,市场价,,95,2023-06-22 00:00:00,1,0,2024-07-21 00:55:10,0,2024-07-21 00:55:10,,,
2023-06-15,河南宝兴,含量99%,2500.00,出厂价,,96,2023-06-15 00:00:00,1,0,2024-07-21 00:55:10,0,2024-07-21 00:55:10,,,
2023-06-15,实建化学,含量99%,2150.00,市场价,,97,2023-06-15 00:00:00,1,0,2024-07-21 00:55:10,0,2024-07-21 00:55:10,,,
2023-06-08,河南宝兴,含量99%,2500.00,出厂价,,98,2023-06-08 00:00:00,1,0,2024-07-21 00:55:10,0,2024-07-21 00:55:10,,,
2023-06-08,实建化学,含量99%,2150.00,市场价,,99,2023-06-08 00:00:00,1,0,2024-07-21 00:55:10,0,2024-07-21 00:55:10,,,
2023-06-01,河南宝兴,含量99%,2600.00,出厂价,,100,2023-06-01 00:00:00,1,0,2024-07-21 00:55:10,0,2024-07-21 00:55:10,,,
2023-06-01,实建化学,含量99%,2100.00,市场价,,101,2023-06-01 00:00:00,1,0,2024-07-21 00:55:10,0,2024-07-21 00:55:10,,,
2023-05-25,河南宝兴,含量99%,2750.00,出厂价,,102,2023-05-25 00:00:00,1,0,2024-07-21 00:55:10,0,2024-07-21 00:55:10,,,
2023-05-25,实建化学,含量99%,2500.00,市场价,,103,2023-05-25 00:00:00,1,0,2024-07-21 00:55:10,0,2024-07-21 00:55:10,,,
2023-05-18,河南宝兴,含量99%,2700.00,出厂价,,104,2023-05-18 00:00:00,1,0,2024-07-21 00:55:10,0,2024-07-21 00:55:10,,,
2023-05-18,实建化学,含量99%,2500.00,市场价,,105,2023-05-18 00:00:00,1,0,2024-07-21 00:55:10,0,2024-07-21 00:55:10,,,
2023-05-11,河南宝兴,含量99%,2700.00,出厂价,,106,2023-05-11 00:00:00,1,0,2024-07-21 00:55:10,0,2024-07-21 00:55:10,,,
2023-05-11,实建化学,含量99%,2900.00,市场价,,107,2023-05-11 00:00:00,1,0,2024-07-21 00:55:10,0,2024-07-21 00:55:10,,,
2023-05-04,河南宝兴,含量99%,2750.00,出厂价,,108,2023-05-04 00:00:00,1,0,2024-07-21 00:55:10,0,2024-07-21 00:55:10,,,
2023-05-04,实建化学,含量99%,2900.00,市场价,,109,2023-05-04 00:00:00,1,0,2024-07-21 00:55:10,0,2024-07-21 00:55:10,,,
2023-04-27,河南宝兴,含量99%,2750.00,出厂价,,110,2023-04-27 00:00:00,1,0,2024-07-21 00:55:10,0,2024-07-21 00:55:10,,,
2023-04-27,实建化学,含量99%,2900.00,市场价,,111,2023-04-27 00:00:00,1,0,2024-07-21 00:55:10,0,2024-07-21 00:55:10,,,
2023-04-20,河南宝兴,含量99%,2800.00,出厂价,,112,2023-04-20 00:00:00,1,0,2024-07-21 00:55:10,0,2024-07-21 00:55:10,,,
2023-04-20,实建化学,含量99%,2980.00,市场价,,113,2023-04-20 00:00:00,1,0,2024-07-21 00:55:10,0,2024-07-21 00:55:10,,,
2023-04-13,河南宝兴,含量99%,2800.00,出厂价,,114,2023-04-13 00:00:00,1,0,2024-07-21 00:55:10,0,2024-07-21 00:55:10,,,
2023-04-13,实建化学,含量99%,2980.00,市场价,,115,2023-04-13 00:00:00,1,0,2024-07-21 00:55:10,0,2024-07-21 00:55:10,,,
2023-04-06,河南宝兴,含量99%,2850.00,出厂价,,116,2023-04-06 00:00:00,1,0,2024-07-21 00:55:10,0,2024-07-21 00:55:10,,,
2023-04-06,实建化学,含量99%,2980.00,市场价,,117,2023-04-06 00:00:00,1,0,2024-07-21 00:55:10,0,2024-07-21 00:55:10,,,
2023-03-30,河南宝兴,含量99%,2850.00,出厂价,,118,2023-03-30 00:00:00,1,0,2024-07-21 00:55:10,0,2024-07-21 00:55:10,,,
2023-03-30,实建化学,含量99%,2980.00,市场价,,119,2023-03-30 00:00:00,1,0,2024-07-21 00:55:10,0,2024-07-21 00:55:10,,,
2023-03-23,河南宝兴,含量99%,2850.00,出厂价,,120,2023-03-23 00:00:00,1,0,2024-07-21 00:55:10,0,2024-07-21 00:55:10,,,
2023-03-23,实建化学,含量99%,2980.00,市场价,,121,2023-03-23 00:00:00,1,0,2024-07-21 00:55:13,0,2024-07-21 00:55:13,,,
2023-03-16,河南宝兴,含量99%,2850.00,出厂价,,122,2023-03-16 00:00:00,1,0,2024-07-21 00:55:13,0,2024-07-21 00:55:13,,,
2023-03-16,实建化学,含量99%,2940.00,市场价,,123,2023-03-16 00:00:00,1,0,2024-07-21 00:55:13,0,2024-07-21 00:55:13,,,
2023-03-09,河南宝兴,含量99%,2800.00,出厂价,,124,2023-03-09 00:00:00,1,0,2024-07-21 00:55:13,0,2024-07-21 00:55:13,,,
2023-03-09,实建化学,含量99%,2940.00,市场价,,125,2023-03-09 00:00:00,1,0,2024-07-21 00:55:13,0,2024-07-21 00:55:13,,,
2023-03-02,河南宝兴,含量99%,2800.00,出厂价,,126,2023-03-02 00:00:00,1,0,2024-07-21 00:55:13,0,2024-07-21 00:55:13,,,
2023-03-02,实建化学,含量99%,2900.00,市场价,,127,2023-03-02 00:00:00,1,0,2024-07-21 00:55:13,0,2024-07-21 00:55:13,,,
2023-02-23,河南宝兴,含量99%,2800.00,出厂价,,128,2023-02-23 00:00:00,1,0,2024-07-21 00:55:13,0,2024-07-21 00:55:13,,,
2023-02-23,实建化学,含量99%,2900.00,市场价,,129,2023-02-23 00:00:00,1,0,2024-07-21 00:55:13,0,2024-07-21 00:55:13,,,
2023-02-16,河南宝兴,含量99%,2800.00,出厂价,,130,2023-02-16 00:00:00,1,0,2024-07-21 00:55:13,0,2024-07-21 00:55:13,,,
2023-02-16,实建化学,含量99%,2900.00,市场价,,131,2023-02-16 00:00:00,1,0,2024-07-21 00:55:13,0,2024-07-21 00:55:13,,,
2023-02-09,河南宝兴,含量99%,2800.00,出厂价,,132,2023-02-09 00:00:00,1,0,2024-07-21 00:55:13,0,2024-07-21 00:55:13,,,
2023-02-09,实建化学,含量99%,2900.00,市场价,,133,2023-02-09 00:00:00,1,0,2024-07-21 00:55:13,0,2024-07-21 00:55:13,,,
2023-02-02,河南宝兴,含量99%,2850.00,出厂价,,134,2023-02-02 00:00:00,1,0,2024-07-21 00:55:13,0,2024-07-21 00:55:13,,,
2023-02-02,实建化学,含量99%,2900.00,市场价,,135,2023-02-02 00:00:00,1,0,2024-07-21 00:55:13,0,2024-07-21 00:55:13,,,
2023-01-19,实建化学,含量99%,2900.00,市场价,,136,2023-01-19 00:00:00,1,0,2024-07-21 00:55:13,0,2024-07-21 00:55:13,,,
2023-01-12,河南宝兴,含量99%,2850.00,出厂价,,137,2023-01-12 00:00:00,1,0,2024-07-21 00:55:13,0,2024-07-21 00:55:13,,,
2023-01-12,实建化学,含量99%,2900.00,市场价,,138,2023-01-12 00:00:00,1,0,2024-07-21 00:55:13,0,2024-07-21 00:55:13,,,
2023-01-05,河南宝兴,含量99%,2800.00,出厂价,,139,2023-01-05 00:00:00,1,0,2024-07-21 00:55:13,0,2024-07-21 00:55:13,,,
2023-01-05,实建化学,含量99%,2900.00,市场价,,140,2023-01-05 00:00:00,1,0,2024-07-21 00:55:13,0,2024-07-21 00:55:13,,,
2022-12-29,实建化学,含量99%,2900.00,市场价,,141,2022-12-29 00:00:00,1,0,2024-07-21 00:55:13,0,2024-07-21 00:55:13,,,
2022-12-29,河南宝兴,含量99%,2800.00,出厂价,,142,2022-12-29 00:00:00,1,0,2024-07-21 00:55:13,0,2024-07-21 00:55:13,,,
2022-12-22,实建化学,含量99%,2900.00,市场价,,143,2022-12-22 00:00:00,1,0,2024-07-21 00:55:13,0,2024-07-21 00:55:13,,,
2022-12-15,河南宝兴,含量99%,2800.00,出厂价,,144,2022-12-15 00:00:00,1,0,2024-07-21 00:55:13,0,2024-07-21 00:55:13,,,
2022-12-15,实建化学,含量99%,2900.00,市场价,,145,2022-12-15 00:00:00,1,0,2024-07-21 00:55:13,0,2024-07-21 00:55:13,,,
2022-12-08,河南宝兴,含量99%,2800.00,出厂价,,146,2022-12-08 00:00:00,1,0,2024-07-21 00:55:13,0,2024-07-21 00:55:13,,,
2022-12-08,实建化学,含量99%,2900.00,市场价,,147,2022-12-08 00:00:00,1,0,2024-07-21 00:55:13,0,2024-07-21 00:55:13,,,
2022-12-01,河南宝兴,含量99%,2750.00,出厂价,,148,2022-12-01 00:00:00,1,0,2024-07-21 00:55:13,0,2024-07-21 00:55:13,,,
2022-12-01,实建化学,含量99%,2900.00,市场价,,149,2022-12-01 00:00:00,1,0,2024-07-21 00:55:13,0,2024-07-21 00:55:13,,,
2022-11-24,河南宝兴,含量99%,2750.00,出厂价,,150,2022-11-24 00:00:00,1,0,2024-07-21 00:55:13,0,2024-07-21 00:55:13,,,
2022-11-24,实建化学,含量99%,2900.00,市场价,,151,2022-11-24 00:00:00,1,0,2024-07-21 00:55:16,0,2024-07-21 00:55:16,,,
2022-11-17,河南宝兴,含量99%,2750.00,出厂价,,152,2022-11-17 00:00:00,1,0,2024-07-21 00:55:16,0,2024-07-21 00:55:16,,,
2022-11-17,实建化学,含量99%,2900.00,市场价,,153,2022-11-17 00:00:00,1,0,2024-07-21 00:55:16,0,2024-07-21 00:55:16,,,
2022-11-10,河南宝兴,含量99%,2750.00,出厂价,,154,2022-11-10 00:00:00,1,0,2024-07-21 00:55:16,0,2024-07-21 00:55:16,,,
2022-11-10,实建化学,含量99%,2900.00,市场价,,155,2022-11-10 00:00:00,1,0,2024-07-21 00:55:16,0,2024-07-21 00:55:16,,,
2022-11-03,河南宝兴,含量99%,2700.00,出厂价,,156,2022-11-03 00:00:00,1,0,2024-07-21 00:55:16,0,2024-07-21 00:55:16,,,
2022-11-03,实建化学,含量99%,2900.00,市场价,,157,2022-11-03 00:00:00,1,0,2024-07-21 00:55:16,0,2024-07-21 00:55:16,,,
2022-10-27,河南宝兴,含量99%,2700.00,出厂价,,158,2022-10-27 00:00:00,1,0,2024-07-21 00:55:16,0,2024-07-21 00:55:16,,,
2022-10-27,实建化学,含量99%,2900.00,市场价,,159,2022-10-27 00:00:00,1,0,2024-07-21 00:55:16,0,2024-07-21 00:55:16,,,
2022-10-20,河南宝兴,含量99%,2650.00,出厂价,,160,2022-10-20 00:00:00,1,0,2024-07-21 00:55:16,0,2024-07-21 00:55:16,,,
2022-10-20,实建化学,含量99%,2900.00,市场价,,161,2022-10-20 00:00:00,1,0,2024-07-21 00:55:16,0,2024-07-21 00:55:16,,,
2022-10-13,河南宝兴,含量99%,2600.00,出厂价,,162,2022-10-13 00:00:00,1,0,2024-07-21 00:55:16,0,2024-07-21 00:55:16,,,
2022-10-13,实建化学,含量99%,2900.00,市场价,,163,2022-10-13 00:00:00,1,0,2024-07-21 00:55:16,0,2024-07-21 00:55:16,,,
2022-09-29,河南宝兴,含量99%,2600.00,出厂价,,164,2022-09-29 00:00:00,1,0,2024-07-21 00:55:16,0,2024-07-21 00:55:16,,,
2022-09-29,实建化学,含量99%,2900.00,市场价,,165,2022-09-29 00:00:00,1,0,2024-07-21 00:55:16,0,2024-07-21 00:55:16,,,
2022-09-22,河南宝兴,含量99%,2600.00,出厂价,,166,2022-09-22 00:00:00,1,0,2024-07-21 00:55:16,0,2024-07-21 00:55:16,,,
2022-09-22,实建化学,含量99%,2900.00,市场价,,167,2022-09-22 00:00:00,1,0,2024-07-21 00:55:16,0,2024-07-21 00:55:16,,,
2022-09-15,河南宝兴,含量99%,2600.00,出厂价,,168,2022-09-15 00:00:00,1,0,2024-07-21 00:55:16,0,2024-07-21 00:55:16,,,
2022-09-15,实建化学,含量99%,2900.00,市场价,,169,2022-09-15 00:00:00,1,0,2024-07-21 00:55:16,0,2024-07-21 00:55:16,,,
2022-09-08,河南宝兴,含量99%,2780.00,出厂价,,170,2022-09-08 00:00:00,1,0,2024-07-21 00:55:16,0,2024-07-21 00:55:16,,,
2022-09-08,实建化学,含量99%,2900.00,市场价,,171,2022-09-08 00:00:00,1,0,2024-07-21 00:55:16,0,2024-07-21 00:55:16,,,
2022-09-01,河南宝兴,含量99%,2780.00,出厂价,,172,2022-09-01 00:00:00,1,0,2024-07-21 00:55:16,0,2024-07-21 00:55:16,,,
2022-09-01,实建化学,含量99%,2900.00,市场价,,173,2022-09-01 00:00:00,1,0,2024-07-21 00:55:16,0,2024-07-21 00:55:16,,,
2022-08-25,河南宝兴,含量99%,2780.00,出厂价,,174,2022-08-25 00:00:00,1,0,2024-07-21 00:55:16,0,2024-07-21 00:55:16,,,
2022-08-25,实建化学,含量99%,2900.00,市场价,,175,2022-08-25 00:00:00,1,0,2024-07-21 00:55:16,0,2024-07-21 00:55:16,,,
2022-08-18,黄骅天信,工业级,2500.00,出厂价,,176,2022-08-18 00:00:00,1,0,2024-07-21 00:55:16,0,2024-07-21 00:55:16,,,
2022-08-11,黄骅天信,工业级,2530.00,出厂价,,177,2022-08-11 00:00:00,1,0,2024-07-21 00:55:16,0,2024-07-21 00:55:16,,,
2022-08-04,黄骅天信,工业级,2580.00,出厂价,,178,2022-08-04 00:00:00,1,0,2024-07-21 00:55:16,0,2024-07-21 00:55:16,,,
2022-07-28,黄骅天信,工业级,2600.00,出厂价,,179,2022-07-28 00:00:00,1,0,2024-07-21 00:55:16,0,2024-07-21 00:55:16,,,
2022-07-21,黄骅天信,工业级,2680.00,出厂价,,180,2022-07-21 00:00:00,1,0,2024-07-21 00:55:16,0,2024-07-21 00:55:16,,,
2022-07-14,黄骅天信,工业级,2750.00,出厂价,,181,2022-07-14 00:00:00,1,0,2024-07-21 00:55:18,0,2024-07-21 00:55:18,,,
2022-07-07,黄骅天信,工业级,2780.00,出厂价,,182,2022-07-07 00:00:00,1,0,2024-07-21 00:55:18,0,2024-07-21 00:55:18,,,
2022-06-30,黄骅天信,工业级,2750.00,出厂价,,183,2022-06-30 00:00:00,1,0,2024-07-21 00:55:18,0,2024-07-21 00:55:18,,,
2022-06-23,黄骅天信,工业级,2830.00,出厂价,,184,2022-06-23 00:00:00,1,0,2024-07-21 00:55:18,0,2024-07-21 00:55:18,,,
2022-06-16,黄骅天信,工业级,2880.00,出厂价,,185,2022-06-16 00:00:00,1,0,2024-07-21 00:55:18,0,2024-07-21 00:55:18,,,
2022-06-09,黄骅天信,工业级,2880.00,出厂价,,186,2022-06-09 00:00:00,1,0,2024-07-21 00:55:18,0,2024-07-21 00:55:18,,,
2022-06-02,黄骅天信,工业级,2880.00,出厂价,,187,2022-06-02 00:00:00,1,0,2024-07-21 00:55:18,0,2024-07-21 00:55:18,,,
2022-05-26,黄骅天信,工业级,2800.00,出厂价,,188,2022-05-26 00:00:00,1,0,2024-07-21 00:55:18,0,2024-07-21 00:55:18,,,
2022-05-19,黄骅天信,工业级,2800.00,出厂价,,189,2022-05-19 00:00:00,1,0,2024-07-21 00:55:18,0,2024-07-21 00:55:18,,,
2022-05-12,黄骅天信,工业级,2800.00,出厂价,,190,2022-05-12 00:00:00,1,0,2024-07-21 00:55:18,0,2024-07-21 00:55:18,,,
2022-05-05,黄骅天信,工业级,2750.00,出厂价,,191,2022-05-05 00:00:00,1,0,2024-07-21 00:55:18,0,2024-07-21 00:55:18,,,
2022-04-28,黄骅天信,工业级,2750.00,出厂价,,192,2022-04-28 00:00:00,1,0,2024-07-21 00:55:18,0,2024-07-21 00:55:18,,,
2022-04-21,昆山锦港,工业级,2860.00,出厂价,,193,2022-04-21 00:00:00,1,0,2024-07-21 00:55:18,0,2024-07-21 00:55:18,,,
2022-04-21,黄骅天信,工业级,2650.00,出厂价,,194,2022-04-21 00:00:00,1,0,2024-07-21 00:55:18,0,2024-07-21 00:55:18,,,
2022-04-14,昆山锦港,工业级,2550.00,出厂价,,195,2022-04-14 00:00:00,1,0,2024-07-21 00:55:18,0,2024-07-21 00:55:18,,,
2022-04-14,黄骅天信,工业级,2570.00,出厂价,,196,2022-04-14 00:00:00,1,0,2024-07-21 00:55:18,0,2024-07-21 00:55:18,,,
2022-04-07,昆山锦港,工业级,2540.00,出厂价,,197,2022-04-07 00:00:00,1,0,2024-07-21 00:55:18,0,2024-07-21 00:55:18,,,
2022-04-07,黄骅天信,工业级,2600.00,出厂价,,198,2022-04-07 00:00:00,1,0,2024-07-21 00:55:18,0,2024-07-21 00:55:18,,,
2022-03-31,昆山锦港,工业级,2450.00,出厂价,,199,2022-03-31 00:00:00,1,0,2024-07-21 00:55:18,0,2024-07-21 00:55:18,,,
2022-03-31,黄骅天信,工业级,2500.00,出厂价,,200,2022-03-31 00:00:00,1,0,2024-07-21 00:55:18,0,2024-07-21 00:55:18,,,
2022-03-24,昆山锦港,工业级,2450.00,出厂价,,201,2022-03-24 00:00:00,1,0,2024-07-21 00:55:18,0,2024-07-21 00:55:18,,,
2022-03-24,黄骅天信,工业级,2400.00,出厂价,,202,2022-03-24 00:00:00,1,0,2024-07-21 00:55:18,0,2024-07-21 00:55:18,,,
2022-03-24,山东海天生物化工,工业级,2280.00,出厂价,,203,2022-03-24 00:00:00,1,0,2024-07-21 00:55:18,0,2024-07-21 00:55:18,,,
2022-03-17,昆山锦港,工业级,2450.00,出厂价,,204,2022-03-17 00:00:00,1,0,2024-07-21 00:55:18,0,2024-07-21 00:55:18,,,
2022-03-17,黄骅天信,工业级,2450.00,出厂价,,205,2022-03-17 00:00:00,1,0,2024-07-21 00:55:18,0,2024-07-21 00:55:18,,,
2022-03-17,山东海天生物化工,工业级,2800.00,出厂价,,206,2022-03-17 00:00:00,1,0,2024-07-21 00:55:18,0,2024-07-21 00:55:18,,,
2022-03-10,昆山锦港,工业级,2450.00,出厂价,,207,2022-03-10 00:00:00,1,0,2024-07-21 00:55:18,0,2024-07-21 00:55:18,,,
2022-03-10,黄骅天信,工业级,2550.00,出厂价,,208,2022-03-10 00:00:00,1,0,2024-07-21 00:55:18,0,2024-07-21 00:55:18,,,
2022-03-10,山东海天生物化工,工业级,2800.00,出厂价,,209,2022-03-10 00:00:00,1,0,2024-07-21 00:55:18,0,2024-07-21 00:55:18,,,
2022-03-03,昆山锦港,工业级,2450.00,出厂价,,210,2022-03-03 00:00:00,1,0,2024-07-21 00:55:18,0,2024-07-21 00:55:18,,,
2022-03-03,黄骅天信,工业级,2550.00,出厂价,,211,2022-03-03 00:00:00,1,0,2024-07-21 00:55:21,0,2024-07-21 00:55:21,,,
2022-03-03,山东海天生物化工,工业级,2800.00,出厂价,,212,2022-03-03 00:00:00,1,0,2024-07-21 00:55:21,0,2024-07-21 00:55:21,,,
2022-02-24,昆山锦港,工业级,2450.00,出厂价,,213,2022-02-24 00:00:00,1,0,2024-07-21 00:55:21,0,2024-07-21 00:55:21,,,
2022-02-24,黄骅天信,工业级,2580.00,出厂价,,214,2022-02-24 00:00:00,1,0,2024-07-21 00:55:21,0,2024-07-21 00:55:21,,,
2022-02-24,山东海天生物化工,工业级,2800.00,出厂价,,215,2022-02-24 00:00:00,1,0,2024-07-21 00:55:21,0,2024-07-21 00:55:21,,,
2022-02-17,昆山锦港,工业级,2450.00,出厂价,,216,2022-02-17 00:00:00,1,0,2024-07-21 00:55:21,0,2024-07-21 00:55:21,,,
2022-02-17,黄骅天信,工业级,2550.00,出厂价,,217,2022-02-17 00:00:00,1,0,2024-07-21 00:55:21,0,2024-07-21 00:55:21,,,
2022-02-17,山东海天生物化工,工业级,2300.00,出厂价,,218,2022-02-17 00:00:00,1,0,2024-07-21 00:55:21,0,2024-07-21 00:55:21,,,
2022-02-10,昆山锦港,工业级,2450.00,出厂价,,219,2022-02-10 00:00:00,1,0,2024-07-21 00:55:21,0,2024-07-21 00:55:21,,,
2022-02-10,黄骅天信,工业级,2520.00,出厂价,,220,2022-02-10 00:00:00,1,0,2024-07-21 00:55:21,0,2024-07-21 00:55:21,,,
2022-02-10,山东海天生物化工,工业级,2300.00,出厂价,,221,2022-02-10 00:00:00,1,0,2024-07-21 00:55:21,0,2024-07-21 00:55:21,,,
2022-01-27,昆山锦港,工业级,2300.00,出厂价,,222,2022-01-27 00:00:00,1,0,2024-07-21 00:55:21,0,2024-07-21 00:55:21,,,
2022-01-27,山东海天生物化工,工业级,2300.00,出厂价,,223,2022-01-27 00:00:00,1,0,2024-07-21 00:55:21,0,2024-07-21 00:55:21,,,
2022-01-20,昆山锦港,工业级,2300.00,出厂价,,224,2022-01-20 00:00:00,1,0,2024-07-21 00:55:21,0,2024-07-21 00:55:21,,,
2022-01-20,山东海天生物化工,工业级,2300.00,出厂价,,225,2022-01-20 00:00:00,1,0,2024-07-21 00:55:21,0,2024-07-21 00:55:21,,,
2022-01-13,昆山锦港,工业级,2370.00,出厂价,,226,2022-01-13 00:00:00,1,0,2024-07-21 00:55:21,0,2024-07-21 00:55:21,,,
2022-01-13,黄骅天信,工业级,1950.00,出厂价,,227,2022-01-13 00:00:00,1,0,2024-07-21 00:55:21,0,2024-07-21 00:55:21,,,
2022-01-13,山东海天生物化工,工业级,2450.00,出厂价,,228,2022-01-13 00:00:00,1,0,2024-07-21 00:55:21,0,2024-07-21 00:55:21,,,
2022-01-06,昆山锦港,工业级,2370.00,出厂价,,229,2022-01-06 00:00:00,1,0,2024-07-21 00:55:21,0,2024-07-21 00:55:21,,,
2022-01-06,黄骅天信,工业级,2000.00,出厂价,,230,2022-01-06 00:00:00,1,0,2024-07-21 00:55:21,0,2024-07-21 00:55:21,,,
2022-01-06,山东海天生物化工,工业级,2495.00,出厂价,,231,2022-01-06 00:00:00,1,0,2024-07-21 00:55:21,0,2024-07-21 00:55:21,,,
2021-12-30,昆山锦港,工业级,2900.00,出厂价,,232,2021-12-30 00:00:00,1,0,2024-07-21 00:55:21,0,2024-07-21 00:55:21,,,
2021-12-30,黄骅天信,工业级,2150.00,出厂价,,233,2021-12-30 00:00:00,1,0,2024-07-21 00:55:21,0,2024-07-21 00:55:21,,,
2021-12-30,山东海天生物化工,工业级,2800.00,出厂价,,234,2021-12-30 00:00:00,1,0,2024-07-21 00:55:21,0,2024-07-21 00:55:21,,,
2021-12-23,昆山锦港,工业级,2900.00,出厂价,,235,2021-12-23 00:00:00,1,0,2024-07-21 00:55:21,0,2024-07-21 00:55:21,,,
2021-12-23,黄骅天信,工业级,2300.00,出厂价,,236,2021-12-23 00:00:00,1,0,2024-07-21 00:55:21,0,2024-07-21 00:55:21,,,
2021-12-23,山东海天生物化工,工业级,3000.00,出厂价,,237,2021-12-23 00:00:00,1,0,2024-07-21 00:55:21,0,2024-07-21 00:55:21,,,
2021-12-16,昆山锦港,工业级,2900.00,出厂价,,238,2021-12-16 00:00:00,1,0,2024-07-21 00:55:21,0,2024-07-21 00:55:21,,,
2021-12-16,黄骅天信,工业级,2500.00,出厂价,,239,2021-12-16 00:00:00,1,0,2024-07-21 00:55:21,0,2024-07-21 00:55:21,,,
2021-12-16,山东海天生物化工,工业级,3000.00,出厂价,,240,2021-12-16 00:00:00,1,0,2024-07-21 00:55:21,0,2024-07-21 00:55:21,,,
2021-12-09,昆山锦港,工业级,3000.00,出厂价,,241,2021-12-09 00:00:00,1,0,2024-07-21 00:55:25,0,2024-07-21 00:55:25,,,
2021-12-09,黄骅天信,工业级,2700.00,出厂价,,242,2021-12-09 00:00:00,1,0,2024-07-21 00:55:25,0,2024-07-21 00:55:25,,,
2021-12-09,山东海天生物化工,工业级,3300.00,出厂价,,243,2021-12-09 00:00:00,1,0,2024-07-21 00:55:25,0,2024-07-21 00:55:25,,,
2021-12-02,昆山锦港,工业级,3000.00,出厂价,,244,2021-12-02 00:00:00,1,0,2024-07-21 00:55:25,0,2024-07-21 00:55:25,,,
2021-12-02,黄骅天信,工业级,2750.00,出厂价,,245,2021-12-02 00:00:00,1,0,2024-07-21 00:55:25,0,2024-07-21 00:55:25,,,
2021-12-02,山东海天生物化工,工业级,3500.00,出厂价,,246,2021-12-02 00:00:00,1,0,2024-07-21 00:55:25,0,2024-07-21 00:55:25,,,
2021-11-25,昆山锦港,工业级,3100.00,出厂价,,247,2021-11-25 00:00:00,1,0,2024-07-21 00:55:25,0,2024-07-21 00:55:25,,,
2021-11-25,黄骅天信,工业级,2900.00,出厂价,,248,2021-11-25 00:00:00,1,0,2024-07-21 00:55:25,0,2024-07-21 00:55:25,,,
2021-11-25,山东海天生物化工,工业级,3750.00,出厂价,,249,2021-11-25 00:00:00,1,0,2024-07-21 00:55:25,0,2024-07-21 00:55:25,,,
2021-11-18,昆山锦港,工业级,3700.00,出厂价,,250,2021-11-18 00:00:00,1,0,2024-07-21 00:55:25,0,2024-07-21 00:55:25,,,
2021-11-18,黄骅天信,工业级,3200.00,出厂价,,251,2021-11-18 00:00:00,1,0,2024-07-21 00:55:25,0,2024-07-21 00:55:25,,,
2021-11-18,山东海天生物化工,工业级,3750.00,出厂价,,252,2021-11-18 00:00:00,1,0,2024-07-21 00:55:25,0,2024-07-21 00:55:25,,,
2021-11-11,昆山锦港,工业级,3700.00,出厂价,,253,2021-11-11 00:00:00,1,0,2024-07-21 00:55:25,0,2024-07-21 00:55:25,,,
2021-11-11,黄骅天信,工业级,3200.00,出厂价,,254,2021-11-11 00:00:00,1,0,2024-07-21 00:55:25,0,2024-07-21 00:55:25,,,
2021-11-11,山东海天生物化工,工业级,3750.00,出厂价,,255,2021-11-11 00:00:00,1,0,2024-07-21 00:55:25,0,2024-07-21 00:55:25,,,
2021-11-04,昆山锦港,工业级,3800.00,出厂价,,256,2021-11-04 00:00:00,1,0,2024-07-21 00:55:25,0,2024-07-21 00:55:25,,,
2021-11-04,黄骅天信,工业级,3300.00,出厂价,,257,2021-11-04 00:00:00,1,0,2024-07-21 00:55:25,0,2024-07-21 00:55:25,,,
2021-11-04,山东海天生物化工,工业级,3750.00,出厂价,,258,2021-11-04 00:00:00,1,0,2024-07-21 00:55:25,0,2024-07-21 00:55:25,,,
2021-10-28,昆山锦港,工业级,4000.00,出厂价,,259,2021-10-28 00:00:00,1,0,2024-07-21 00:55:25,0,2024-07-21 00:55:25,,,
2021-10-28,山东海天生物化工,工业级,3600.00,出厂价,,260,2021-10-28 00:00:00,1,0,2024-07-21 00:55:25,0,2024-07-21 00:55:25,,,
2021-10-21,昆山锦港,工业级,4000.00,出厂价,,261,2021-10-21 00:00:00,1,0,2024-07-21 00:55:25,0,2024-07-21 00:55:25,,,
2021-10-21,黄骅天信,工业级,3600.00,出厂价,,262,2021-10-21 00:00:00,1,0,2024-07-21 00:55:25,0,2024-07-21 00:55:25,,,
2021-10-14,昆山锦港,工业级,4000.00,出厂价,,263,2021-10-14 00:00:00,1,0,2024-07-21 00:55:25,0,2024-07-21 00:55:25,,,
2021-10-14,黄骅天信,工业级,3600.00,出厂价,,264,2021-10-14 00:00:00,1,0,2024-07-21 00:55:25,0,2024-07-21 00:55:25,,,
2021-10-07,黄骅天信,工业级,3600.00,出厂价,,265,2021-10-07 00:00:00,1,0,2024-07-21 00:55:25,0,2024-07-21 00:55:25,,,
2021-09-30,黄骅天信,工业级,3200.00,出厂价,,266,2021-09-30 00:00:00,1,0,2024-07-21 00:55:25,0,2024-07-21 00:55:25,,,
2021-09-23,昆山锦港,工业级,2450.00,出厂价,,267,2021-09-23 00:00:00,1,0,2024-07-21 00:55:25,0,2024-07-21 00:55:25,,,
2021-09-23,黄骅天信,工业级,2500.00,出厂价,,268,2021-09-23 00:00:00,1,0,2024-07-21 00:55:25,0,2024-07-21 00:55:25,,,
2021-09-16,昆山锦港,工业级,2450.00,出厂价,,269,2021-09-16 00:00:00,1,0,2024-07-21 00:55:25,0,2024-07-21 00:55:25,,,
2021-09-16,黄骅天信,工业级,2400.00,出厂价,,270,2021-09-16 00:00:00,1,0,2024-07-21 00:55:25,0,2024-07-21 00:55:25,,,
2021-09-09,昆山锦港,工业级,2450.00,出厂价,,271,2021-09-09 00:00:00,1,0,2024-07-21 00:55:28,0,2024-07-21 00:55:28,,,
2021-09-09,黄骅天信,工业级,2250.00,出厂价,,272,2021-09-09 00:00:00,1,0,2024-07-21 00:55:28,0,2024-07-21 00:55:28,,,
2021-09-02,昆山锦港,工业级,2450.00,出厂价,,273,2021-09-02 00:00:00,1,0,2024-07-21 00:55:28,0,2024-07-21 00:55:28,,,
2021-09-02,黄骅天信,工业级,2200.00,出厂价,,274,2021-09-02 00:00:00,1,0,2024-07-21 00:55:28,0,2024-07-21 00:55:28,,,
2021-08-26,昆山锦港,工业级,2450.00,出厂价,,275,2021-08-26 00:00:00,1,0,2024-07-21 00:55:28,0,2024-07-21 00:55:28,,,
2021-08-26,黄骅天信,工业级,2250.00,出厂价,,276,2021-08-26 00:00:00,1,0,2024-07-21 00:55:28,0,2024-07-21 00:55:28,,,
2021-08-19,昆山锦港,工业级,2350.00,出厂价,,277,2021-08-19 00:00:00,1,0,2024-07-21 00:55:28,0,2024-07-21 00:55:28,,,
2021-08-19,黄骅天信,工业级,2250.00,出厂价,,278,2021-08-19 00:00:00,1,0,2024-07-21 00:55:28,0,2024-07-21 00:55:28,,,
2021-08-12,昆山锦港,工业级,2350.00,出厂价,,279,2021-08-12 00:00:00,1,0,2024-07-21 00:55:28,0,2024-07-21 00:55:28,,,
2021-08-12,黄骅天信,工业级,2200.00,出厂价,,280,2021-08-12 00:00:00,1,0,2024-07-21 00:55:28,0,2024-07-21 00:55:28,,,
2021-08-05,昆山锦港,工业级,2350.00,出厂价,,281,2021-08-05 00:00:00,1,0,2024-07-21 00:55:28,0,2024-07-21 00:55:28,,,
2021-08-05,黄骅天信,工业级,2050.00,出厂价,,282,2021-08-05 00:00:00,1,0,2024-07-21 00:55:28,0,2024-07-21 00:55:28,,,
2021-07-29,昆山锦港,工业级,2350.00,出厂价,,283,2021-07-29 00:00:00,1,0,2024-07-21 00:55:28,0,2024-07-21 00:55:28,,,
2021-07-29,黄骅天信,工业级,2000.00,出厂价,,284,2021-07-29 00:00:00,1,0,2024-07-21 00:55:28,0,2024-07-21 00:55:28,,,
2021-07-22,昆山锦港,工业级,2010.00,出厂价,,285,2021-07-22 00:00:00,1,0,2024-07-21 00:55:28,0,2024-07-21 00:55:28,,,
2021-07-22,黄骅天信,工业级,2000.00,出厂价,,286,2021-07-22 00:00:00,1,0,2024-07-21 00:55:28,0,2024-07-21 00:55:28,,,
2021-07-15,昆山锦港,工业级,2010.00,出厂价,,287,2021-07-15 00:00:00,1,0,2024-07-21 00:55:28,0,2024-07-21 00:55:28,,,
2021-07-15,黄骅天信,工业级,1900.00,出厂价,,288,2021-07-15 00:00:00,1,0,2024-07-21 00:55:28,0,2024-07-21 00:55:28,,,
2021-07-08,昆山锦港,工业级,2010.00,出厂价,,289,2021-07-08 00:00:00,1,0,2024-07-21 00:55:28,0,2024-07-21 00:55:28,,,
2021-07-08,黄骅天信,工业级,1900.00,出厂价,,290,2021-07-08 00:00:00,1,0,2024-07-21 00:55:28,0,2024-07-21 00:55:28,,,
2021-07-01,昆山锦港,工业级,2010.00,出厂价,,291,2021-07-01 00:00:00,1,0,2024-07-21 00:55:28,0,2024-07-21 00:55:28,,,
2021-06-24,山东海天生物化工,工业级,1900.00,出厂价,,292,2021-06-24 00:00:00,1,0,2024-07-21 00:55:28,0,2024-07-21 00:55:28,,,
2021-06-17,山东海天生物化工,工业级,1900.00,出厂价,,293,2021-06-17 00:00:00,1,0,2024-07-21 00:55:28,0,2024-07-21 00:55:28,,,
2021-06-10,山东海天生物化工,工业级,1900.00,出厂价,,294,2021-06-10 00:00:00,1,0,2024-07-21 00:55:28,0,2024-07-21 00:55:28,,,
2021-06-03,山东海天生物化工,工业级,1900.00,出厂价,,295,2021-06-03 00:00:00,1,0,2024-07-21 00:55:28,0,2024-07-21 00:55:28,,,
2021-05-27,山东海天生物化工,工业级,1900.00,出厂价,,296,2021-05-27 00:00:00,1,0,2024-07-21 00:55:28,0,2024-07-21 00:55:28,,,
2021-05-20,山东海天生物化工,工业级,1900.00,出厂价,,297,2021-05-20 00:00:00,1,0,2024-07-21 00:55:28,0,2024-07-21 00:55:28,,,
2021-05-13,山东海天生物化工,工业级,1900.00,出厂价,,298,2021-05-13 00:00:00,1,0,2024-07-21 00:55:28,0,2024-07-21 00:55:28,,,
2021-05-06,山东海天生物化工,工业级,1900.00,出厂价,,299,2021-05-06 00:00:00,1,0,2024-07-21 00:55:28,0,2024-07-21 00:55:28,,,
2021-04-29,山东海天生物化工,工业级,1800.00,出厂价,,300,2021-04-29 00:00:00,1,0,2024-07-21 00:55:28,0,2024-07-21 00:55:28,,,
2021-04-22,黄骅天信,工业级,1660.00,出厂价,,301,2021-04-22 00:00:00,1,0,2024-07-21 00:55:31,0,2024-07-21 00:55:31,,,
2021-04-22,山东海天生物化工,工业级,1800.00,出厂价,,302,2021-04-22 00:00:00,1,0,2024-07-21 00:55:31,0,2024-07-21 00:55:31,,,
2021-04-15,黄骅天信,工业级,1700.00,出厂价,,303,2021-04-15 00:00:00,1,0,2024-07-21 00:55:31,0,2024-07-21 00:55:31,,,
2021-04-15,山东海天生物化工,工业级,1800.00,出厂价,,304,2021-04-15 00:00:00,1,0,2024-07-21 00:55:31,0,2024-07-21 00:55:31,,,
2021-04-08,山东海天生物化工,工业级,1800.00,出厂价,,305,2021-04-08 00:00:00,1,0,2024-07-21 00:55:31,0,2024-07-21 00:55:31,,,
2021-04-01,黄骅天信,工业级,1700.00,出厂价,,306,2021-04-01 00:00:00,1,0,2024-07-21 00:55:31,0,2024-07-21 00:55:31,,,
2021-04-01,山东海天生物化工,工业级,1800.00,出厂价,,307,2021-04-01 00:00:00,1,0,2024-07-21 00:55:31,0,2024-07-21 00:55:31,,,
2021-03-25,山东海天生物化工,工业级,1800.00,出厂价,,308,2021-03-25 00:00:00,1,0,2024-07-21 00:55:31,0,2024-07-21 00:55:31,,,
2021-03-18,黄骅天信,工业级,1650.00,出厂价,,309,2021-03-18 00:00:00,1,0,2024-07-21 00:55:31,0,2024-07-21 00:55:31,,,
2021-03-11,黄骅天信,工业级,1700.00,出厂价,,310,2021-03-11 00:00:00,1,0,2024-07-21 00:55:31,0,2024-07-21 00:55:31,,,
2021-03-04,黄骅天信,工业级,1600.00,出厂价,,311,2021-03-04 00:00:00,1,0,2024-07-21 00:55:31,0,2024-07-21 00:55:31,,,
2021-02-25,黄骅天信,工业级,1500.00,出厂价,,312,2021-02-25 00:00:00,1,0,2024-07-21 00:55:31,0,2024-07-21 00:55:31,,,
2021-02-18,黄骅天信,工业级,1300.00,出厂价,,313,2021-02-18 00:00:00,1,0,2024-07-21 00:55:31,0,2024-07-21 00:55:31,,,
2021-02-04,黄骅天信,工业级,1300.00,出厂价,,314,2021-02-04 00:00:00,1,0,2024-07-21 00:55:31,0,2024-07-21 00:55:31,,,
2021-01-28,黄骅天信,工业级,1250.00,出厂价,,315,2021-01-28 00:00:00,1,0,2024-07-21 00:55:31,0,2024-07-21 00:55:31,,,
2021-01-21,黄骅天信,工业级,1200.00,出厂价,,316,2021-01-21 00:00:00,1,0,2024-07-21 00:55:31,0,2024-07-21 00:55:31,,,
2021-01-14,黄骅天信,工业级,1200.00,出厂价,,317,2021-01-14 00:00:00,1,0,2024-07-21 00:55:31,0,2024-07-21 00:55:31,,,
2021-01-07,黄骅天信,工业级,1250.00,出厂价,,318,2021-01-07 00:00:00,1,0,2024-07-21 00:55:31,0,2024-07-21 00:55:31,,,
2020-12-31,黄骅天信,工业级,1300.00,出厂价,,319,2020-12-31 00:00:00,1,0,2024-07-21 00:55:31,0,2024-07-21 00:55:31,,,
2020-12-24,黄骅天信,工业级,1300.00,出厂价,,320,2020-12-24 00:00:00,1,0,2024-07-21 00:55:31,0,2024-07-21 00:55:31,,,
2020-12-17,黄骅天信,工业级,1200.00,出厂价,,321,2020-12-17 00:00:00,1,0,2024-07-21 00:55:31,0,2024-07-21 00:55:31,,,
2020-12-10,黄骅天信,工业级,1200.00,出厂价,,322,2020-12-10 00:00:00,1,0,2024-07-21 00:55:31,0,2024-07-21 00:55:31,,,
2020-12-10,山东海天生物化工,工业级,1680.00,出厂价,,323,2020-12-10 00:00:00,1,0,2024-07-21 00:55:31,0,2024-07-21 00:55:31,,,
2020-12-03,黄骅天信,工业级,1300.00,出厂价,,324,2020-12-03 00:00:00,1,0,2024-07-21 00:55:31,0,2024-07-21 00:55:31,,,
2020-12-03,山东海天生物化工,工业级,1680.00,出厂价,,325,2020-12-03 00:00:00,1,0,2024-07-21 00:55:31,0,2024-07-21 00:55:31,,,
2020-11-26,黄骅天信,工业级,1700.00,出厂价,,326,2020-11-26 00:00:00,1,0,2024-07-21 00:55:31,0,2024-07-21 00:55:31,,,
2020-11-19,黄骅天信,工业级,1400.00,出厂价,,327,2020-11-19 00:00:00,1,0,2024-07-21 00:55:31,0,2024-07-21 00:55:31,,,
2020-11-12,山东海天生物化工,工业级,1950.00,出厂价,,328,2020-11-12 00:00:00,1,0,2024-07-21 00:55:31,0,2024-07-21 00:55:31,,,
2020-11-05,山东海天生物化工,工业级,1950.00,出厂价,,329,2020-11-05 00:00:00,1,0,2024-07-21 00:55:31,0,2024-07-21 00:55:31,,,
2020-10-29,山东海天生物化工,工业级,1950.00,出厂价,,330,2020-10-29 00:00:00,1,0,2024-07-21 00:55:31,0,2024-07-21 00:55:31,,,
2020-10-22,山东海天生物化工,工业级,1950.00,出厂价,,331,2020-10-22 00:00:00,1,0,2024-07-21 00:55:33,0,2024-07-21 00:55:33,,,
2020-10-15,山东海天生物化工,工业级,1900.00,出厂价,,332,2020-10-15 00:00:00,1,0,2024-07-21 00:55:33,0,2024-07-21 00:55:33,,,
2020-09-24,山东海天生物化工,工业级,1650.00,出厂价,,333,2020-09-24 00:00:00,1,0,2024-07-21 00:55:33,0,2024-07-21 00:55:33,,,
2020-09-17,山东海天生物化工,工业级,1730.00,出厂价,,334,2020-09-17 00:00:00,1,0,2024-07-21 00:55:33,0,2024-07-21 00:55:33,,,
2020-09-10,山东海天生物化工,工业级,1730.00,出厂价,,335,2020-09-10 00:00:00,1,0,2024-07-21 00:55:33,0,2024-07-21 00:55:33,,,
2020-09-03,山东海天生物化工,工业级,1650.00,出厂价,,336,2020-09-03 00:00:00,1,0,2024-07-21 00:55:33,0,2024-07-21 00:55:33,,,
2020-08-27,山东海天生物化工,工业级,1420.00,出厂价,,337,2020-08-27 00:00:00,1,0,2024-07-21 00:55:33,0,2024-07-21 00:55:33,,,
2020-08-20,山东海天生物化工,工业级,1420.00,出厂价,,338,2020-08-20 00:00:00,1,0,2024-07-21 00:55:33,0,2024-07-21 00:55:33,,,
2020-08-13,山东海天生物化工,工业级,1420.00,出厂价,,339,2020-08-13 00:00:00,1,0,2024-07-21 00:55:33,0,2024-07-21 00:55:33,,,
2020-08-06,山东海天生物化工,工业级,1420.00,出厂价,,340,2020-08-06 00:00:00,1,0,2024-07-21 00:55:33,0,2024-07-21 00:55:33,,,
2020-07-30,山东海天生物化工,工业级,1350.00,出厂价,,341,2020-07-30 00:00:00,1,0,2024-07-21 00:55:33,0,2024-07-21 00:55:33,,,
2020-07-23,山东海天生物化工,工业级,1350.00,出厂价,,342,2020-07-23 00:00:00,1,0,2024-07-21 00:55:33,0,2024-07-21 00:55:33,,,
2020-07-16,山东海天生物化工,工业级,1350.00,出厂价,,343,2020-07-16 00:00:00,1,0,2024-07-21 00:55:33,0,2024-07-21 00:55:33,,,
2020-07-09,山东海天生物化工,工业级,1350.00,出厂价,,344,2020-07-09 00:00:00,1,0,2024-07-21 00:55:33,0,2024-07-21 00:55:33,,,
2020-07-02,山东海天生物化工,工业级,1400.00,出厂价,,345,2020-07-02 00:00:00,1,0,2024-07-21 00:55:33,0,2024-07-21 00:55:33,,,
2020-06-18,山东海天生物化工,工业级,1400.00,出厂价,,346,2020-06-18 00:00:00,1,0,2024-07-21 00:55:33,0,2024-07-21 00:55:33,,,
2020-06-11,山东海天生物化工,工业级,1300.00,出厂价,,347,2020-06-11 00:00:00,1,0,2024-07-21 00:55:33,0,2024-07-21 00:55:33,,,
2020-06-04,山东海天生物化工,工业级,1300.00,出厂价,,348,2020-06-04 00:00:00,1,0,2024-07-21 00:55:33,0,2024-07-21 00:55:33,,,
2020-05-28,山东海天生物化工,工业级,1300.00,出厂价,,349,2020-05-28 00:00:00,1,0,2024-07-21 00:55:33,0,2024-07-21 00:55:33,,,
2020-05-21,山东海天生物化工,工业级,1300.00,出厂价,,350,2020-05-21 00:00:00,1,0,2024-07-21 00:55:33,0,2024-07-21 00:55:33,,,
2020-05-14,山东海天生物化工,工业级,1490.00,出厂价,,351,2020-05-14 00:00:00,1,0,2024-07-21 00:55:33,0,2024-07-21 00:55:33,,,
2020-05-07,山东海天生物化工,工业级,1490.00,出厂价,,352,2020-05-07 00:00:00,1,0,2024-07-21 00:55:33,0,2024-07-21 00:55:33,,,
2020-04-30,山东海天生物化工,工业级,1490.00,出厂价,,353,2020-04-30 00:00:00,1,0,2024-07-21 00:55:33,0,2024-07-21 00:55:33,,,
2020-04-23,山东海天生物化工,工业级,1490.00,出厂价,,354,2020-04-23 00:00:00,1,0,2024-07-21 00:55:33,0,2024-07-21 00:55:33,,,
2020-04-16,山东海天生物化工,工业级,1490.00,出厂价,,355,2020-04-16 00:00:00,1,0,2024-07-21 00:55:33,0,2024-07-21 00:55:33,,,
2020-04-09,山东海天生物化工,工业级,1650.00,出厂价,,356,2020-04-09 00:00:00,1,0,2024-07-21 00:55:33,0,2024-07-21 00:55:33,,,
2020-04-02,山东海天生物化工,工业级,1650.00,出厂价,,357,2020-04-02 00:00:00,1,0,2024-07-21 00:55:33,0,2024-07-21 00:55:33,,,
2020-03-26,山东海天生物化工,工业级,1650.00,出厂价,,358,2020-03-26 00:00:00,1,0,2024-07-21 00:55:33,0,2024-07-21 00:55:33,,,
2020-03-19,山东海天生物化工,工业级,1650.00,出厂价,,359,2020-03-19 00:00:00,1,0,2024-07-21 00:55:33,0,2024-07-21 00:55:33,,,
2020-03-12,山东海天生物化工,工业级,1650.00,出厂价,,360,2020-03-12 00:00:00,1,0,2024-07-21 00:55:33,0,2024-07-21 00:55:33,,,
2020-03-05,山东海天生物化工,工业级,1650.00,出厂价,,361,2020-03-05 00:00:00,1,0,2024-07-21 00:55:37,0,2024-07-21 00:55:37,,,
2020-02-27,山东海天生物化工,工业级,1550.00,出厂价,,362,2020-02-27 00:00:00,1,0,2024-07-21 00:55:37,0,2024-07-21 00:55:37,,,
2020-02-20,山东海天生物化工,工业级,1550.00,出厂价,,363,2020-02-20 00:00:00,1,0,2024-07-21 00:55:37,0,2024-07-21 00:55:37,,,
2020-02-13,山东海天生物化工,工业级,1550.00,出厂价,,364,2020-02-13 00:00:00,1,0,2024-07-21 00:55:37,0,2024-07-21 00:55:37,,,
2020-02-06,山东海天生物化工,工业级,1550.00,出厂价,,365,2020-02-06 00:00:00,1,0,2024-07-21 00:55:37,0,2024-07-21 00:55:37,,,
2020-01-23,山东海天生物化工,工业级,1550.00,出厂价,,366,2020-01-23 00:00:00,1,0,2024-07-21 00:55:37,0,2024-07-21 00:55:37,,,
2020-01-16,山东海天生物化工,工业级,1550.00,出厂价,,367,2020-01-16 00:00:00,1,0,2024-07-21 00:55:37,0,2024-07-21 00:55:37,,,
2020-01-09,山东海天生物化工,工业级,1550.00,出厂价,,368,2020-01-09 00:00:00,1,0,2024-07-21 00:55:37,0,2024-07-21 00:55:37,,,
2020-01-02,山东海天生物化工,工业级,1550.00,出厂价,,369,2020-01-02 00:00:00,1,0,2024-07-21 00:55:37,0,2024-07-21 00:55:37,,,
2019-12-26,山东海天生物化工,工业级,1550.00,出厂价,,370,2019-12-26 00:00:00,1,0,2024-07-21 00:55:37,0,2024-07-21 00:55:37,,,
2019-12-19,山东海天生物化工,工业级,1550.00,出厂价,,371,2019-12-19 00:00:00,1,0,2024-07-21 00:55:37,0,2024-07-21 00:55:37,,,
2019-12-12,山东海天生物化工,工业级,1550.00,出厂价,,372,2019-12-12 00:00:00,1,0,2024-07-21 00:55:37,0,2024-07-21 00:55:37,,,
2019-12-05,山东海天生物化工,工业级,1550.00,出厂价,,373,2019-12-05 00:00:00,1,0,2024-07-21 00:55:37,0,2024-07-21 00:55:37,,,
2019-11-28,山东海天生物化工,工业级,1650.00,出厂价,,374,2019-11-28 00:00:00,1,0,2024-07-21 00:55:37,0,2024-07-21 00:55:37,,,
2019-11-21,山东海天生物化工,工业级,1700.00,出厂价,,375,2019-11-21 00:00:00,1,0,2024-07-21 00:55:37,0,2024-07-21 00:55:37,,,
2019-11-14,山东海天生物化工,工业级,1700.00,出厂价,,376,2019-11-14 00:00:00,1,0,2024-07-21 00:55:37,0,2024-07-21 00:55:37,,,
2019-11-07,山东海天生物化工,工业级,1780.00,出厂价,,377,2019-11-07 00:00:00,1,0,2024-07-21 00:55:37,0,2024-07-21 00:55:37,,,
2019-10-31,山东海天生物化工,工业级,1780.00,出厂价,,378,2019-10-31 00:00:00,1,0,2024-07-21 00:55:37,0,2024-07-21 00:55:37,,,
2019-10-24,山东海天生物化工,工业级,1780.00,出厂价,,379,2019-10-24 00:00:00,1,0,2024-07-21 00:55:37,0,2024-07-21 00:55:37,,,
2019-10-17,山东海天生物化工,工业级,1780.00,出厂价,,380,2019-10-17 00:00:00,1,0,2024-07-21 00:55:37,0,2024-07-21 00:55:37,,,
2019-10-10,山东海天生物化工,工业级,1750.00,出厂价,,381,2019-10-10 00:00:00,1,0,2024-07-21 00:55:37,0,2024-07-21 00:55:37,,,
2019-09-26,山东海天生物化工,工业级,1750.00,出厂价,,382,2019-09-26 00:00:00,1,0,2024-07-21 00:55:37,0,2024-07-21 00:55:37,,,
2019-09-19,山东海天生物化工,工业级,1750.00,出厂价,,383,2019-09-19 00:00:00,1,0,2024-07-21 00:55:37,0,2024-07-21 00:55:37,,,
2019-09-12,山东海天生物化工,工业级,1750.00,出厂价,,384,2019-09-12 00:00:00,1,0,2024-07-21 00:55:37,0,2024-07-21 00:55:37,,,
2019-09-05,山东海天生物化工,工业级,1750.00,出厂价,,385,2019-09-05 00:00:00,1,0,2024-07-21 00:55:37,0,2024-07-21 00:55:37,,,
2019-08-29,山东海天生物化工,工业级,1750.00,出厂价,,386,2019-08-29 00:00:00,1,0,2024-07-21 00:55:37,0,2024-07-21 00:55:37,,,
2019-08-22,山东海天生物化工,工业级,1650.00,出厂价,,387,2019-08-22 00:00:00,1,0,2024-07-21 00:55:37,0,2024-07-21 00:55:37,,,
2019-08-15,山东海天生物化工,工业级,1650.00,出厂价,,388,2019-08-15 00:00:00,1,0,2024-07-21 00:55:37,0,2024-07-21 00:55:37,,,
2019-08-08,山东海天生物化工,工业级,1650.00,出厂价,,389,2019-08-08 00:00:00,1,0,2024-07-21 00:55:37,0,2024-07-21 00:55:37,,,
2019-08-01,山东海天生物化工,工业级,1650.00,出厂价,,390,2019-08-01 00:00:00,1,0,2024-07-21 00:55:37,0,2024-07-21 00:55:37,,,
2019-07-25,山东海天生物化工,工业级,1650.00,出厂价,,391,2019-07-25 00:00:00,1,0,2024-07-21 00:55:41,0,2024-07-21 00:55:41,,,
2019-07-18,山东海天生物化工,工业级,1650.00,出厂价,,392,2019-07-18 00:00:00,1,0,2024-07-21 00:55:41,0,2024-07-21 00:55:41,,,
2019-07-11,山东海天生物化工,工业级,1650.00,出厂价,,393,2019-07-11 00:00:00,1,0,2024-07-21 00:55:41,0,2024-07-21 00:55:41,,,
2019-07-04,山东海天生物化工,工业级,1650.00,出厂价,,394,2019-07-04 00:00:00,1,0,2024-07-21 00:55:41,0,2024-07-21 00:55:41,,,
2019-06-27,山东海天生物化工,工业级,1850.00,出厂价,,395,2019-06-27 00:00:00,1,0,2024-07-21 00:55:41,0,2024-07-21 00:55:41,,,
2019-06-13,山东海天生物化工,工业级,1900.00,出厂价,,396,2019-06-13 00:00:00,1,0,2024-07-21 00:55:41,0,2024-07-21 00:55:41,,,
2019-06-06,山东海天生物化工,工业级,2000.00,出厂价,,397,2019-06-06 00:00:00,1,0,2024-07-21 00:55:41,0,2024-07-21 00:55:41,,,
2019-05-30,山东海天生物化工,工业级,2000.00,出厂价,,398,2019-05-30 00:00:00,1,0,2024-07-21 00:55:41,0,2024-07-21 00:55:41,,,
2019-05-23,山东海天生物化工,工业级,2000.00,出厂价,,399,2019-05-23 00:00:00,1,0,2024-07-21 00:55:41,0,2024-07-21 00:55:41,,,
2019-05-16,山东海天生物化工,工业级,2000.00,出厂价,,400,2019-05-16 00:00:00,1,0,2024-07-21 00:55:41,0,2024-07-21 00:55:41,,,
2019-05-09,山东海天生物化工,工业级,2000.00,出厂价,,401,2019-05-09 00:00:00,1,0,2024-07-21 00:55:41,0,2024-07-21 00:55:41,,,
2019-04-25,山东海天生物化工,工业级,2000.00,出厂价,,402,2019-04-25 00:00:00,1,0,2024-07-21 00:55:41,0,2024-07-21 00:55:41,,,
2019-04-18,山东海天生物化工,工业级,1970.00,出厂价,,403,2019-04-18 00:00:00,1,0,2024-07-21 00:55:41,0,2024-07-21 00:55:41,,,
2019-04-11,山东海天生物化工,工业级,1970.00,出厂价,,404,2019-04-11 00:00:00,1,0,2024-07-21 00:55:41,0,2024-07-21 00:55:41,,,
2019-03-28,山东海天生物化工,工业级,2050.00,出厂价,,405,2019-03-28 00:00:00,1,0,2024-07-21 00:55:41,0,2024-07-21 00:55:41,,,
2019-03-14,山东海天生物化工,工业级,2050.00,出厂价,,406,2019-03-14 00:00:00,1,0,2024-07-21 00:55:41,0,2024-07-21 00:55:41,,,
2019-03-07,山东海天生物化工,工业级,2050.00,出厂价,,407,2019-03-07 00:00:00,1,0,2024-07-21 00:55:41,0,2024-07-21 00:55:41,,,
2019-02-28,山东海天生物化工,工业级,2050.00,出厂价,,408,2019-02-28 00:00:00,1,0,2024-07-21 00:55:41,0,2024-07-21 00:55:41,,,
2019-02-21,山东海天生物化工,工业级,2170.00,出厂价,,409,2019-02-21 00:00:00,1,0,2024-07-21 00:55:41,0,2024-07-21 00:55:41,,,
2019-02-21,山东海化,工业级,2120.00,出厂价,,410,2019-02-21 00:00:00,1,0,2024-07-21 00:55:41,0,2024-07-21 00:55:41,,,
2019-02-14,山东海天生物化工,工业级,2170.00,出厂价,,411,2019-02-14 00:00:00,1,0,2024-07-21 00:55:41,0,2024-07-21 00:55:41,,,
2019-02-14,山东海化,工业级,2120.00,出厂价,,412,2019-02-14 00:00:00,1,0,2024-07-21 00:55:41,0,2024-07-21 00:55:41,,,
2019-01-24,山东海天生物化工,工业级,2170.00,出厂价,,413,2019-01-24 00:00:00,1,0,2024-07-21 00:55:41,0,2024-07-21 00:55:41,,,
2019-01-24,山东海化,工业级,2120.00,出厂价,,414,2019-01-24 00:00:00,1,0,2024-07-21 00:55:41,0,2024-07-21 00:55:41,,,
2019-01-10,山东海天生物化工,工业级,2170.00,出厂价,,415,2019-01-10 00:00:00,1,0,2024-07-21 00:55:41,0,2024-07-21 00:55:41,,,
2019-01-10,山东海化,工业级,2120.00,出厂价,,416,2019-01-10 00:00:00,1,0,2024-07-21 00:55:41,0,2024-07-21 00:55:41,,,
2018-12-28,山东海天生物化工,工业级,2170.00,出厂价,,417,2018-12-28 00:00:00,1,0,2024-07-21 00:55:41,0,2024-07-21 00:55:41,,,
2018-12-28,山东海化,工业级,2100.00,出厂价,,418,2018-12-28 00:00:00,1,0,2024-07-21 00:55:41,0,2024-07-21 00:55:41,,,
2018-12-20,山东海天生物化工,工业级,2170.00,出厂价,,419,2018-12-20 00:00:00,1,0,2024-07-21 00:55:41,0,2024-07-21 00:55:41,,,
2018-12-20,山东海化,工业级,2100.00,出厂价,,420,2018-12-20 00:00:00,1,0,2024-07-21 00:55:41,0,2024-07-21 00:55:41,,,
2018-12-13,山东海天生物化工,工业级,2170.00,出厂价,,421,2018-12-13 00:00:00,1,0,2024-07-21 00:55:44,0,2024-07-21 00:55:44,,,
2018-12-13,山东海化,工业级,2100.00,出厂价,,422,2018-12-13 00:00:00,1,0,2024-07-21 00:55:44,0,2024-07-21 00:55:44,,,
2018-12-06,山东海天生物化工,工业级,2170.00,出厂价,,423,2018-12-06 00:00:00,1,0,2024-07-21 00:55:44,0,2024-07-21 00:55:44,,,
2018-12-06,山东海化,工业级,2100.00,出厂价,,424,2018-12-06 00:00:00,1,0,2024-07-21 00:55:44,0,2024-07-21 00:55:44,,,
2018-11-29,山东海天生物化工,工业级,2100.00,出厂价,,425,2018-11-29 00:00:00,1,0,2024-07-21 00:55:44,0,2024-07-21 00:55:44,,,
2018-11-22,山东海天生物化工,工业级,2100.00,出厂价,,426,2018-11-22 00:00:00,1,0,2024-07-21 00:55:44,0,2024-07-21 00:55:44,,,
2018-11-08,山东海天生物化工,工业级,2100.00,出厂价,,427,2018-11-08 00:00:00,1,0,2024-07-21 00:55:44,0,2024-07-21 00:55:44,,,
2018-10-25,山东海天生物化工,工业级,2200.00,出厂价,,428,2018-10-25 00:00:00,1,0,2024-07-21 00:55:44,0,2024-07-21 00:55:44,,,
2018-10-18,山东海天生物化工,工业级,2100.00,出厂价,,429,2018-10-18 00:00:00,1,0,2024-07-21 00:55:44,0,2024-07-21 00:55:44,,,
2018-10-11,山东海天生物化工,工业级,2000.00,出厂价,,430,2018-10-11 00:00:00,1,0,2024-07-21 00:55:44,0,2024-07-21 00:55:44,,,
2018-09-27,山东海天生物化工,工业级,1950.00,出厂价,,431,2018-09-27 00:00:00,1,0,2024-07-21 00:55:44,0,2024-07-21 00:55:44,,,
2018-09-20,山东海化,工业级,1900.00,出厂价,,432,2018-09-20 00:00:00,1,0,2024-07-21 00:55:44,0,2024-07-21 00:55:44,,,
2018-09-13,山东海化,工业级,1850.00,出厂价,,433,2018-09-13 00:00:00,1,0,2024-07-21 00:55:44,0,2024-07-21 00:55:44,,,
2018-09-06,山东海化,工业级,1850.00,出厂价,,434,2018-09-06 00:00:00,1,0,2024-07-21 00:55:44,0,2024-07-21 00:55:44,,,
2018-08-30,山东海化,工业级,1850.00,出厂价,,435,2018-08-30 00:00:00,1,0,2024-07-21 00:55:44,0,2024-07-21 00:55:44,,,
2018-08-23,山东海化,工业级,1850.00,出厂价,,436,2018-08-23 00:00:00,1,0,2024-07-21 00:55:44,0,2024-07-21 00:55:44,,,
2018-08-16,山东海化,工业级,1850.00,出厂价,,437,2018-08-16 00:00:00,1,0,2024-07-21 00:55:44,0,2024-07-21 00:55:44,,,
2018-08-09,山东海化,工业级,1900.00,出厂价,,438,2018-08-09 00:00:00,1,0,2024-07-21 00:55:44,0,2024-07-21 00:55:44,,,
2018-08-02,山东海化,工业级,1850.00,出厂价,,439,2018-08-02 00:00:00,1,0,2024-07-21 00:55:44,0,2024-07-21 00:55:44,,,
2018-07-26,山东海化,工业级,1900.00,出厂价,,440,2018-07-26 00:00:00,1,0,2024-07-21 00:55:44,0,2024-07-21 00:55:44,,,
2018-07-19,山东海化,工业级,2000.00,出厂价,,441,2018-07-19 00:00:00,1,0,2024-07-21 00:55:44,0,2024-07-21 00:55:44,,,
2018-07-12,山东海化,工业级,1900.00,出厂价,,442,2018-07-12 00:00:00,1,0,2024-07-21 00:55:44,0,2024-07-21 00:55:44,,,
2018-07-05,山东海化,工业级,2000.00,出厂价,,443,2018-07-05 00:00:00,1,0,2024-07-21 00:55:44,0,2024-07-21 00:55:44,,,
2018-06-28,唐山三友,工业级,2150.00,出厂价,,444,2018-06-28 00:00:00,1,0,2024-07-21 00:55:44,0,2024-07-21 00:55:44,,,
2018-06-28,山东海天生物化工,工业级,2200.00,出厂价,,445,2018-06-28 00:00:00,1,0,2024-07-21 00:55:44,0,2024-07-21 00:55:44,,,
2018-06-28,山东海化,工业级,2200.00,出厂价,,446,2018-06-28 00:00:00,1,0,2024-07-21 00:55:44,0,2024-07-21 00:55:44,,,
2018-06-21,唐山三友,工业级,2150.00,出厂价,,447,2018-06-21 00:00:00,1,0,2024-07-21 00:55:44,0,2024-07-21 00:55:44,,,
2018-06-21,山东海天生物化工,工业级,2150.00,出厂价,,448,2018-06-21 00:00:00,1,0,2024-07-21 00:55:44,0,2024-07-21 00:55:44,,,
2018-06-21,山东海化,工业级,2130.00,出厂价,,449,2018-06-21 00:00:00,1,0,2024-07-21 00:55:44,0,2024-07-21 00:55:44,,,
2018-06-14,山东海化,工业级,2300.00,出厂价,,450,2018-06-14 00:00:00,1,0,2024-07-21 00:55:44,0,2024-07-21 00:55:44,,,
2018-06-14,湖北双环,工业级,2020.00,出厂价,,451,2018-06-14 00:00:00,1,0,2024-07-21 00:55:47,0,2024-07-21 00:55:47,,,
2018-06-14,河南桐柏海晶,工业级,2000.00,出厂价,,452,2018-06-14 00:00:00,1,0,2024-07-21 00:55:47,0,2024-07-21 00:55:47,,,
2018-06-14,河南金山,工业级,2200.00,出厂价,,453,2018-06-14 00:00:00,1,0,2024-07-21 00:55:47,0,2024-07-21 00:55:47,,,
2018-06-07,山东海天生物化工,工业级,2200.00,出厂价,,454,2018-06-07 00:00:00,1,0,2024-07-21 00:55:47,0,2024-07-21 00:55:47,,,
2018-06-07,山东海化,工业级,2200.00,出厂价,,455,2018-06-07 00:00:00,1,0,2024-07-21 00:55:47,0,2024-07-21 00:55:47,,,
2018-05-31,山东海天生物化工,工业级,2150.00,出厂价,,456,2018-05-31 00:00:00,1,0,2024-07-21 00:55:47,0,2024-07-21 00:55:47,,,
2018-05-31,山东海化,工业级,2100.00,出厂价,,457,2018-05-31 00:00:00,1,0,2024-07-21 00:55:47,0,2024-07-21 00:55:47,,,
2018-05-24,山东海天生物化工,工业级,2150.00,出厂价,,458,2018-05-24 00:00:00,1,0,2024-07-21 00:55:47,0,2024-07-21 00:55:47,,,
2018-05-24,山东海化,工业级,2100.00,出厂价,,459,2018-05-24 00:00:00,1,0,2024-07-21 00:55:47,0,2024-07-21 00:55:47,,,
2018-05-10,山东海天生物化工,工业级,2150.00,出厂价,,460,2018-05-10 00:00:00,1,0,2024-07-21 00:55:47,0,2024-07-21 00:55:47,,,
2018-05-10,山东海化,工业级,2100.00,出厂价,,461,2018-05-10 00:00:00,1,0,2024-07-21 00:55:47,0,2024-07-21 00:55:47,,,
2018-05-03,山东海化,工业级,2100.00,出厂价,,462,2018-05-03 00:00:00,1,0,2024-07-21 00:55:47,0,2024-07-21 00:55:47,,,
2018-04-26,山东海天生物化工,工业级,1970.00,出厂价,,463,2018-04-26 00:00:00,1,0,2024-07-21 00:55:47,0,2024-07-21 00:55:47,,,
2018-04-26,山东海化,工业级,2000.00,出厂价,,464,2018-04-26 00:00:00,1,0,2024-07-21 00:55:47,0,2024-07-21 00:55:47,,,
2018-03-29,山东海天生物化工,工业级,1850.00,出厂价,,465,2018-03-29 00:00:00,1,0,2024-07-21 00:55:47,0,2024-07-21 00:55:47,,,
2018-03-29,山东海化,工业级,1870.00,出厂价,,466,2018-03-29 00:00:00,1,0,2024-07-21 00:55:47,0,2024-07-21 00:55:47,,,
2018-03-22,山东海天生物化工,工业级,1780.00,出厂价,,467,2018-03-22 00:00:00,1,0,2024-07-21 00:55:47,0,2024-07-21 00:55:47,,,
2018-03-22,山东海化,工业级,1850.00,出厂价,,468,2018-03-22 00:00:00,1,0,2024-07-21 00:55:47,0,2024-07-21 00:55:47,,,
2018-03-15,山东海天生物化工,工业级,1780.00,出厂价,,469,2018-03-15 00:00:00,1,0,2024-07-21 00:55:47,0,2024-07-21 00:55:47,,,
2018-03-15,山东海化,工业级,1770.00,出厂价,,470,2018-03-15 00:00:00,1,0,2024-07-21 00:55:47,0,2024-07-21 00:55:47,,,
2018-03-08,山东海天生物化工,工业级,1780.00,出厂价,,471,2018-03-08 00:00:00,1,0,2024-07-21 00:55:47,0,2024-07-21 00:55:47,,,
2018-03-08,山东海化,工业级,1770.00,出厂价,,472,2018-03-08 00:00:00,1,0,2024-07-21 00:55:47,0,2024-07-21 00:55:47,,,
2018-03-01,山东海天生物化工,工业级,1850.00,出厂价,,473,2018-03-01 00:00:00,1,0,2024-07-21 00:55:47,0,2024-07-21 00:55:47,,,
2018-03-01,山东海化,工业级,1800.00,出厂价,,474,2018-03-01 00:00:00,1,0,2024-07-21 00:55:47,0,2024-07-21 00:55:47,,,
2018-03-01,黄骅天信,工业级,1600.00,出厂价,,475,2018-03-01 00:00:00,1,0,2024-07-21 00:55:47,0,2024-07-21 00:55:47,,,
2018-02-01,山东海天生物化工,工业级,1900.00,出厂价,,476,2018-02-01 00:00:00,1,0,2024-07-21 00:55:47,0,2024-07-21 00:55:47,,,
2018-02-01,山东海化,工业级,1950.00,出厂价,,477,2018-02-01 00:00:00,1,0,2024-07-21 00:55:47,0,2024-07-21 00:55:47,,,
2018-02-01,黄骅天信,工业级,1800.00,出厂价,,478,2018-02-01 00:00:00,1,0,2024-07-21 00:55:47,0,2024-07-21 00:55:47,,,
2018-01-25,山东海天生物化工,工业级,1900.00,出厂价,,479,2018-01-25 00:00:00,1,0,2024-07-21 00:55:47,0,2024-07-21 00:55:47,,,
2018-01-25,山东海化,工业级,1950.00,出厂价,,480,2018-01-25 00:00:00,1,0,2024-07-21 00:55:47,0,2024-07-21 00:55:47,,,
2018-01-25,黄骅天信,工业级,1800.00,出厂价,,481,2018-01-25 00:00:00,1,0,2024-07-21 00:55:50,0,2024-07-21 00:55:50,,,
2018-01-18,山东海天生物化工,工业级,1950.00,出厂价,,482,2018-01-18 00:00:00,1,0,2024-07-21 00:55:50,0,2024-07-21 00:55:50,,,
2018-01-18,山东海化,工业级,1950.00,出厂价,,483,2018-01-18 00:00:00,1,0,2024-07-21 00:55:50,0,2024-07-21 00:55:50,,,
2018-01-18,黄骅天信,工业级,1800.00,出厂价,,484,2018-01-18 00:00:00,1,0,2024-07-21 00:55:50,0,2024-07-21 00:55:50,,,
2018-01-11,山东海天生物化工,工业级,1950.00,出厂价,,485,2018-01-11 00:00:00,1,0,2024-07-21 00:55:50,0,2024-07-21 00:55:50,,,
2018-01-11,山东海化,工业级,1950.00,出厂价,,486,2018-01-11 00:00:00,1,0,2024-07-21 00:55:50,0,2024-07-21 00:55:50,,,
2018-01-11,黄骅天信,工业级,1800.00,出厂价,,487,2018-01-11 00:00:00,1,0,2024-07-21 00:55:50,0,2024-07-21 00:55:50,,,
2018-01-04,山东海天生物化工,工业级,2100.00,出厂价,,488,2018-01-04 00:00:00,1,0,2024-07-21 00:55:50,0,2024-07-21 00:55:50,,,
2018-01-04,山东海化,工业级,2050.00,出厂价,,489,2018-01-04 00:00:00,1,0,2024-07-21 00:55:50,0,2024-07-21 00:55:50,,,
2018-01-04,黄骅天信,工业级,1800.00,出厂价,,490,2018-01-04 00:00:00,1,0,2024-07-21 00:55:50,0,2024-07-21 00:55:50,,,
2018-01-04,河南骏化,工业级,1800.00,出厂价,,491,2018-01-04 00:00:00,1,0,2024-07-21 00:55:50,0,2024-07-21 00:55:50,,,
2017-12-28,山东海天生物化工,工业级,2100.00,出厂价,,492,2017-12-28 00:00:00,1,0,2024-07-21 00:55:50,0,2024-07-21 00:55:50,,,
2017-12-28,山东海化,工业级,2100.00,出厂价,,493,2017-12-28 00:00:00,1,0,2024-07-21 00:55:50,0,2024-07-21 00:55:50,,,
2017-12-28,黄骅天信,工业级,1800.00,出厂价,,494,2017-12-28 00:00:00,1,0,2024-07-21 00:55:50,0,2024-07-21 00:55:50,,,
2017-12-21,山东海天生物化工,工业级,2150.00,出厂价,,495,2017-12-21 00:00:00,1,0,2024-07-21 00:55:50,0,2024-07-21 00:55:50,,,
2017-12-21,山东海化,工业级,2200.00,出厂价,,496,2017-12-21 00:00:00,1,0,2024-07-21 00:55:50,0,2024-07-21 00:55:50,,,
2017-12-21,黄骅天信,工业级,2050.00,出厂价,,497,2017-12-21 00:00:00,1,0,2024-07-21 00:55:50,0,2024-07-21 00:55:50,,,
2017-12-14,山东海天生物化工,工业级,2150.00,出厂价,,498,2017-12-14 00:00:00,1,0,2024-07-21 00:55:50,0,2024-07-21 00:55:50,,,
2017-12-14,山东海化,工业级,2400.00,出厂价,,499,2017-12-14 00:00:00,1,0,2024-07-21 00:55:50,0,2024-07-21 00:55:50,,,
2017-12-14,黄骅天信,工业级,2050.00,出厂价,,500,2017-12-14 00:00:00,1,0,2024-07-21 00:55:50,0,2024-07-21 00:55:50,,,
2017-12-07,山东海天生物化工,工业级,2400.00,出厂价,,501,2017-12-07 00:00:00,1,0,2024-07-21 00:55:50,0,2024-07-21 00:55:50,,,
2017-12-07,山东海化,工业级,2450.00,出厂价,,502,2017-12-07 00:00:00,1,0,2024-07-21 00:55:50,0,2024-07-21 00:55:50,,,
2017-12-07,黄骅天信,工业级,2200.00,出厂价,,503,2017-12-07 00:00:00,1,0,2024-07-21 00:55:50,0,2024-07-21 00:55:50,,,
2017-11-30,山东海天生物化工,工业级,2400.00,出厂价,,504,2017-11-30 00:00:00,1,0,2024-07-21 00:55:50,0,2024-07-21 00:55:50,,,
2017-11-30,山东海化,工业级,2500.00,出厂价,,505,2017-11-30 00:00:00,1,0,2024-07-21 00:55:50,0,2024-07-21 00:55:50,,,
2017-11-30,黄骅天信,工业级,2200.00,出厂价,,506,2017-11-30 00:00:00,1,0,2024-07-21 00:55:50,0,2024-07-21 00:55:50,,,
2017-11-23,山东海天生物化工,工业级,2400.00,出厂价,,507,2017-11-23 00:00:00,1,0,2024-07-21 00:55:50,0,2024-07-21 00:55:50,,,
2017-11-23,山东海化,工业级,2500.00,出厂价,,508,2017-11-23 00:00:00,1,0,2024-07-21 00:55:50,0,2024-07-21 00:55:50,,,
2017-11-23,黄骅天信,工业级,2300.00,出厂价,,509,2017-11-23 00:00:00,1,0,2024-07-21 00:55:50,0,2024-07-21 00:55:50,,,
2017-11-16,山东海天生物化工,工业级,2400.00,出厂价,,510,2017-11-16 00:00:00,1,0,2024-07-21 00:55:50,0,2024-07-21 00:55:50,,,
2017-11-16,山东海化,工业级,2500.00,出厂价,,511,2017-11-16 00:00:00,1,0,2024-07-21 00:55:54,0,2024-07-21 00:55:54,,,
2017-11-16,黄骅天信,工业级,2200.00,出厂价,,512,2017-11-16 00:00:00,1,0,2024-07-21 00:55:54,0,2024-07-21 00:55:54,,,
2017-11-09,山东海天生物化工,工业级,2400.00,出厂价,,513,2017-11-09 00:00:00,1,0,2024-07-21 00:55:54,0,2024-07-21 00:55:54,,,
2017-11-09,山东海化,工业级,2500.00,出厂价,,514,2017-11-09 00:00:00,1,0,2024-07-21 00:55:54,0,2024-07-21 00:55:54,,,
2017-11-09,黄骅天信,工业级,2200.00,出厂价,,515,2017-11-09 00:00:00,1,0,2024-07-21 00:55:54,0,2024-07-21 00:55:54,,,
2017-11-02,山东海天生物化工,工业级,2400.00,出厂价,,516,2017-11-02 00:00:00,1,0,2024-07-21 00:55:54,0,2024-07-21 00:55:54,,,
2017-11-02,山东海化,工业级,2500.00,出厂价,,517,2017-11-02 00:00:00,1,0,2024-07-21 00:55:54,0,2024-07-21 00:55:54,,,
2017-11-02,黄骅天信,工业级,2200.00,出厂价,,518,2017-11-02 00:00:00,1,0,2024-07-21 00:55:54,0,2024-07-21 00:55:54,,,
2017-10-26,山东海天生物化工,工业级,2350.00,出厂价,,519,2017-10-26 00:00:00,1,0,2024-07-21 00:55:54,0,2024-07-21 00:55:54,,,
2017-10-26,山东海化,工业级,2300.00,出厂价,,520,2017-10-26 00:00:00,1,0,2024-07-21 00:55:54,0,2024-07-21 00:55:54,,,
2017-10-26,黄骅天信,工业级,2400.00,出厂价,,521,2017-10-26 00:00:00,1,0,2024-07-21 00:55:54,0,2024-07-21 00:55:54,,,
2017-10-19,山东海天生物化工,工业级,2350.00,出厂价,,522,2017-10-19 00:00:00,1,0,2024-07-21 00:55:54,0,2024-07-21 00:55:54,,,
2017-10-19,山东海化,工业级,2300.00,出厂价,,523,2017-10-19 00:00:00,1,0,2024-07-21 00:55:54,0,2024-07-21 00:55:54,,,
2017-10-19,黄骅天信,工业级,2400.00,出厂价,,524,2017-10-19 00:00:00,1,0,2024-07-21 00:55:54,0,2024-07-21 00:55:54,,,
2017-10-12,山东海化,工业级,2300.00,出厂价,,525,2017-10-12 00:00:00,1,0,2024-07-21 00:55:54,0,2024-07-21 00:55:54,,,
2017-10-12,黄骅天信,工业级,2400.00,出厂价,,526,2017-10-12 00:00:00,1,0,2024-07-21 00:55:54,0,2024-07-21 00:55:54,,,
2017-09-21,山东海化,工业级,2100.00,出厂价,,527,2017-09-21 00:00:00,1,0,2024-07-21 00:55:54,0,2024-07-21 00:55:54,,,
2017-09-21,黄骅天信,工业级,2200.00,出厂价,,528,2017-09-21 00:00:00,1,0,2024-07-21 00:55:54,0,2024-07-21 00:55:54,,,
2017-09-14,山东海化,工业级,2100.00,出厂价,,529,2017-09-14 00:00:00,1,0,2024-07-21 00:55:54,0,2024-07-21 00:55:54,,,
2017-09-14,黄骅天信,工业级,2000.00,出厂价,,530,2017-09-14 00:00:00,1,0,2024-07-21 00:55:54,0,2024-07-21 00:55:54,,,
2017-09-07,南方制碱,轻质碱,1850.00,出厂价,,531,2017-09-07 00:00:00,1,0,2024-07-21 00:55:54,0,2024-07-21 00:55:54,,,
2017-09-07,江苏华昌集团,轻质碱,1650.00,出厂价,,532,2017-09-07 00:00:00,1,0,2024-07-21 00:55:54,0,2024-07-21 00:55:54,,,
2017-09-07,江苏华昌集团,重质碱,1750.00,出厂价,,533,2017-09-07 00:00:00,1,0,2024-07-21 00:55:54,0,2024-07-21 00:55:54,,,
2017-09-07,江苏德邦,轻质碱,1700.00,出厂价,,534,2017-09-07 00:00:00,1,0,2024-07-21 00:55:54,0,2024-07-21 00:55:54,,,
2017-09-07,江苏德邦,重质碱,1750.00,出厂价,,535,2017-09-07 00:00:00,1,0,2024-07-21 00:55:54,0,2024-07-21 00:55:54,,,
2017-09-07,河南骏化,轻质碱,1680.00,出厂价,,536,2017-09-07 00:00:00,1,0,2024-07-21 00:55:54,0,2024-07-21 00:55:54,,,
2017-09-07,河南骏化,重质碱,1730.00,出厂价,,537,2017-09-07 00:00:00,1,0,2024-07-21 00:55:54,0,2024-07-21 00:55:54,,,
2017-08-31,南方制碱,轻质碱,1850.00,出厂价,,538,2017-08-31 00:00:00,1,0,2024-07-21 00:55:54,0,2024-07-21 00:55:54,,,
2017-08-31,江苏华昌集团,重质碱,1750.00,出厂价,,539,2017-08-31 00:00:00,1,0,2024-07-21 00:55:54,0,2024-07-21 00:55:54,,,
2017-08-31,江苏华昌集团,轻质碱,1650.00,出厂价,,540,2017-08-31 00:00:00,1,0,2024-07-21 00:55:54,0,2024-07-21 00:55:54,,,
2017-08-31,江苏德邦,轻质碱,1700.00,出厂价,,541,2017-08-31 00:00:00,1,0,2024-07-21 00:55:58,0,2024-07-21 00:55:58,,,
2017-08-31,江苏德邦,重质碱,1750.00,出厂价,,542,2017-08-31 00:00:00,1,0,2024-07-21 00:55:58,0,2024-07-21 00:55:58,,,
2017-08-31,河南骏化,轻质碱,1680.00,出厂价,,543,2017-08-31 00:00:00,1,0,2024-07-21 00:55:58,0,2024-07-21 00:55:58,,,
2017-08-31,河南骏化,重质碱,1730.00,出厂价,,544,2017-08-31 00:00:00,1,0,2024-07-21 00:55:58,0,2024-07-21 00:55:58,,,
2017-08-24,江苏华昌集团,轻质碱,1650.00,出厂价,,545,2017-08-24 00:00:00,1,0,2024-07-21 00:55:58,0,2024-07-21 00:55:58,,,
2017-08-24,江苏华昌集团,重质碱,1700.00,出厂价,,546,2017-08-24 00:00:00,1,0,2024-07-21 00:55:58,0,2024-07-21 00:55:58,,,
2017-08-24,江苏德邦,轻质碱,1650.00,出厂价,,547,2017-08-24 00:00:00,1,0,2024-07-21 00:55:58,0,2024-07-21 00:55:58,,,
2017-08-24,江苏德邦,重质碱,1700.00,出厂价,,548,2017-08-24 00:00:00,1,0,2024-07-21 00:55:58,0,2024-07-21 00:55:58,,,
2017-08-24,湖南湘潭碱业,轻质碱,1680.00,出厂价,,549,2017-08-24 00:00:00,1,0,2024-07-21 00:55:58,0,2024-07-21 00:55:58,,,
2017-08-24,河南骏化,轻质碱,1630.00,出厂价,,550,2017-08-24 00:00:00,1,0,2024-07-21 00:55:58,0,2024-07-21 00:55:58,,,
2017-08-24,河南骏化,重质碱,1680.00,出厂价,,551,2017-08-24 00:00:00,1,0,2024-07-21 00:55:58,0,2024-07-21 00:55:58,,,
2017-08-17,江苏华昌集团,轻质碱,1650.00,出厂价,,552,2017-08-17 00:00:00,1,0,2024-07-21 00:55:58,0,2024-07-21 00:55:58,,,
2017-08-17,江苏华昌集团,重质碱,1700.00,出厂价,,553,2017-08-17 00:00:00,1,0,2024-07-21 00:55:58,0,2024-07-21 00:55:58,,,
2017-08-17,江苏德邦,轻质碱,1650.00,出厂价,,554,2017-08-17 00:00:00,1,0,2024-07-21 00:55:58,0,2024-07-21 00:55:58,,,
2017-08-17,江苏德邦,重质碱,1700.00,出厂价,,555,2017-08-17 00:00:00,1,0,2024-07-21 00:55:58,0,2024-07-21 00:55:58,,,
2017-08-17,黄骅天信,轻质碱,1650.00,出厂价,,556,2017-08-17 00:00:00,1,0,2024-07-21 00:55:58,0,2024-07-21 00:55:58,,,
2017-08-17,湖南湘潭碱业,轻质碱,1680.00,出厂价,,557,2017-08-17 00:00:00,1,0,2024-07-21 00:55:58,0,2024-07-21 00:55:58,,,
2017-08-17,河南骏化,轻质碱,1630.00,出厂价,,558,2017-08-17 00:00:00,1,0,2024-07-21 00:55:58,0,2024-07-21 00:55:58,,,
2017-08-17,河南骏化,重质碱,1680.00,出厂价,,559,2017-08-17 00:00:00,1,0,2024-07-21 00:55:58,0,2024-07-21 00:55:58,,,
2017-08-10,江苏华昌集团,轻质碱,1650.00,出厂价,,560,2017-08-10 00:00:00,1,0,2024-07-21 00:55:58,0,2024-07-21 00:55:58,,,
2017-08-10,江苏华昌集团,重质碱,1700.00,出厂价,,561,2017-08-10 00:00:00,1,0,2024-07-21 00:55:58,0,2024-07-21 00:55:58,,,
2017-08-10,江苏德邦,轻质碱,1650.00,出厂价,,562,2017-08-10 00:00:00,1,0,2024-07-21 00:55:58,0,2024-07-21 00:55:58,,,
2017-08-10,江苏德邦,重质碱,1700.00,出厂价,,563,2017-08-10 00:00:00,1,0,2024-07-21 00:55:58,0,2024-07-21 00:55:58,,,
2017-08-10,黄骅天信,轻质碱,1650.00,出厂价,,564,2017-08-10 00:00:00,1,0,2024-07-21 00:55:58,0,2024-07-21 00:55:58,,,
2017-08-10,湖南湘潭碱业,轻质碱,1680.00,出厂价,,565,2017-08-10 00:00:00,1,0,2024-07-21 00:55:58,0,2024-07-21 00:55:58,,,
2017-08-10,河南骏化,轻质碱,1630.00,出厂价,,566,2017-08-10 00:00:00,1,0,2024-07-21 00:55:58,0,2024-07-21 00:55:58,,,
2017-08-10,河南骏化,重质碱,1680.00,出厂价,,567,2017-08-10 00:00:00,1,0,2024-07-21 00:55:58,0,2024-07-21 00:55:58,,,
2017-08-03,江苏华昌集团,轻质碱,1650.00,出厂价,,568,2017-08-03 00:00:00,1,0,2024-07-21 00:55:58,0,2024-07-21 00:55:58,,,
2017-08-03,江苏华昌集团,重质碱,1700.00,出厂价,,569,2017-08-03 00:00:00,1,0,2024-07-21 00:55:58,0,2024-07-21 00:55:58,,,
2017-08-03,江苏德邦,轻质碱,1650.00,出厂价,,570,2017-08-03 00:00:00,1,0,2024-07-21 00:55:58,0,2024-07-21 00:55:58,,,
2017-08-03,江苏德邦,重质碱,1700.00,出厂价,,571,2017-08-03 00:00:00,1,0,2024-07-21 00:56:01,0,2024-07-21 00:56:01,,,
2017-08-03,黄骅天信,轻质碱,1650.00,出厂价,,572,2017-08-03 00:00:00,1,0,2024-07-21 00:56:01,0,2024-07-21 00:56:01,,,
2017-08-03,湖南湘潭碱业,轻质碱,1680.00,出厂价,,573,2017-08-03 00:00:00,1,0,2024-07-21 00:56:01,0,2024-07-21 00:56:01,,,
2017-08-03,河南骏化,轻质碱,1630.00,出厂价,,574,2017-08-03 00:00:00,1,0,2024-07-21 00:56:01,0,2024-07-21 00:56:01,,,
2017-08-03,河南骏化,重质碱,1680.00,出厂价,,575,2017-08-03 00:00:00,1,0,2024-07-21 00:56:01,0,2024-07-21 00:56:01,,,
2017-07-27,唐山三友,轻质碱,1700.00,出厂价,,576,2017-07-27 00:00:00,1,0,2024-07-21 00:56:01,0,2024-07-21 00:56:01,,,
2017-07-27,黄骅天信,轻质碱,1600.00,出厂价,,577,2017-07-27 00:00:00,1,0,2024-07-21 00:56:01,0,2024-07-21 00:56:01,,,
2017-07-20,唐山三友,轻质碱,1700.00,出厂价,,578,2017-07-20 00:00:00,1,0,2024-07-21 00:56:01,0,2024-07-21 00:56:01,,,
2017-07-20,黄骅天信,轻质碱,1600.00,出厂价,,579,2017-07-20 00:00:00,1,0,2024-07-21 00:56:01,0,2024-07-21 00:56:01,,,
2017-07-13,唐山三友,轻质碱,1650.00,出厂价,,580,2017-07-13 00:00:00,1,0,2024-07-21 00:56:01,0,2024-07-21 00:56:01,,,
2017-07-13,黄骅天信,轻质碱,1680.00,出厂价,,581,2017-07-13 00:00:00,1,0,2024-07-21 00:56:01,0,2024-07-21 00:56:01,,,
2017-07-06,唐山三友,轻质碱,1650.00,出厂价,,582,2017-07-06 00:00:00,1,0,2024-07-21 00:56:01,0,2024-07-21 00:56:01,,,
2017-07-06,黄骅天信,轻质碱,1680.00,出厂价,,583,2017-07-06 00:00:00,1,0,2024-07-21 00:56:01,0,2024-07-21 00:56:01,,,
2017-06-29,唐山三友,轻质碱,1650.00,出厂价,,584,2017-06-29 00:00:00,1,0,2024-07-21 00:56:01,0,2024-07-21 00:56:01,,,
2017-06-29,黄骅天信,轻质碱,1680.00,出厂价,,585,2017-06-29 00:00:00,1,0,2024-07-21 00:56:01,0,2024-07-21 00:56:01,,,
2017-06-22,唐山三友,轻质碱,1650.00,出厂价,,586,2017-06-22 00:00:00,1,0,2024-07-21 00:56:01,0,2024-07-21 00:56:01,,,
2017-06-22,山东海化,轻质碱,1650.00,出厂价,,587,2017-06-22 00:00:00,1,0,2024-07-21 00:56:01,0,2024-07-21 00:56:01,,,
2017-06-22,南方制碱,轻质碱,1750.00,出厂价,,588,2017-06-22 00:00:00,1,0,2024-07-21 00:56:01,0,2024-07-21 00:56:01,,,
2017-06-22,柳州化工,轻质碱,1700.00,出厂价,,589,2017-06-22 00:00:00,1,0,2024-07-21 00:56:01,0,2024-07-21 00:56:01,,,
2017-06-22,江苏华昌集团,轻质碱,1550.00,出厂价,,590,2017-06-22 00:00:00,1,0,2024-07-21 00:56:01,0,2024-07-21 00:56:01,,,
2017-06-22,江苏德邦,重质碱,1650.00,出厂价,,591,2017-06-22 00:00:00,1,0,2024-07-21 00:56:01,0,2024-07-21 00:56:01,,,
2017-06-22,湖南湘潭碱业,轻质碱,1550.00,出厂价,,592,2017-06-22 00:00:00,1,0,2024-07-21 00:56:01,0,2024-07-21 00:56:01,,,
2017-06-15,唐山三友,轻质碱,1550.00,出厂价,,593,2017-06-15 00:00:00,1,0,2024-07-21 00:56:01,0,2024-07-21 00:56:01,,,
2017-06-15,山东海化,轻质碱,1550.00,出厂价,,594,2017-06-15 00:00:00,1,0,2024-07-21 00:56:01,0,2024-07-21 00:56:01,,,
2017-06-15,南方制碱,轻质碱,1750.00,出厂价,,595,2017-06-15 00:00:00,1,0,2024-07-21 00:56:01,0,2024-07-21 00:56:01,,,
2017-06-15,柳州化工,轻质碱,1700.00,出厂价,,596,2017-06-15 00:00:00,1,0,2024-07-21 00:56:01,0,2024-07-21 00:56:01,,,
2017-06-15,江苏华昌集团,轻质碱,1500.00,出厂价,,597,2017-06-15 00:00:00,1,0,2024-07-21 00:56:01,0,2024-07-21 00:56:01,,,
2017-06-15,江苏德邦,重质碱,1650.00,出厂价,,598,2017-06-15 00:00:00,1,0,2024-07-21 00:56:01,0,2024-07-21 00:56:01,,,
2017-06-15,湖南湘潭碱业,轻质碱,1500.00,出厂价,,599,2017-06-15 00:00:00,1,0,2024-07-21 00:56:01,0,2024-07-21 00:56:01,,,
2017-06-08,唐山三友,轻质碱,1550.00,出厂价,,600,2017-06-08 00:00:00,1,0,2024-07-21 00:56:01,0,2024-07-21 00:56:01,,,
2017-06-08,山东海化,轻质碱,1550.00,出厂价,,601,2017-06-08 00:00:00,1,0,2024-07-21 00:56:05,0,2024-07-21 00:56:05,,,
2017-06-08,南方制碱,轻质碱,1750.00,出厂价,,602,2017-06-08 00:00:00,1,0,2024-07-21 00:56:05,0,2024-07-21 00:56:05,,,
2017-06-08,柳州化工,轻质碱,1700.00,出厂价,,603,2017-06-08 00:00:00,1,0,2024-07-21 00:56:05,0,2024-07-21 00:56:05,,,
2017-06-08,江苏华昌集团,轻质碱,1500.00,出厂价,,604,2017-06-08 00:00:00,1,0,2024-07-21 00:56:05,0,2024-07-21 00:56:05,,,
2017-06-08,江苏德邦,重质碱,1650.00,出厂价,,605,2017-06-08 00:00:00,1,0,2024-07-21 00:56:05,0,2024-07-21 00:56:05,,,
2017-06-08,湖南湘潭碱业,轻质碱,1500.00,出厂价,,606,2017-06-08 00:00:00,1,0,2024-07-21 00:56:05,0,2024-07-21 00:56:05,,,
2017-06-01,唐山三友,轻质碱,1550.00,出厂价,,607,2017-06-01 00:00:00,1,0,2024-07-21 00:56:05,0,2024-07-21 00:56:05,,,
2017-06-01,山东海化,轻质碱,1550.00,出厂价,,608,2017-06-01 00:00:00,1,0,2024-07-21 00:56:05,0,2024-07-21 00:56:05,,,
2017-06-01,南方制碱,轻质碱,1750.00,出厂价,,609,2017-06-01 00:00:00,1,0,2024-07-21 00:56:05,0,2024-07-21 00:56:05,,,
2017-06-01,柳州化工,轻质碱,1700.00,出厂价,,610,2017-06-01 00:00:00,1,0,2024-07-21 00:56:05,0,2024-07-21 00:56:05,,,
2017-06-01,江苏华昌集团,轻质碱,1500.00,出厂价,,611,2017-06-01 00:00:00,1,0,2024-07-21 00:56:05,0,2024-07-21 00:56:05,,,
2017-06-01,江苏德邦,重质碱,1650.00,出厂价,,612,2017-06-01 00:00:00,1,0,2024-07-21 00:56:05,0,2024-07-21 00:56:05,,,
2017-06-01,湖南湘潭碱业,轻质碱,1500.00,出厂价,,613,2017-06-01 00:00:00,1,0,2024-07-21 00:56:05,0,2024-07-21 00:56:05,,,
2017-05-25,唐山三友,轻质碱,1550.00,出厂价,,614,2017-05-25 00:00:00,1,0,2024-07-21 00:56:05,0,2024-07-21 00:56:05,,,
2017-05-25,山东海化,轻质碱,1550.00,出厂价,,615,2017-05-25 00:00:00,1,0,2024-07-21 00:56:05,0,2024-07-21 00:56:05,,,
2017-05-25,南方制碱,轻质碱,1750.00,出厂价,,616,2017-05-25 00:00:00,1,0,2024-07-21 00:56:05,0,2024-07-21 00:56:05,,,
2017-05-25,柳州化工,轻质碱,1700.00,出厂价,,617,2017-05-25 00:00:00,1,0,2024-07-21 00:56:05,0,2024-07-21 00:56:05,,,
2017-05-25,江苏华昌集团,轻质碱,1500.00,出厂价,,618,2017-05-25 00:00:00,1,0,2024-07-21 00:56:05,0,2024-07-21 00:56:05,,,
2017-05-25,江苏德邦,重质碱,1650.00,出厂价,,619,2017-05-25 00:00:00,1,0,2024-07-21 00:56:05,0,2024-07-21 00:56:05,,,
2017-05-25,湖南湘潭碱业,轻质碱,1500.00,出厂价,,620,2017-05-25 00:00:00,1,0,2024-07-21 00:56:05,0,2024-07-21 00:56:05,,,
2017-05-18,唐山三友,轻质碱,1550.00,出厂价,,621,2017-05-18 00:00:00,1,0,2024-07-21 00:56:05,0,2024-07-21 00:56:05,,,
2017-05-18,山东海化,轻质碱,1550.00,出厂价,,622,2017-05-18 00:00:00,1,0,2024-07-21 00:56:05,0,2024-07-21 00:56:05,,,
2017-05-18,南方制碱,轻质碱,1750.00,出厂价,,623,2017-05-18 00:00:00,1,0,2024-07-21 00:56:05,0,2024-07-21 00:56:05,,,
2017-05-18,柳州化工,轻质碱,1700.00,出厂价,,624,2017-05-18 00:00:00,1,0,2024-07-21 00:56:05,0,2024-07-21 00:56:05,,,
2017-05-18,江苏华昌集团,轻质碱,1500.00,出厂价,,625,2017-05-18 00:00:00,1,0,2024-07-21 00:56:05,0,2024-07-21 00:56:05,,,
2017-05-18,江苏德邦,重质碱,1650.00,出厂价,,626,2017-05-18 00:00:00,1,0,2024-07-21 00:56:05,0,2024-07-21 00:56:05,,,
2017-05-18,湖南湘潭碱业,轻质碱,1500.00,出厂价,,627,2017-05-18 00:00:00,1,0,2024-07-21 00:56:05,0,2024-07-21 00:56:05,,,
2017-05-11,唐山三友,轻质碱,1550.00,出厂价,,628,2017-05-11 00:00:00,1,0,2024-07-21 00:56:05,0,2024-07-21 00:56:05,,,
2017-05-11,山东海化,轻质碱,1550.00,出厂价,,629,2017-05-11 00:00:00,1,0,2024-07-21 00:56:05,0,2024-07-21 00:56:05,,,
2017-05-11,南方制碱,轻质碱,1750.00,出厂价,,630,2017-05-11 00:00:00,1,0,2024-07-21 00:56:05,0,2024-07-21 00:56:05,,,
2017-05-11,柳州化工,重质碱,1900.00,出厂价,,631,2017-05-11 00:00:00,1,0,2024-07-21 00:56:08,0,2024-07-21 00:56:08,,,
2017-05-11,江苏华昌集团,轻质碱,1450.00,出厂价,,632,2017-05-11 00:00:00,1,0,2024-07-21 00:56:08,0,2024-07-21 00:56:08,,,
2017-05-11,江苏德邦,重质碱,1600.00,出厂价,,633,2017-05-11 00:00:00,1,0,2024-07-21 00:56:08,0,2024-07-21 00:56:08,,,
2017-05-11,湖南湘潭碱业,轻质碱,1500.00,出厂价,,634,2017-05-11 00:00:00,1,0,2024-07-21 00:56:08,0,2024-07-21 00:56:08,,,
2017-05-04,唐山三友,轻质碱,1550.00,出厂价,,635,2017-05-04 00:00:00,1,0,2024-07-21 00:56:08,0,2024-07-21 00:56:08,,,
2017-05-04,山东海化,轻质碱,1550.00,出厂价,,636,2017-05-04 00:00:00,1,0,2024-07-21 00:56:08,0,2024-07-21 00:56:08,,,
2017-05-04,南方制碱,轻质碱,1750.00,出厂价,,637,2017-05-04 00:00:00,1,0,2024-07-21 00:56:08,0,2024-07-21 00:56:08,,,
2017-05-04,柳州化工,重质碱,1900.00,出厂价,,638,2017-05-04 00:00:00,1,0,2024-07-21 00:56:08,0,2024-07-21 00:56:08,,,
2017-05-04,江苏华昌集团,轻质碱,1450.00,出厂价,,639,2017-05-04 00:00:00,1,0,2024-07-21 00:56:08,0,2024-07-21 00:56:08,,,
2017-05-04,江苏德邦,重质碱,1650.00,出厂价,,640,2017-05-04 00:00:00,1,0,2024-07-21 00:56:08,0,2024-07-21 00:56:08,,,
2017-05-04,湖南湘潭碱业,轻质碱,1550.00,出厂价,,641,2017-05-04 00:00:00,1,0,2024-07-21 00:56:08,0,2024-07-21 00:56:08,,,
2017-04-27,唐山三友,轻质碱,1550.00,出厂价,,642,2017-04-27 00:00:00,1,0,2024-07-21 00:56:08,0,2024-07-21 00:56:08,,,
2017-04-27,山东海化,轻质碱,1550.00,出厂价,,643,2017-04-27 00:00:00,1,0,2024-07-21 00:56:08,0,2024-07-21 00:56:08,,,
2017-04-27,南方制碱,轻质碱,1750.00,出厂价,,644,2017-04-27 00:00:00,1,0,2024-07-21 00:56:08,0,2024-07-21 00:56:08,,,
2017-04-27,柳州化工,重质碱,1900.00,出厂价,,645,2017-04-27 00:00:00,1,0,2024-07-21 00:56:08,0,2024-07-21 00:56:08,,,
2017-04-27,江苏华昌集团,轻质碱,1450.00,出厂价,,646,2017-04-27 00:00:00,1,0,2024-07-21 00:56:08,0,2024-07-21 00:56:08,,,
2017-04-27,江苏德邦,重质碱,1650.00,出厂价,,647,2017-04-27 00:00:00,1,0,2024-07-21 00:56:08,0,2024-07-21 00:56:08,,,
2017-04-27,湖南湘潭碱业,轻质碱,1550.00,出厂价,,648,2017-04-27 00:00:00,1,0,2024-07-21 00:56:08,0,2024-07-21 00:56:08,,,
2017-04-20,唐山三友,轻质碱,1550.00,出厂价,,649,2017-04-20 00:00:00,1,0,2024-07-21 00:56:08,0,2024-07-21 00:56:08,,,
2017-04-20,山东海化,轻质碱,1550.00,出厂价,,650,2017-04-20 00:00:00,1,0,2024-07-21 00:56:08,0,2024-07-21 00:56:08,,,
2017-04-20,南方制碱,轻质碱,1750.00,出厂价,,651,2017-04-20 00:00:00,1,0,2024-07-21 00:56:08,0,2024-07-21 00:56:08,,,
2017-04-20,柳州化工,重质碱,1900.00,出厂价,,652,2017-04-20 00:00:00,1,0,2024-07-21 00:56:08,0,2024-07-21 00:56:08,,,
2017-04-20,江苏华昌集团,轻质碱,1450.00,出厂价,,653,2017-04-20 00:00:00,1,0,2024-07-21 00:56:08,0,2024-07-21 00:56:08,,,
2017-04-20,江苏德邦,重质碱,1650.00,出厂价,,654,2017-04-20 00:00:00,1,0,2024-07-21 00:56:08,0,2024-07-21 00:56:08,,,
2017-04-20,湖南湘潭碱业,轻质碱,1550.00,出厂价,,655,2017-04-20 00:00:00,1,0,2024-07-21 00:56:08,0,2024-07-21 00:56:08,,,
2017-04-13,唐山三友,轻质碱,1550.00,出厂价,,656,2017-04-13 00:00:00,1,0,2024-07-21 00:56:08,0,2024-07-21 00:56:08,,,
2017-04-13,山东海化,轻质碱,1550.00,出厂价,,657,2017-04-13 00:00:00,1,0,2024-07-21 00:56:08,0,2024-07-21 00:56:08,,,
2017-04-13,南方制碱,轻质碱,1750.00,出厂价,,658,2017-04-13 00:00:00,1,0,2024-07-21 00:56:08,0,2024-07-21 00:56:08,,,
2017-04-13,柳州化工,重质碱,1900.00,出厂价,,659,2017-04-13 00:00:00,1,0,2024-07-21 00:56:08,0,2024-07-21 00:56:08,,,
2017-04-13,江苏华昌集团,轻质碱,1450.00,出厂价,,660,2017-04-13 00:00:00,1,0,2024-07-21 00:56:08,0,2024-07-21 00:56:08,,,
2017-04-13,江苏德邦,重质碱,1650.00,出厂价,,661,2017-04-13 00:00:00,1,0,2024-07-21 00:56:10,0,2024-07-21 00:56:10,,,
2017-04-13,湖南湘潭碱业,轻质碱,1550.00,出厂价,,662,2017-04-13 00:00:00,1,0,2024-07-21 00:56:10,0,2024-07-21 00:56:10,,,
2017-04-06,唐山三友,轻质碱,1800.00,出厂价,,663,2017-04-06 00:00:00,1,0,2024-07-21 00:56:10,0,2024-07-21 00:56:10,,,
2017-04-06,山东海化,轻质碱,1850.00,出厂价,,664,2017-04-06 00:00:00,1,0,2024-07-21 00:56:10,0,2024-07-21 00:56:10,,,
2017-04-06,南方制碱,轻质碱,2000.00,出厂价,,665,2017-04-06 00:00:00,1,0,2024-07-21 00:56:10,0,2024-07-21 00:56:10,,,
2017-04-06,柳州化工,重质碱,2100.00,出厂价,,666,2017-04-06 00:00:00,1,0,2024-07-21 00:56:10,0,2024-07-21 00:56:10,,,
2017-04-06,江苏华昌集团,轻质碱,1750.00,出厂价,,667,2017-04-06 00:00:00,1,0,2024-07-21 00:56:10,0,2024-07-21 00:56:10,,,
2017-04-06,江苏德邦,重质碱,1900.00,出厂价,,668,2017-04-06 00:00:00,1,0,2024-07-21 00:56:10,0,2024-07-21 00:56:10,,,
2017-04-06,湖南湘潭碱业,轻质碱,1750.00,出厂价,,669,2017-04-06 00:00:00,1,0,2024-07-21 00:56:10,0,2024-07-21 00:56:10,,,
2017-03-30,唐山三友,轻质碱,2250.00,出厂价,,670,2017-03-30 00:00:00,1,0,2024-07-21 00:56:10,0,2024-07-21 00:56:10,,,
2017-03-30,山东海化,轻质碱,2150.00,出厂价,,671,2017-03-30 00:00:00,1,0,2024-07-21 00:56:10,0,2024-07-21 00:56:10,,,
2017-03-30,南方制碱,轻质碱,2200.00,出厂价,,672,2017-03-30 00:00:00,1,0,2024-07-21 00:56:10,0,2024-07-21 00:56:10,,,
2017-03-30,柳州化工,重质碱,2350.00,出厂价,,673,2017-03-30 00:00:00,1,0,2024-07-21 00:56:10,0,2024-07-21 00:56:10,,,
2017-03-30,江苏华昌集团,轻质碱,2150.00,出厂价,,674,2017-03-30 00:00:00,1,0,2024-07-21 00:56:10,0,2024-07-21 00:56:10,,,
2017-03-30,江苏德邦,重质碱,2000.00,出厂价,,675,2017-03-30 00:00:00,1,0,2024-07-21 00:56:10,0,2024-07-21 00:56:10,,,
2017-03-30,湖南湘潭碱业,轻质碱,1900.00,出厂价,,676,2017-03-30 00:00:00,1,0,2024-07-21 00:56:10,0,2024-07-21 00:56:10,,,
2017-03-23,唐山三友,轻质碱,2250.00,出厂价,,677,2017-03-23 00:00:00,1,0,2024-07-21 00:56:10,0,2024-07-21 00:56:10,,,
2017-03-23,山东海化,轻质碱,2150.00,出厂价,,678,2017-03-23 00:00:00,1,0,2024-07-21 00:56:10,0,2024-07-21 00:56:10,,,
2017-03-23,南方制碱,轻质碱,2200.00,出厂价,,679,2017-03-23 00:00:00,1,0,2024-07-21 00:56:10,0,2024-07-21 00:56:10,,,
2017-03-23,柳州化工,重质碱,2350.00,出厂价,,680,2017-03-23 00:00:00,1,0,2024-07-21 00:56:10,0,2024-07-21 00:56:10,,,
2017-03-23,江苏华昌集团,轻质碱,2150.00,出厂价,,681,2017-03-23 00:00:00,1,0,2024-07-21 00:56:10,0,2024-07-21 00:56:10,,,
2017-03-23,江苏德邦,重质碱,2000.00,出厂价,,682,2017-03-23 00:00:00,1,0,2024-07-21 00:56:10,0,2024-07-21 00:56:10,,,
2017-03-23,湖南湘潭碱业,轻质碱,1900.00,出厂价,,683,2017-03-23 00:00:00,1,0,2024-07-21 00:56:10,0,2024-07-21 00:56:10,,,
2017-03-16,唐山三友,轻质碱,2250.00,出厂价,,684,2017-03-16 00:00:00,1,0,2024-07-21 00:56:10,0,2024-07-21 00:56:10,,,
2017-03-16,山东海化,轻质碱,2150.00,出厂价,,685,2017-03-16 00:00:00,1,0,2024-07-21 00:56:10,0,2024-07-21 00:56:10,,,
2017-03-16,南方制碱,轻质碱,2200.00,出厂价,,686,2017-03-16 00:00:00,1,0,2024-07-21 00:56:10,0,2024-07-21 00:56:10,,,
2017-03-16,柳州化工,重质碱,2350.00,出厂价,,687,2017-03-16 00:00:00,1,0,2024-07-21 00:56:10,0,2024-07-21 00:56:10,,,
2017-03-16,江苏华昌集团,轻质碱,2150.00,出厂价,,688,2017-03-16 00:00:00,1,0,2024-07-21 00:56:10,0,2024-07-21 00:56:10,,,
2017-03-16,江苏德邦,重质碱,2000.00,出厂价,,689,2017-03-16 00:00:00,1,0,2024-07-21 00:56:10,0,2024-07-21 00:56:10,,,
2017-03-16,湖南湘潭碱业,轻质碱,1900.00,出厂价,,690,2017-03-16 00:00:00,1,0,2024-07-21 00:56:10,0,2024-07-21 00:56:10,,,
2017-03-09,唐山三友,轻质碱,2250.00,出厂价,,691,2017-03-09 00:00:00,1,0,2024-07-21 00:56:14,0,2024-07-21 00:56:14,,,
2017-03-09,山东海化,轻质碱,2150.00,出厂价,,692,2017-03-09 00:00:00,1,0,2024-07-21 00:56:14,0,2024-07-21 00:56:14,,,
2017-03-09,南方制碱,轻质碱,2200.00,出厂价,,693,2017-03-09 00:00:00,1,0,2024-07-21 00:56:14,0,2024-07-21 00:56:14,,,
2017-03-09,柳州化工,重质碱,2350.00,出厂价,,694,2017-03-09 00:00:00,1,0,2024-07-21 00:56:14,0,2024-07-21 00:56:14,,,
2017-03-09,江苏华昌集团,轻质碱,2150.00,出厂价,,695,2017-03-09 00:00:00,1,0,2024-07-21 00:56:14,0,2024-07-21 00:56:14,,,
2017-03-09,江苏德邦,重质碱,2150.00,出厂价,,696,2017-03-09 00:00:00,1,0,2024-07-21 00:56:14,0,2024-07-21 00:56:14,,,
2017-03-09,湖南湘潭碱业,轻质碱,2300.00,出厂价,,697,2017-03-09 00:00:00,1,0,2024-07-21 00:56:14,0,2024-07-21 00:56:14,,,
2017-03-02,唐山三友,轻质碱,2250.00,出厂价,,698,2017-03-02 00:00:00,1,0,2024-07-21 00:56:14,0,2024-07-21 00:56:14,,,
2017-03-02,山东海化,轻质碱,2150.00,出厂价,,699,2017-03-02 00:00:00,1,0,2024-07-21 00:56:14,0,2024-07-21 00:56:14,,,
2017-03-02,南方制碱,轻质碱,2200.00,出厂价,,700,2017-03-02 00:00:00,1,0,2024-07-21 00:56:14,0,2024-07-21 00:56:14,,,
2017-03-02,柳州化工,重质碱,2350.00,出厂价,,701,2017-03-02 00:00:00,1,0,2024-07-21 00:56:14,0,2024-07-21 00:56:14,,,
2017-03-02,江苏华昌集团,轻质碱,2150.00,出厂价,,702,2017-03-02 00:00:00,1,0,2024-07-21 00:56:14,0,2024-07-21 00:56:14,,,
2017-03-02,江苏德邦,重质碱,2150.00,出厂价,,703,2017-03-02 00:00:00,1,0,2024-07-21 00:56:14,0,2024-07-21 00:56:14,,,
2017-03-02,湖南湘潭碱业,轻质碱,2300.00,出厂价,,704,2017-03-02 00:00:00,1,0,2024-07-21 00:56:14,0,2024-07-21 00:56:14,,,
2017-02-23,唐山三友,轻质碱,2250.00,出厂价,,705,2017-02-23 00:00:00,1,0,2024-07-21 00:56:14,0,2024-07-21 00:56:14,,,
2017-02-23,山东海化,轻质碱,2150.00,出厂价,,706,2017-02-23 00:00:00,1,0,2024-07-21 00:56:14,0,2024-07-21 00:56:14,,,
2017-02-23,南方制碱,轻质碱,2200.00,出厂价,,707,2017-02-23 00:00:00,1,0,2024-07-21 00:56:14,0,2024-07-21 00:56:14,,,
2017-02-23,柳州化工,重质碱,2350.00,出厂价,,708,2017-02-23 00:00:00,1,0,2024-07-21 00:56:14,0,2024-07-21 00:56:14,,,
2017-02-23,江苏华昌集团,轻质碱,2150.00,出厂价,,709,2017-02-23 00:00:00,1,0,2024-07-21 00:56:14,0,2024-07-21 00:56:14,,,
2017-02-23,江苏德邦,重质碱,2150.00,出厂价,,710,2017-02-23 00:00:00,1,0,2024-07-21 00:56:14,0,2024-07-21 00:56:14,,,
2017-02-23,湖南湘潭碱业,轻质碱,2300.00,出厂价,,711,2017-02-23 00:00:00,1,0,2024-07-21 00:56:14,0,2024-07-21 00:56:14,,,
2017-02-16,唐山三友,轻质碱,2250.00,出厂价,,712,2017-02-16 00:00:00,1,0,2024-07-21 00:56:14,0,2024-07-21 00:56:14,,,
2017-02-16,四川乐山和邦,轻质碱,2150.00,出厂价,,713,2017-02-16 00:00:00,1,0,2024-07-21 00:56:14,0,2024-07-21 00:56:14,,,
2017-02-16,山东海天生物化工,轻质碱,2200.00,出厂价,,714,2017-02-16 00:00:00,1,0,2024-07-21 00:56:14,0,2024-07-21 00:56:14,,,
2017-02-16,山东海化,轻质碱,2150.00,出厂价,,715,2017-02-16 00:00:00,1,0,2024-07-21 00:56:14,0,2024-07-21 00:56:14,,,
2017-02-16,辽宁大化联碱,轻质碱,2350.00,出厂价,,716,2017-02-16 00:00:00,1,0,2024-07-21 00:56:14,0,2024-07-21 00:56:14,,,
2017-02-16,江苏德邦,重质碱,2150.00,出厂价,,717,2017-02-16 00:00:00,1,0,2024-07-21 00:56:14,0,2024-07-21 00:56:14,,,
2017-02-16,河南骏化,轻质碱,2200.00,出厂价,,718,2017-02-16 00:00:00,1,0,2024-07-21 00:56:14,0,2024-07-21 00:56:14,,,
2017-02-16,杭州龙山,轻质碱,2300.00,出厂价,,719,2017-02-16 00:00:00,1,0,2024-07-21 00:56:14,0,2024-07-21 00:56:14,,,
2017-02-09,唐山三友,轻质碱,2250.00,出厂价,,720,2017-02-09 00:00:00,1,0,2024-07-21 00:56:14,0,2024-07-21 00:56:14,,,
2017-02-09,四川乐山和邦,轻质碱,2150.00,出厂价,,721,2017-02-09 00:00:00,1,0,2024-07-21 00:56:17,0,2024-07-21 00:56:17,,,
2017-02-09,山东海天生物化工,轻质碱,2200.00,出厂价,,722,2017-02-09 00:00:00,1,0,2024-07-21 00:56:17,0,2024-07-21 00:56:17,,,
2017-02-09,山东海化,轻质碱,2150.00,出厂价,,723,2017-02-09 00:00:00,1,0,2024-07-21 00:56:17,0,2024-07-21 00:56:17,,,
2017-02-09,辽宁大化联碱,轻质碱,2350.00,出厂价,,724,2017-02-09 00:00:00,1,0,2024-07-21 00:56:17,0,2024-07-21 00:56:17,,,
2017-02-09,江苏德邦,重质碱,2150.00,出厂价,,725,2017-02-09 00:00:00,1,0,2024-07-21 00:56:17,0,2024-07-21 00:56:17,,,
2017-02-09,河南骏化,轻质碱,2200.00,出厂价,,726,2017-02-09 00:00:00,1,0,2024-07-21 00:56:17,0,2024-07-21 00:56:17,,,
2017-02-09,杭州龙山,轻质碱,2300.00,出厂价,,727,2017-02-09 00:00:00,1,0,2024-07-21 00:56:17,0,2024-07-21 00:56:17,,,
2017-01-19,唐山三友,轻质碱,2250.00,出厂价,,728,2017-01-19 00:00:00,1,0,2024-07-21 00:56:17,0,2024-07-21 00:56:17,,,
2017-01-19,四川乐山和邦,轻质碱,2150.00,出厂价,,729,2017-01-19 00:00:00,1,0,2024-07-21 00:56:17,0,2024-07-21 00:56:17,,,
2017-01-19,山东海天生物化工,轻质碱,2200.00,出厂价,,730,2017-01-19 00:00:00,1,0,2024-07-21 00:56:17,0,2024-07-21 00:56:17,,,
2017-01-19,山东海化,轻质碱,2150.00,出厂价,,731,2017-01-19 00:00:00,1,0,2024-07-21 00:56:17,0,2024-07-21 00:56:17,,,
2017-01-19,辽宁大化联碱,轻质碱,2350.00,出厂价,,732,2017-01-19 00:00:00,1,0,2024-07-21 00:56:17,0,2024-07-21 00:56:17,,,
2017-01-19,江苏德邦,重质碱,2150.00,出厂价,,733,2017-01-19 00:00:00,1,0,2024-07-21 00:56:17,0,2024-07-21 00:56:17,,,
2017-01-19,河南骏化,轻质碱,2200.00,出厂价,,734,2017-01-19 00:00:00,1,0,2024-07-21 00:56:17,0,2024-07-21 00:56:17,,,
2017-01-19,杭州龙山,轻质碱,2300.00,出厂价,,735,2017-01-19 00:00:00,1,0,2024-07-21 00:56:17,0,2024-07-21 00:56:17,,,
2017-01-12,唐山三友,轻质碱,2250.00,出厂价,,736,2017-01-12 00:00:00,1,0,2024-07-21 00:56:17,0,2024-07-21 00:56:17,,,
2017-01-12,唐山三友,重质碱,2350.00,出厂价,,737,2017-01-12 00:00:00,1,0,2024-07-21 00:56:17,0,2024-07-21 00:56:17,,,
2017-01-12,四川乐山和邦,轻质碱,2150.00,出厂价,,738,2017-01-12 00:00:00,1,0,2024-07-21 00:56:17,0,2024-07-21 00:56:17,,,
2017-01-12,四川乐山和邦,重质碱,2250.00,出厂价,,739,2017-01-12 00:00:00,1,0,2024-07-21 00:56:17,0,2024-07-21 00:56:17,,,
2017-01-12,山东海天生物化工,轻质碱,2200.00,出厂价,,740,2017-01-12 00:00:00,1,0,2024-07-21 00:56:17,0,2024-07-21 00:56:17,,,
2017-01-12,山东海天生物化工,重质碱,2300.00,出厂价,,741,2017-01-12 00:00:00,1,0,2024-07-21 00:56:17,0,2024-07-21 00:56:17,,,
2017-01-12,山东海化,轻质碱,2150.00,出厂价,,742,2017-01-12 00:00:00,1,0,2024-07-21 00:56:17,0,2024-07-21 00:56:17,,,
2017-01-12,山东海化,重质碱,2250.00,出厂价,,743,2017-01-12 00:00:00,1,0,2024-07-21 00:56:17,0,2024-07-21 00:56:17,,,
2017-01-12,辽宁大化联碱,轻质碱,2150.00,出厂价,,744,2017-01-12 00:00:00,1,0,2024-07-21 00:56:17,0,2024-07-21 00:56:17,,,
2017-01-12,辽宁大化联碱,重质碱,2300.00,出厂价,,745,2017-01-12 00:00:00,1,0,2024-07-21 00:56:17,0,2024-07-21 00:56:17,,,
2017-01-12,江苏德邦,轻质碱,2100.00,出厂价,,746,2017-01-12 00:00:00,1,0,2024-07-21 00:56:17,0,2024-07-21 00:56:17,,,
2017-01-12,江苏德邦,重质碱,2200.00,出厂价,,747,2017-01-12 00:00:00,1,0,2024-07-21 00:56:17,0,2024-07-21 00:56:17,,,
2017-01-12,河南骏化,轻质碱,2100.00,出厂价,,748,2017-01-12 00:00:00,1,0,2024-07-21 00:56:17,0,2024-07-21 00:56:17,,,
2017-01-12,河南骏化,重质碱,2200.00,出厂价,,749,2017-01-12 00:00:00,1,0,2024-07-21 00:56:17,0,2024-07-21 00:56:17,,,
2017-01-12,杭州龙山,轻质碱,2250.00,出厂价,,750,2017-01-12 00:00:00,1,0,2024-07-21 00:56:17,0,2024-07-21 00:56:17,,,
2017-01-12,杭州龙山,重质碱,2400.00,出厂价,,751,2017-01-12 00:00:00,1,0,2024-07-21 00:56:20,0,2024-07-21 00:56:20,,,
2017-01-05,唐山三友,轻质碱,2050.00,出厂价,,752,2017-01-05 00:00:00,1,0,2024-07-21 00:56:20,0,2024-07-21 00:56:20,,,
2017-01-05,四川乐山和邦,轻质碱,2100.00,出厂价,,753,2017-01-05 00:00:00,1,0,2024-07-21 00:56:20,0,2024-07-21 00:56:20,,,
2017-01-05,山东海天生物化工,轻质碱,2180.00,出厂价,,754,2017-01-05 00:00:00,1,0,2024-07-21 00:56:20,0,2024-07-21 00:56:20,,,
2017-01-05,山东海化,轻质碱,2080.00,出厂价,,755,2017-01-05 00:00:00,1,0,2024-07-21 00:56:20,0,2024-07-21 00:56:20,,,
2017-01-05,辽宁大化联碱,轻质碱,2300.00,出厂价,,756,2017-01-05 00:00:00,1,0,2024-07-21 00:56:20,0,2024-07-21 00:56:20,,,
2017-01-05,江苏德邦,重质碱,2100.00,出厂价,,757,2017-01-05 00:00:00,1,0,2024-07-21 00:56:20,0,2024-07-21 00:56:20,,,
2017-01-05,河南骏化,轻质碱,2200.00,出厂价,,758,2017-01-05 00:00:00,1,0,2024-07-21 00:56:20,0,2024-07-21 00:56:20,,,
2017-01-05,杭州龙山,轻质碱,2250.00,出厂价,,759,2017-01-05 00:00:00,1,0,2024-07-21 00:56:20,0,2024-07-21 00:56:20,,,
2024-07-25,河南宝兴,含量99%,1950.00,出厂价,,931,2024-07-25 00:00:00,1,0,2024-08-01 10:50:38,0,2024-08-01 10:50:38,,,
2024-07-25,实建化学,含量99%,2100.00,市场价,,932,2024-07-25 00:00:00,1,0,2024-08-01 10:50:38,0,2024-08-01 10:50:38,,,
2024-10-31,河南宝兴,含量99%,2100.00,出厂价,,933,2024-10-31 00:00:00,1,0,2024-11-07 02:21:14,0,2024-11-07 02:21:14,,,
2024-10-31,实建化学,含量99%,1800.00,市场价,,934,2024-10-31 00:00:00,1,0,2024-11-07 02:21:14,0,2024-11-07 02:21:14,,,
2024-10-24,河南宝兴,含量99%,2150.00,出厂价,,935,2024-10-24 00:00:00,1,0,2024-11-07 02:21:14,0,2024-11-07 02:21:14,,,
2024-10-24,实建化学,含量99%,1750.00,市场价,,936,2024-10-24 00:00:00,1,0,2024-11-07 02:21:14,0,2024-11-07 02:21:14,,,
2024-10-17,河南宝兴,含量99%,2100.00,出厂价,,937,2024-10-17 00:00:00,1,0,2024-11-07 02:21:14,0,2024-11-07 02:21:14,,,
2024-10-17,实建化学,含量99%,1780.00,市场价,,938,2024-10-17 00:00:00,1,0,2024-11-07 02:21:14,0,2024-11-07 02:21:14,,,
2024-10-10,河南宝兴,含量99%,2150.00,出厂价,,939,2024-10-10 00:00:00,1,0,2024-11-07 02:21:14,0,2024-11-07 02:21:14,,,
2024-10-10,实建化学,含量99%,1780.00,市场价,,940,2024-10-10 00:00:00,1,0,2024-11-07 02:21:14,0,2024-11-07 02:21:14,,,
2024-09-26,河南宝兴,含量99%,2100.00,出厂价,,941,2024-09-26 00:00:00,1,0,2024-11-07 02:21:14,0,2024-11-07 02:21:14,,,
2024-09-26,实建化学,含量99%,1760.00,市场价,,942,2024-09-26 00:00:00,1,0,2024-11-07 02:21:14,0,2024-11-07 02:21:14,,,
2024-09-19,河南宝兴,含量99%,2150.00,出厂价,,943,2024-09-19 00:00:00,1,0,2024-11-07 02:21:14,0,2024-11-07 02:21:14,,,
2024-09-19,实建化学,含量99%,1780.00,市场价,,944,2024-09-19 00:00:00,1,0,2024-11-07 02:21:14,0,2024-11-07 02:21:14,,,
2024-09-12,河南宝兴,含量99%,2150.00,出厂价,,945,2024-09-12 00:00:00,1,0,2024-11-07 02:21:14,0,2024-11-07 02:21:14,,,
2024-09-12,实建化学,含量99%,1830.00,市场价,,946,2024-09-12 00:00:00,1,0,2024-11-07 02:21:14,0,2024-11-07 02:21:14,,,
2024-09-05,河南宝兴,含量99%,2100.00,出厂价,,947,2024-09-05 00:00:00,1,0,2024-11-07 02:21:14,0,2024-11-07 02:21:14,,,
2024-09-05,实建化学,含量99%,1850.00,市场价,,948,2024-09-05 00:00:00,1,0,2024-11-07 02:21:14,0,2024-11-07 02:21:14,,,
2024-08-29,河南宝兴,含量99%,2150.00,出厂价,,949,2024-08-29 00:00:00,1,0,2024-11-07 02:21:14,0,2024-11-07 02:21:14,,,
2024-08-29,实建化学,含量99%,1900.00,市场价,,950,2024-08-29 00:00:00,1,0,2024-11-07 02:21:14,0,2024-11-07 02:21:14,,,
2024-08-22,河南宝兴,含量99%,2150.00,出厂价,,951,2024-08-22 00:00:00,1,0,2024-11-07 02:21:14,0,2024-11-07 02:21:14,,,
2024-08-22,实建化学,含量99%,1950.00,市场价,,952,2024-08-22 00:00:00,1,0,2024-11-07 02:21:14,0,2024-11-07 02:21:14,,,
2024-08-15,河南宝兴,含量99%,2100.00,出厂价,,953,2024-08-15 00:00:00,1,0,2024-11-07 02:21:14,0,2024-11-07 02:21:14,,,
2024-08-15,实建化学,含量99%,1980.00,市场价,,954,2024-08-15 00:00:00,1,0,2024-11-07 02:21:14,0,2024-11-07 02:21:14,,,
2024-08-08,河南宝兴,含量99%,2050.00,出厂价,,955,2024-08-08 00:00:00,1,0,2024-11-07 02:21:14,0,2024-11-07 02:21:14,,,
2024-08-08,实建化学,含量99%,2030.00,市场价,,956,2024-08-08 00:00:00,1,0,2024-11-07 02:21:14,0,2024-11-07 02:21:14,,,
2024-08-01,河南宝兴,含量99%,2000.00,出厂价,,957,2024-08-01 00:00:00,1,0,2024-11-07 02:21:14,0,2024-11-07 02:21:14,,,
2024-08-01,实建化学,含量99%,2080.00,市场价,,958,2024-08-01 00:00:00,1,0,2024-11-07 02:21:14,0,2024-11-07 02:21:14,,,
2024-11-07,河南宝兴,含量99%,2150.00,出厂价,,959,2024-11-07 00:00:00,1,0,2024-11-07 23:19:25,0,2024-11-07 23:19:25,,,
2024-11-07,实建化学,含量99%,1800.00,市场价,,960,2024-11-07 00:00:00,1,0,2024-11-07 23:19:25,0,2024-11-07 23:19:25,,,
2024-11-14,河南宝兴,含量99%,2100.00,出厂价,,961,2024-11-14 00:00:00,1,0,2024-11-14 23:19:46,0,2024-11-14 23:19:46,,,
2024-11-14,实建化学,含量99%,1830.00,市场价,,962,2024-11-14 00:00:00,1,0,2024-11-14 23:19:46,0,2024-11-14 23:19:46,,,
2024-11-21,河南宝兴,含量99%,2150.00,出厂价,,963,2024-11-21 00:00:00,1,0,2024-11-21 23:21:26,0,2024-11-21 23:21:26,,,
2024-11-21,实建化学,含量99%,1750.00,市场价,,964,2024-11-21 00:00:00,1,0,2024-11-21 23:21:26,0,2024-11-21 23:21:26,,,
2024-11-28,河南宝兴,含量99%,2100.00,出厂价,,965,2024-11-28 00:00:00,1,0,2024-11-28 23:19:41,0,2024-11-28 23:19:41,,,
2024-11-28,实建化学,含量99%,1750.00,市场价,,966,2024-11-28 00:00:00,1,0,2024-11-28 23:19:41,0,2024-11-28 23:19:41,,,
2024-12-05,河南宝兴,含量99%,2150.00,出厂价,,967,2024-12-05 00:00:00,1,0,2024-12-05 23:20:37,0,2024-12-05 23:20:37,,,
2024-12-05,实建化学,含量99%,1720.00,市场价,,968,2024-12-05 00:00:00,1,0,2024-12-05 23:20:37,0,2024-12-05 23:20:37,,,
2024-12-12,河南宝兴,含量99%,2100.00,出厂价,,969,2024-12-12 00:00:00,1,0,2024-12-12 23:19:21,0,2024-12-12 23:19:21,,,
2024-12-12,实建化学,含量99%,1700.00,市场价,,970,2024-12-12 00:00:00,1,0,2024-12-12 23:19:21,0,2024-12-12 23:19:21,,,
2024-12-19,河南宝兴,含量99%,2150.00,出厂价,,971,2024-12-19 00:00:00,1,0,2024-12-19 23:18:35,0,2024-12-19 23:18:35,,,
2024-12-19,实建化学,含量99%,1660.00,市场价,,972,2024-12-19 00:00:00,1,0,2024-12-19 23:18:35,0,2024-12-19 23:18:35,,,
2024-12-26,河南宝兴,含量99%,2200.00,出厂价,,973,2024-12-26 00:00:00,1,0,2024-12-26 23:19:18,0,2024-12-26 23:19:18,,,
2024-12-26,实建化学,含量99%,1660.00,市场价,,974,2024-12-26 00:00:00,1,0,2024-12-26 23:19:18,0,2024-12-26 23:19:18,,,
2025-01-02,河南宝兴,含量99%,2200.00,出厂价,,975,2025-01-02 00:00:00,1,0,2025-01-02 23:18:52,0,2025-01-02 23:18:52,,,
2025-01-02,实建化学,含量99%,1660.00,市场价,,976,2025-01-02 00:00:00,1,0,2025-01-02 23:18:52,0,2025-01-02 23:18:52,,,
2025-01-09,河南宝兴,含量99%,2250.00,出厂价,,977,2025-01-09 00:00:00,1,0,2025-01-09 23:19:26,0,2025-01-09 23:19:26,,,
2025-01-09,实建化学,含量99%,1660.00,市场价,,978,2025-01-09 00:00:00,1,0,2025-01-09 23:19:26,0,2025-01-09 23:19:26,,,
2025-01-16,河南宝兴,含量99%,2300.00,出厂价,,979,2025-01-16 00:00:00,1,0,2025-01-16 23:18:19,0,2025-01-16 23:18:19,,,
2025-01-16,实建化学,含量99%,1660.00,市场价,,980,2025-01-16 00:00:00,1,0,2025-01-16 23:18:19,0,2025-01-16 23:18:19,,,
2025-01-23,河南宝兴,含量99%,2300.00,出厂价,,981,2025-01-23 00:00:00,1,0,2025-01-23 23:18:48,0,2025-01-23 23:18:48,,,
2025-01-23,实建化学,含量99%,1660.00,市场价,,982,2025-01-23 00:00:00,1,0,2025-01-23 23:18:48,0,2025-01-23 23:18:48,,,
2025-02-06,实建化学,含量99%,1600.00,市场价,,983,2025-02-06 00:00:00,1,0,2025-02-06 23:18:06,0,2025-02-06 23:18:06,,,
2025-02-13,实建化学,含量99%,1560.00,市场价,,984,2025-02-13 00:00:00,1,0,2025-02-13 23:18:57,0,2025-02-13 23:18:57,,,
2025-02-20,河南宝兴,含量99%,2350.00,出厂价,,985,2025-02-20 00:00:00,1,0,2025-02-20 23:19:54,0,2025-02-20 23:19:54,,,
2025-02-20,实建化学,含量99%,1560.00,市场价,,986,2025-02-20 00:00:00,1,0,2025-02-20 23:19:54,0,2025-02-20 23:19:54,,,
2025-02-27,河南宝兴,含量99%,2350.00,出厂价,,987,2025-02-27 00:00:00,1,0,2025-02-27 23:18:16,0,2025-02-27 23:18:16,,,
2025-02-27,实建化学,含量99%,1620.00,市场价,,988,2025-02-27 00:00:00,1,0,2025-02-27 23:18:16,0,2025-02-27 23:18:16,,,
2025-03-06,河南宝兴,含量99%,2400.00,出厂价,,989,2025-03-06 00:00:00,1,0,2025-03-06 23:19:09,0,2025-03-06 23:19:09,,,
2025-03-06,实建化学,含量99%,1680.00,市场价,,990,2025-03-06 00:00:00,1,0,2025-03-06 23:19:09,0,2025-03-06 23:19:09,,,
2025-03-13,河南宝兴,含量99%,2400.00,出厂价,,991,2025-03-13 00:00:00,1,0,2025-03-13 23:18:31,0,2025-03-13 23:18:31,,,
2025-03-13,实建化学,含量99%,1650.00,市场价,,992,2025-03-13 00:00:00,1,0,2025-03-13 23:18:31,0,2025-03-13 23:18:31,,,
2025-03-20,河南宝兴,含量99%,2450.00,出厂价,,993,2025-03-20 00:00:00,1,0,2025-03-20 23:21:29,0,2025-03-20 23:21:29,,,
2025-03-20,实建化学,含量99%,1580.00,市场价,,994,2025-03-20 00:00:00,1,0,2025-03-20 23:21:29,0,2025-03-20 23:21:29,,,
2025-03-27,河南宝兴,含量99%,2450.00,出厂价,,995,2025-03-27 00:00:00,1,0,2025-03-27 23:18:59,0,2025-03-27 23:18:59,,,
2025-03-27,实建化学,含量99%,1560.00,市场价,,996,2025-03-27 00:00:00,1,0,2025-03-27 23:18:59,0,2025-03-27 23:18:59,,,
2025-04-03,河南宝兴,含量99%,2500.00,出厂价,,997,2025-04-03 00:00:00,1,0,2025-04-03 23:18:10,0,2025-04-03 23:18:10,,,
2025-04-03,实建化学,含量99%,1550.00,市场价,,998,2025-04-03 00:00:00,1,0,2025-04-03 23:18:10,0,2025-04-03 23:18:10,,,
2025-04-10,实建化学,含量99%,1500.00,市场价,,999,2025-04-10 00:00:00,1,0,2025-04-10 23:19:25,0,2025-04-10 23:19:25,,,
2025-04-17,实建化学,含量99%,1460.00,市场价,,1000,2025-04-17 00:00:00,1,0,2025-04-17 23:19:34,0,2025-04-17 23:19:34,,,
2025-04-24,实建化学,含量99%,1450.00,市场价,,1001,2025-04-24 00:00:00,1,0,2025-04-24 23:19:40,0,2025-04-24 23:19:40,,,
2025-05-08,实建化学,含量99%,1530.00,市场价,,1002,2025-05-08 00:00:00,1,0,2025-05-08 23:18:42,0,2025-05-08 23:18:42,,,
2025-05-15,实建化学,含量99%,1530.00,市场价,,1003,2025-05-15 00:00:00,1,0,2025-05-15 23:19:16,0,2025-05-15 23:19:16,,,
2025-05-22,实建化学,含量99%,1560.00,市场价,,1004,2025-05-22 00:00:00,1,0,2025-05-22 23:19:01,0,2025-05-22 23:19:01,,,
2025-05-29,实建化学,含量99%,1560.00,市场价,,1005,2025-05-29 00:00:00,1,0,2025-05-29 23:18:08,0,2025-05-29 23:18:08,,,
2025-06-05,实建化学,含量99%,1520.00,市场价,,1006,2025-06-05 00:00:00,1,0,2025-06-05 23:18:43,0,2025-06-05 23:18:43,,,
2025-06-12,实建化学,含量99%,1480.00,市场价,,1007,2025-06-12 00:00:00,1,0,2025-06-12 23:18:17,0,2025-06-12 23:18:17,,,
2025-06-19,实建化学,含量99%,1480.00,市场价,,1008,2025-06-19 00:00:00,1,0,2025-06-19 23:19:21,0,2025-06-19 23:19:21,,,
2025-06-26,实建化学,含量99%,1480.00,市场价,,1009,2025-06-26 00:00:00,1,0,2025-06-26 23:18:56,0,2025-06-26 23:18:56,,,
2025-07-03,河南宝兴,含量99%,2500.00,出厂价,,1010,2025-07-03 00:00:00,1,0,2025-07-03 23:19:01,0,2025-07-03 23:19:01,,,
2025-07-03,实建化学,含量99%,1480.00,市场价,,1011,2025-07-03 00:00:00,1,0,2025-07-03 23:19:01,0,2025-07-03 23:19:01,,,
2025-07-10,河南宝兴,含量99%,2500.00,出厂价,,1012,2025-07-10 00:00:00,1,0,2025-07-10 23:18:26,0,2025-07-10 23:18:26,,,
2025-07-10,实建化学,含量99%,1480.00,市场价,,1013,2025-07-10 00:00:00,1,0,2025-07-10 23:18:26,0,2025-07-10 23:18:26,,,
2025-07-17,河南宝兴,含量99%,2500.00,出厂价,,1014,2025-07-17 00:00:00,1,0,2025-07-17 23:19:28,0,2025-07-17 23:19:28,,,
2025-07-17,实建化学,含量99%,1320.00,市场价,,1015,2025-07-17 00:00:00,1,0,2025-07-17 23:19:28,0,2025-07-17 23:19:28,,,
2025-07-24,实建化学,含量99%,1360.00,市场价,,1016,2025-07-24 00:00:00,1,0,2025-07-24 23:17:54,0,2025-07-24 23:17:54,,,
2025-07-31,实建化学,含量99%,1430.00,市场价,,1017,2025-07-31 00:00:00,1,0,2025-07-31 23:19:34,0,2025-07-31 23:19:34,,,
2025-08-07,实建化学,含量99%,1360.00,市场价,,1018,2025-08-07 00:00:00,1,0,2025-08-07 23:18:31,0,2025-08-07 23:18:31,,,
2025-08-21,河南宝兴,含量99%,2500.00,出厂价,,1019,2025-08-21 00:00:00,1,0,2025-08-21 23:18:49,0,2025-08-21 23:18:49,,,
2025-08-21,实建化学,含量99%,1330.00,市场价,,1020,2025-08-21 00:00:00,1,0,2025-08-21 23:18:49,0,2025-08-21 23:18:49,,,
2025-08-14,实建化学,含量99%,1330.00,市场价,,1021,2025-08-14 00:00:00,1,0,2025-08-21 23:18:49,0,2025-08-21 23:18:49,,,
2025-08-14,河南宝兴,含量99%,2500.00,出厂价,,1022,2025-08-14 00:00:00,1,0,2025-08-21 23:18:49,0,2025-08-21 23:18:49,,,
2025-08-28,实建化学,含量99%,1330.00,市场价,,1023,2025-08-28 00:00:00,1,0,2025-08-28 23:18:46,0,2025-08-28 23:18:46,,,
2025-09-04,实建化学,含量99%,1330.00,市场价,,1024,2025-09-04 00:00:00,1,0,2025-09-04 23:18:36,0,2025-09-04 23:18:36,,,
2025-09-11,实建化学,含量99%,1330.00,市场价,,1025,2025-09-11 00:00:00,1,0,2025-09-11 23:18:50,0,2025-09-11 23:18:50,,,
