时间,5500K综合价,5500K成交价,5000K成交价,5500K离岸价,5000K离岸价,_ID,_DATA_TIME,_ACTIVE,_CREATE_ID,_CREATE_TIME,_UPDATE_ID,_UPDATE_TIME,_REMARK,_CHANGE_LOG,_RESERVE
2024-07-19,765.00,853.00,752.00,782.00,683.00,1,2024-07-19 00:00:00,1,0,2024-07-20 06:01:31,0,2024-07-20 06:01:31,,,
2024-07-12,799.00,851.00,747.00,799.00,683.00,2,2024-07-12 00:00:00,1,0,2024-07-20 06:01:31,0,2024-07-20 06:01:31,,,
2024-07-05,795.00,854.00,748.00,788.00,683.00,3,2024-07-05 00:00:00,1,0,2024-07-20 06:01:31,0,2024-07-20 06:01:31,,,
2024-06-28,803.00,866.00,765.00,804.00,702.00,4,2024-06-28 00:00:00,1,0,2024-07-20 06:01:31,0,2024-07-20 06:01:31,,,
2024-06-21,806.00,876.00,774.00,806.00,698.00,5,2024-06-21 00:00:00,1,0,2024-07-20 06:01:31,0,2024-07-20 06:01:31,,,
2024-06-14,806.00,880.00,781.00,806.00,697.00,6,2024-06-14 00:00:00,1,0,2024-07-20 06:01:31,0,2024-07-20 06:01:31,,,
2024-06-07,794.00,880.00,779.00,794.00,689.00,7,2024-06-07 00:00:00,1,0,2024-07-20 06:01:31,0,2024-07-20 06:01:31,,,
2024-05-31,793.00,882.00,777.00,797.00,688.00,8,2024-05-31 00:00:00,1,0,2024-07-20 06:01:31,0,2024-07-20 06:01:31,,,
2024-05-24,801.00,862.00,763.00,801.00,688.00,9,2024-05-24 00:00:00,1,0,2024-07-20 06:01:31,0,2024-07-20 06:01:31,,,
2024-05-17,782.00,857.00,762.00,759.00,688.00,10,2024-05-17 00:00:00,1,0,2024-07-20 06:01:31,0,2024-07-20 06:01:31,,,
2024-05-10,781.00,848.00,746.00,758.00,680.00,11,2024-05-10 00:00:00,1,0,2024-07-20 06:01:31,0,2024-07-20 06:01:31,,,
2024-04-26,746.00,822.00,723.00,750.00,672.00,12,2024-04-26 00:00:00,1,0,2024-07-20 06:01:31,0,2024-07-20 06:01:31,,,
2024-04-19,789.00,821.00,726.00,789.00,682.00,13,2024-04-19 00:00:00,1,0,2024-07-20 06:01:31,0,2024-07-20 06:01:31,,,
2024-04-12,749.00,819.00,722.00,749.00,670.00,14,2024-04-12 00:00:00,1,0,2024-07-20 06:01:31,0,2024-07-20 06:01:31,,,
2024-03-29,799.00,845.00,739.00,800.00,702.00,15,2024-03-29 00:00:00,1,0,2024-07-20 06:01:31,0,2024-07-20 06:01:31,,,
2024-03-22,812.00,886.00,755.00,813.00,694.00,16,2024-03-22 00:00:00,1,0,2024-07-20 06:01:31,0,2024-07-20 06:01:31,,,
2024-03-15,795.00,897.00,808.00,803.00,711.00,17,2024-03-15 00:00:00,1,0,2024-07-20 06:01:31,0,2024-07-20 06:01:31,,,
2024-03-08,786.00,924.00,818.00,786.00,718.00,18,2024-03-08 00:00:00,1,0,2024-07-20 06:01:31,0,2024-07-20 06:01:31,,,
2024-03-01,786.00,933.00,829.00,783.00,714.00,19,2024-03-01 00:00:00,1,0,2024-07-20 06:01:31,0,2024-07-20 06:01:31,,,
2024-02-23,812.00,927.00,824.00,813.00,713.00,20,2024-02-23 00:00:00,1,0,2024-07-20 06:01:31,0,2024-07-20 06:01:31,,,
2024-02-02,766.00,913.00,804.00,766.00,722.00,21,2024-02-02 00:00:00,1,0,2024-07-20 06:01:31,0,2024-07-20 06:01:31,,,
2024-01-26,791.00,912.00,803.00,792.00,724.00,22,2024-01-26 00:00:00,1,0,2024-07-20 06:01:31,0,2024-07-20 06:01:31,,,
2024-01-19,824.00,918.00,802.00,824.00,723.00,23,2024-01-19 00:00:00,1,0,2024-07-20 06:01:31,0,2024-07-20 06:01:31,,,
2024-01-12,795.00,930.00,816.00,795.00,720.00,24,2024-01-12 00:00:00,1,0,2024-07-20 06:01:31,0,2024-07-20 06:01:31,,,
2024-01-05,831.00,930.00,845.00,832.00,726.00,25,2024-01-05 00:00:00,1,0,2024-07-20 06:01:31,0,2024-07-20 06:01:31,,,
2023-12-29,789.00,925.00,840.00,803.00,736.00,26,2023-12-29 00:00:00,1,0,2024-07-20 06:01:31,0,2024-07-20 06:01:31,,,
2023-12-22,794.00,953.00,842.00,794.00,726.00,27,2023-12-22 00:00:00,1,0,2024-07-20 06:01:31,0,2024-07-20 06:01:31,,,
2023-12-15,807.00,939.00,829.00,815.00,718.00,28,2023-12-15 00:00:00,1,0,2024-07-20 06:01:31,0,2024-07-20 06:01:31,,,
2023-12-08,820.00,932.00,825.00,808.00,726.00,29,2023-12-08 00:00:00,1,0,2024-07-20 06:01:31,0,2024-07-20 06:01:31,,,
2023-12-01,811.00,940.00,820.00,828.00,733.00,30,2023-12-01 00:00:00,1,0,2024-07-20 06:01:31,0,2024-07-20 06:01:31,,,
2023-11-24,814.00,943.00,823.00,817.00,727.00,31,2023-11-24 00:00:00,1,0,2024-07-20 06:01:34,0,2024-07-20 06:01:34,,,
2023-11-17,826.00,944.00,836.00,820.00,722.00,32,2023-11-17 00:00:00,1,0,2024-07-20 06:01:34,0,2024-07-20 06:01:34,,,
2023-11-10,821.00,952.00,822.00,835.00,731.00,33,2023-11-10 00:00:00,1,0,2024-07-20 06:01:34,0,2024-07-20 06:01:34,,,
2023-11-03,829.00,994.00,869.00,835.00,758.00,34,2023-11-03 00:00:00,1,0,2024-07-20 06:01:34,0,2024-07-20 06:01:34,,,
2023-10-27,830.00,1015.00,901.00,834.00,752.00,35,2023-10-27 00:00:00,1,0,2024-07-20 06:01:34,0,2024-07-20 06:01:34,,,
2023-10-20,833.00,1016.00,917.00,856.00,745.00,36,2023-10-20 00:00:00,1,0,2024-07-20 06:01:34,0,2024-07-20 06:01:34,,,
2023-10-13,844.00,1032.00,925.00,864.00,760.00,37,2023-10-13 00:00:00,1,0,2024-07-20 06:01:34,0,2024-07-20 06:01:34,,,
2023-09-22,819.00,980.00,918.00,832.00,726.00,38,2023-09-22 00:00:00,1,0,2024-07-20 06:01:34,0,2024-07-20 06:01:34,,,
2023-09-15,781.00,872.00,759.00,809.00,692.00,39,2023-09-15 00:00:00,1,0,2024-07-20 06:01:34,0,2024-07-20 06:01:34,,,
2023-09-08,758.00,861.00,750.00,757.00,688.00,40,2023-09-08 00:00:00,1,0,2024-07-20 06:01:34,0,2024-07-20 06:01:34,,,
2023-09-01,749.00,834.00,721.00,749.00,682.00,41,2023-09-01 00:00:00,1,0,2024-07-20 06:01:34,0,2024-07-20 06:01:34,,,
2023-08-25,760.00,830.00,720.00,786.00,691.00,42,2023-08-25 00:00:00,1,0,2024-07-20 06:01:34,0,2024-07-20 06:01:34,,,
2023-08-18,747.00,831.00,727.00,755.00,684.00,43,2023-08-18 00:00:00,1,0,2024-07-20 06:01:34,0,2024-07-20 06:01:34,,,
2023-08-11,748.00,838.00,736.00,748.00,698.00,44,2023-08-11 00:00:00,1,0,2024-07-20 06:01:34,0,2024-07-20 06:01:34,,,
2023-08-04,797.00,866.00,753.00,797.00,720.00,45,2023-08-04 00:00:00,1,0,2024-07-20 06:01:34,0,2024-07-20 06:01:34,,,
2023-07-28,797.00,868.00,759.00,797.00,705.00,46,2023-07-28 00:00:00,1,0,2024-07-20 06:01:34,0,2024-07-20 06:01:34,,,
2023-07-21,790.00,870.00,769.00,779.00,694.00,47,2023-07-21 00:00:00,1,0,2024-07-20 06:01:34,0,2024-07-20 06:01:34,,,
2023-07-14,794.00,840.00,755.00,795.00,685.00,48,2023-07-14 00:00:00,1,0,2024-07-20 06:01:34,0,2024-07-20 06:01:34,,,
2023-07-07,801.00,849.00,742.00,799.00,686.00,49,2023-07-07 00:00:00,1,0,2024-07-20 06:01:34,0,2024-07-20 06:01:34,,,
2023-06-30,747.00,810.00,723.00,767.00,684.00,50,2023-06-30 00:00:00,1,0,2024-07-20 06:01:34,0,2024-07-20 06:01:34,,,
2023-06-23,775.00,783.00,685.00,773.00,664.00,51,2023-06-23 00:00:00,1,0,2024-07-20 06:01:34,0,2024-07-20 06:01:34,,,
2022-10-28,952.00,1603.00,1417.00,952.00,852.00,52,2022-10-28 00:00:00,1,0,2024-07-20 06:01:34,0,2024-07-20 06:01:34,,,
2022-10-21,956.00,1542.00,1382.00,956.00,844.00,53,2022-10-21 00:00:00,1,0,2024-07-20 06:01:34,0,2024-07-20 06:01:34,,,
2022-10-14,920.00,1519.00,1341.00,919.00,844.00,54,2022-10-14 00:00:00,1,0,2024-07-20 06:01:34,0,2024-07-20 06:01:34,,,
2022-09-30,944.00,1485.00,1309.00,936.00,826.00,55,2022-09-30 00:00:00,1,0,2024-07-20 06:01:34,0,2024-07-20 06:01:34,,,
2022-09-23,898.00,1440.00,1286.00,886.00,814.00,56,2022-09-23 00:00:00,1,0,2024-07-20 06:01:34,0,2024-07-20 06:01:34,,,
2022-09-16,890.00,1368.00,1236.00,885.00,804.00,57,2022-09-16 00:00:00,1,0,2024-07-20 06:01:34,0,2024-07-20 06:01:34,,,
2022-09-09,870.00,1300.00,1151.00,865.00,788.00,58,2022-09-09 00:00:00,1,0,2024-07-20 06:01:34,0,2024-07-20 06:01:34,,,
2022-09-02,855.00,1208.00,1099.00,858.00,781.00,59,2022-09-02 00:00:00,1,0,2024-07-20 06:01:34,0,2024-07-20 06:01:34,,,
2022-08-26,857.00,1161.00,1046.00,856.00,773.00,60,2022-08-26 00:00:00,1,0,2024-07-20 06:01:34,0,2024-07-20 06:01:34,,,
2022-08-19,853.00,1139.00,1024.00,854.00,773.00,61,2022-08-19 00:00:00,1,0,2024-07-20 06:01:36,0,2024-07-20 06:01:36,,,
2022-08-12,855.00,1137.00,1023.00,856.00,772.00,62,2022-08-12 00:00:00,1,0,2024-07-20 06:01:36,0,2024-07-20 06:01:36,,,
2022-08-05,861.00,1156.00,1046.00,865.00,774.00,63,2022-08-05 00:00:00,1,0,2024-07-20 06:01:36,0,2024-07-20 06:01:36,,,
2022-07-29,872.00,1229.00,1071.00,874.00,776.00,64,2022-07-29 00:00:00,1,0,2024-07-20 06:01:36,0,2024-07-20 06:01:36,,,
2022-07-22,868.00,1236.00,1089.00,873.00,782.00,65,2022-07-22 00:00:00,1,0,2024-07-20 06:01:36,0,2024-07-20 06:01:36,,,
2022-07-15,870.00,1261.00,1105.00,870.00,791.00,66,2022-07-15 00:00:00,1,0,2024-07-20 06:01:36,0,2024-07-20 06:01:36,,,
2022-07-08,870.00,1277.00,1105.00,869.00,783.00,67,2022-07-08 00:00:00,1,0,2024-07-20 06:01:36,0,2024-07-20 06:01:36,,,
2022-07-01,879.00,1255.00,1059.00,882.00,797.00,68,2022-07-01 00:00:00,1,0,2024-07-20 06:01:36,0,2024-07-20 06:01:36,,,
2022-06-24,872.00,1289.00,1110.00,868.00,791.00,69,2022-06-24 00:00:00,1,0,2024-07-20 06:01:36,0,2024-07-20 06:01:36,,,
2022-06-17,871.00,1336.00,1156.00,857.00,780.00,70,2022-06-17 00:00:00,1,0,2024-07-20 06:01:36,0,2024-07-20 06:01:36,,,
2022-06-10,857.00,1269.00,1126.00,849.00,771.00,71,2022-06-10 00:00:00,1,0,2024-07-20 06:01:36,0,2024-07-20 06:01:36,,,
2022-05-27,858.00,1255.00,1104.00,856.00,773.00,72,2022-05-27 00:00:00,1,0,2024-07-20 06:01:36,0,2024-07-20 06:01:36,,,
2022-05-20,838.00,1220.00,1086.00,828.00,758.00,73,2022-05-20 00:00:00,1,0,2024-07-20 06:01:36,0,2024-07-20 06:01:36,,,
2022-05-13,824.00,1168.00,1027.00,823.00,748.00,74,2022-05-13 00:00:00,1,0,2024-07-20 06:01:36,0,2024-07-20 06:01:36,,,
2022-05-06,830.00,1178.00,1014.00,832.00,752.00,75,2022-05-06 00:00:00,1,0,2024-07-20 06:01:36,0,2024-07-20 06:01:36,,,
2022-04-29,829.00,1167.00,991.00,829.00,748.00,76,2022-04-29 00:00:00,1,0,2024-07-20 06:01:36,0,2024-07-20 06:01:36,,,
2022-04-22,911.00,1177.00,1013.00,879.00,758.00,77,2022-04-22 00:00:00,1,0,2024-07-20 06:01:36,0,2024-07-20 06:01:36,,,
2022-04-15,914.00,1141.00,1025.00,927.00,777.00,78,2022-04-15 00:00:00,1,0,2024-07-20 06:01:36,0,2024-07-20 06:01:36,,,
2022-04-08,954.00,1367.00,1201.00,969.00,827.00,79,2022-04-08 00:00:00,1,0,2024-07-20 06:01:36,0,2024-07-20 06:01:36,,,
2022-04-01,985.00,1510.00,1327.00,984.00,853.00,80,2022-04-01 00:00:00,1,0,2024-07-20 06:01:36,0,2024-07-20 06:01:36,,,
2022-03-25,981.00,1559.00,1487.00,986.00,878.00,81,2022-03-25 00:00:00,1,0,2024-07-20 06:01:36,0,2024-07-20 06:01:36,,,
2022-03-18,969.00,1707.00,1562.00,953.00,857.00,82,2022-03-18 00:00:00,1,0,2024-07-20 06:01:36,0,2024-07-20 06:01:36,,,
2022-03-11,926.00,1505.00,1308.00,894.00,781.00,83,2022-03-11 00:00:00,1,0,2024-07-20 06:01:36,0,2024-07-20 06:01:36,,,
2022-03-04,848.00,1145.00,1059.00,842.00,745.00,84,2022-03-04 00:00:00,1,0,2024-07-20 06:01:36,0,2024-07-20 06:01:36,,,
2022-02-25,897.00,1108.00,919.00,896.00,775.00,85,2022-02-25 00:00:00,1,0,2024-07-20 06:01:36,0,2024-07-20 06:01:36,,,
2022-02-18,883.00,977.00,867.00,912.00,804.00,86,2022-02-18 00:00:00,1,0,2024-07-20 06:01:36,0,2024-07-20 06:01:36,,,
2022-02-11,899.00,1124.00,997.00,905.00,798.00,87,2022-02-11 00:00:00,1,0,2024-07-20 06:01:36,0,2024-07-20 06:01:36,,,
2022-01-28,876.00,1064.00,914.00,863.00,763.00,88,2022-01-28 00:00:00,1,0,2024-07-20 06:01:36,0,2024-07-20 06:01:36,,,
2022-01-21,844.00,953.00,837.00,838.00,736.00,89,2022-01-21 00:00:00,1,0,2024-07-20 06:01:36,0,2024-07-20 06:01:36,,,
2022-01-14,810.00,912.00,753.00,802.00,723.00,90,2022-01-14 00:00:00,1,0,2024-07-20 06:01:36,0,2024-07-20 06:01:36,,,
2022-01-07,790.00,802.00,711.00,790.00,766.00,91,2022-01-07 00:00:00,1,0,2024-07-20 06:01:39,0,2024-07-20 06:01:39,,,
2021-12-31,848.00,860.00,711.00,856.00,792.00,92,2021-12-31 00:00:00,1,0,2024-07-20 06:01:39,0,2024-07-20 06:01:39,,,
2021-12-24,908.00,0.00,0.00,941.00,847.00,93,2021-12-24 00:00:00,1,0,2024-07-20 06:01:39,0,2024-07-20 06:01:39,,,
2021-12-17,963.00,0.00,0.00,979.00,858.00,94,2021-12-17 00:00:00,1,0,2024-07-20 06:01:39,0,2024-07-20 06:01:39,,,
2021-12-10,984.00,0.00,0.00,997.00,871.00,95,2021-12-10 00:00:00,1,0,2024-07-20 06:01:39,0,2024-07-20 06:01:39,,,
2021-12-03,1000.00,0.00,0.00,1003.00,883.00,96,2021-12-03 00:00:00,1,0,2024-07-20 06:01:39,0,2024-07-20 06:01:39,,,
2021-11-26,987.00,0.00,0.00,984.00,881.00,97,2021-11-26 00:00:00,1,0,2024-07-20 06:01:39,0,2024-07-20 06:01:39,,,
2021-11-19,983.00,0.00,0.00,984.00,934.00,98,2021-11-19 00:00:00,1,0,2024-07-20 06:01:39,0,2024-07-20 06:01:39,,,
2021-11-12,1095.00,0.00,0.00,1195.00,1035.00,99,2021-11-12 00:00:00,1,0,2024-07-20 06:01:39,0,2024-07-20 06:01:39,,,
2021-11-05,1220.00,0.00,0.00,1322.00,1205.00,100,2021-11-05 00:00:00,1,0,2024-07-20 06:01:39,0,2024-07-20 06:01:39,,,
2021-10-29,1418.00,0.00,0.00,1498.00,1349.00,101,2021-10-29 00:00:00,1,0,2024-07-20 06:01:39,0,2024-07-20 06:01:39,,,
2021-10-22,1528.00,0.00,0.00,1528.00,1342.00,102,2021-10-22 00:00:00,1,0,2024-07-20 06:01:39,0,2024-07-20 06:01:39,,,
2021-10-15,1457.00,0.00,0.00,1397.00,1244.00,103,2021-10-15 00:00:00,1,0,2024-07-20 06:01:39,0,2024-07-20 06:01:39,,,
2021-09-24,1086.00,0.00,0.00,1083.00,953.00,104,2021-09-24 00:00:00,1,0,2024-07-20 06:01:39,0,2024-07-20 06:01:39,,,
2021-09-17,990.00,0.00,0.00,985.00,866.00,105,2021-09-17 00:00:00,1,0,2024-07-20 06:01:39,0,2024-07-20 06:01:39,,,
2021-09-10,947.00,0.00,0.00,944.00,839.00,106,2021-09-10 00:00:00,1,0,2024-07-20 06:01:39,0,2024-07-20 06:01:39,,,
2021-09-03,910.00,0.00,0.00,904.00,812.00,107,2021-09-03 00:00:00,1,0,2024-07-20 06:01:39,0,2024-07-20 06:01:39,,,
2021-08-27,890.00,0.00,0.00,889.00,801.00,108,2021-08-27 00:00:00,1,0,2024-07-20 06:01:39,0,2024-07-20 06:01:39,,,
2021-08-20,885.00,0.00,0.00,901.00,811.00,109,2021-08-20 00:00:00,1,0,2024-07-20 06:01:39,0,2024-07-20 06:01:39,,,
2021-08-13,897.00,0.00,0.00,910.00,820.00,110,2021-08-13 00:00:00,1,0,2024-07-20 06:01:39,0,2024-07-20 06:01:39,,,
2021-08-06,881.00,0.00,0.00,881.00,796.00,111,2021-08-06 00:00:00,1,0,2024-07-20 06:01:39,0,2024-07-20 06:01:39,,,
2021-07-30,856.00,0.00,0.00,859.00,778.00,112,2021-07-30 00:00:00,1,0,2024-07-20 06:01:39,0,2024-07-20 06:01:39,,,
2021-07-23,829.00,947.00,875.00,835.00,759.00,113,2021-07-23 00:00:00,1,0,2024-07-20 06:01:39,0,2024-07-20 06:01:39,,,
2021-07-16,826.00,947.00,875.00,826.00,761.00,114,2021-07-16 00:00:00,1,0,2024-07-20 06:01:39,0,2024-07-20 06:01:39,,,
2021-07-09,840.00,947.00,875.00,828.00,764.00,115,2021-07-09 00:00:00,1,0,2024-07-20 06:01:39,0,2024-07-20 06:01:39,,,
2021-06-18,795.00,934.00,833.00,0.00,0.00,116,2021-06-18 00:00:00,1,0,2024-07-20 06:01:39,0,2024-07-20 06:01:39,,,
2021-06-04,759.00,879.00,786.00,0.00,0.00,117,2021-06-04 00:00:00,1,0,2024-07-20 06:01:39,0,2024-07-20 06:01:39,,,
2021-05-28,770.00,896.00,807.00,776.00,705.00,118,2021-05-28 00:00:00,1,0,2024-07-20 06:01:39,0,2024-07-20 06:01:39,,,
2021-05-21,785.00,959.00,851.00,777.00,711.00,119,2021-05-21 00:00:00,1,0,2024-07-20 06:01:39,0,2024-07-20 06:01:39,,,
2021-05-14,747.00,906.00,794.00,746.00,651.00,120,2021-05-14 00:00:00,1,0,2024-07-20 06:01:39,0,2024-07-20 06:01:39,,,
2021-05-07,721.00,829.00,714.00,719.00,624.00,121,2021-05-07 00:00:00,1,0,2024-07-20 06:01:42,0,2024-07-20 06:01:42,,,
2021-04-30,691.00,798.00,701.00,689.00,615.00,122,2021-04-30 00:00:00,1,0,2024-07-20 06:01:42,0,2024-07-20 06:01:42,,,
2021-04-23,677.00,772.00,682.00,678.00,600.00,123,2021-04-23 00:00:00,1,0,2024-07-20 06:01:42,0,2024-07-20 06:01:42,,,
2021-04-16,668.00,741.00,650.00,668.00,593.00,124,2021-04-16 00:00:00,1,0,2024-07-20 06:01:42,0,2024-07-20 06:01:42,,,
2021-04-09,660.00,743.00,649.00,654.00,586.00,125,2021-04-09 00:00:00,1,0,2024-07-20 06:01:42,0,2024-07-20 06:01:42,,,
2021-04-02,629.00,696.00,637.00,630.00,560.00,126,2021-04-02 00:00:00,1,0,2024-07-20 06:01:42,0,2024-07-20 06:01:42,,,
2021-03-26,613.00,659.00,580.00,612.00,543.00,127,2021-03-26 00:00:00,1,0,2024-07-20 06:01:42,0,2024-07-20 06:01:42,,,
2021-03-19,598.00,631.00,548.00,598.00,537.00,128,2021-03-19 00:00:00,1,0,2024-07-20 06:01:42,0,2024-07-20 06:01:42,,,
2021-03-12,587.00,608.00,536.00,587.00,525.00,129,2021-03-12 00:00:00,1,0,2024-07-20 06:01:42,0,2024-07-20 06:01:42,,,
2021-03-05,584.00,584.00,517.00,586.00,531.00,130,2021-03-05 00:00:00,1,0,2024-07-20 06:01:42,0,2024-07-20 06:01:42,,,
2021-02-26,624.00,600.00,522.00,620.00,564.00,131,2021-02-26 00:00:00,1,0,2024-07-20 06:01:42,0,2024-07-20 06:01:42,,,
2021-02-05,744.00,837.00,789.00,750.00,687.00,132,2021-02-05 00:00:00,1,0,2024-07-20 06:01:42,0,2024-07-20 06:01:42,,,
2021-01-29,760.00,904.00,852.00,766.00,693.00,133,2021-01-29 00:00:00,1,0,2024-07-20 06:01:42,0,2024-07-20 06:01:42,,,
2021-01-22,749.00,901.00,826.00,739.00,670.00,134,2021-01-22 00:00:00,1,0,2024-07-20 06:01:42,0,2024-07-20 06:01:42,,,
2021-01-15,724.00,834.00,764.00,723.00,648.00,135,2021-01-15 00:00:00,1,0,2024-07-20 06:01:42,0,2024-07-20 06:01:42,,,
2021-01-08,695.00,801.00,734.00,695.00,628.00,136,2021-01-08 00:00:00,1,0,2024-07-20 06:01:42,0,2024-07-20 06:01:42,,,
2020-12-25,652.00,754.00,682.00,652.00,588.00,137,2020-12-25 00:00:00,1,0,2024-07-20 06:01:42,0,2024-07-20 06:01:42,,,
2020-12-18,633.00,719.00,644.00,635.00,571.00,138,2020-12-18 00:00:00,1,0,2024-07-20 06:01:42,0,2024-07-20 06:01:42,,,
2020-12-11,609.00,654.00,588.00,609.00,550.00,139,2020-12-11 00:00:00,1,0,2024-07-20 06:01:42,0,2024-07-20 06:01:42,,,
2020-12-04,597.00,634.00,577.00,595.00,541.00,140,2020-12-04 00:00:00,1,0,2024-07-20 06:01:42,0,2024-07-20 06:01:42,,,
2020-11-27,589.00,622.00,563.00,589.00,537.00,141,2020-11-27 00:00:00,1,0,2024-07-20 06:01:42,0,2024-07-20 06:01:42,,,
2020-11-20,586.00,615.00,562.00,585.00,537.00,142,2020-11-20 00:00:00,1,0,2024-07-20 06:01:42,0,2024-07-20 06:01:42,,,
2020-11-13,588.00,614.00,564.00,588.00,538.00,143,2020-11-13 00:00:00,1,0,2024-07-20 06:01:42,0,2024-07-20 06:01:42,,,
2020-11-06,579.00,609.00,555.00,580.00,529.00,144,2020-11-06 00:00:00,1,0,2024-07-20 06:01:42,0,2024-07-20 06:01:42,,,
2020-10-30,579.00,604.00,548.00,579.00,527.00,145,2020-10-30 00:00:00,1,0,2024-07-20 06:01:42,0,2024-07-20 06:01:42,,,
2020-10-23,580.00,611.00,551.00,578.00,529.00,146,2020-10-23 00:00:00,1,0,2024-07-20 06:01:42,0,2024-07-20 06:01:42,,,
2020-10-16,580.00,613.00,556.00,579.00,529.00,147,2020-10-16 00:00:00,1,0,2024-07-20 06:01:42,0,2024-07-20 06:01:42,,,
2020-09-25,561.00,590.00,533.00,559.00,510.00,148,2020-09-25 00:00:00,1,0,2024-07-20 06:01:42,0,2024-07-20 06:01:42,,,
2020-09-18,555.00,579.00,518.00,556.00,504.00,149,2020-09-18 00:00:00,1,0,2024-07-20 06:01:42,0,2024-07-20 06:01:42,,,
2020-09-11,550.00,558.00,510.00,550.00,497.00,150,2020-09-11 00:00:00,1,0,2024-07-20 06:01:42,0,2024-07-20 06:01:42,,,
2020-09-04,551.00,553.00,493.00,552.00,496.00,151,2020-09-04 00:00:00,1,0,2024-07-20 06:01:46,0,2024-07-20 06:01:46,,,
2020-08-28,550.00,553.00,496.00,551.00,499.00,152,2020-08-28 00:00:00,1,0,2024-07-20 06:01:46,0,2024-07-20 06:01:46,,,
2020-08-21,553.00,556.00,501.00,554.00,501.00,153,2020-08-21 00:00:00,1,0,2024-07-20 06:01:46,0,2024-07-20 06:01:46,,,
2020-08-14,555.00,558.00,502.00,555.00,502.00,154,2020-08-14 00:00:00,1,0,2024-07-20 06:01:46,0,2024-07-20 06:01:46,,,
2020-08-07,556.00,568.00,514.00,557.00,506.00,155,2020-08-07 00:00:00,1,0,2024-07-20 06:01:46,0,2024-07-20 06:01:46,,,
2020-07-31,557.00,575.00,519.00,557.00,508.00,156,2020-07-31 00:00:00,1,0,2024-07-20 06:01:46,0,2024-07-20 06:01:46,,,
2020-07-24,559.00,585.00,527.00,562.00,512.00,157,2020-07-24 00:00:00,1,0,2024-07-20 06:01:46,0,2024-07-20 06:01:46,,,
2020-07-17,566.00,594.00,539.00,566.00,514.00,158,2020-07-17 00:00:00,1,0,2024-07-20 06:01:46,0,2024-07-20 06:01:46,,,
2020-07-10,564.00,590.00,537.00,562.00,512.00,159,2020-07-10 00:00:00,1,0,2024-07-20 06:01:46,0,2024-07-20 06:01:46,,,
2020-07-03,545.00,571.00,522.00,543.00,497.00,160,2020-07-03 00:00:00,1,0,2024-07-20 06:01:46,0,2024-07-20 06:01:46,,,
2020-06-19,542.00,569.00,519.00,541.00,493.00,161,2020-06-19 00:00:00,1,0,2024-07-20 06:01:46,0,2024-07-20 06:01:46,,,
2020-06-12,538.00,548.00,491.00,537.00,485.00,162,2020-06-12 00:00:00,1,0,2024-07-20 06:01:46,0,2024-07-20 06:01:46,,,
2020-06-05,528.00,546.00,487.00,519.00,463.00,163,2020-06-05 00:00:00,1,0,2024-07-20 06:01:46,0,2024-07-20 06:01:46,,,
2020-05-29,519.00,544.00,475.00,518.00,450.00,164,2020-05-29 00:00:00,1,0,2024-07-20 06:01:46,0,2024-07-20 06:01:46,,,
2020-05-22,498.00,494.00,434.00,500.00,438.00,165,2020-05-22 00:00:00,1,0,2024-07-20 06:01:46,0,2024-07-20 06:01:46,,,
2020-05-15,489.00,472.00,403.00,489.00,435.00,166,2020-05-15 00:00:00,1,0,2024-07-20 06:01:46,0,2024-07-20 06:01:46,,,
2020-05-08,491.00,468.00,395.00,492.00,437.00,167,2020-05-08 00:00:00,1,0,2024-07-20 06:01:46,0,2024-07-20 06:01:46,,,
2020-04-24,511.00,477.00,404.00,507.00,448.00,168,2020-04-24 00:00:00,1,0,2024-07-20 06:01:46,0,2024-07-20 06:01:46,,,
2020-04-17,518.00,488.00,414.00,517.00,453.00,169,2020-04-17 00:00:00,1,0,2024-07-20 06:01:46,0,2024-07-20 06:01:46,,,
2020-04-10,531.00,520.00,443.00,529.00,468.00,170,2020-04-10 00:00:00,1,0,2024-07-20 06:01:46,0,2024-07-20 06:01:46,,,
2020-04-03,545.00,537.00,467.00,544.00,485.00,171,2020-04-03 00:00:00,1,0,2024-07-20 06:01:46,0,2024-07-20 06:01:46,,,
2020-03-27,551.00,548.00,482.00,551.00,491.00,172,2020-03-27 00:00:00,1,0,2024-07-20 06:01:46,0,2024-07-20 06:01:46,,,
2020-03-20,554.00,556.00,495.00,554.00,493.00,173,2020-03-20 00:00:00,1,0,2024-07-20 06:01:46,0,2024-07-20 06:01:46,,,
2020-03-13,559.00,567.00,508.00,558.00,499.00,174,2020-03-13 00:00:00,1,0,2024-07-20 06:01:46,0,2024-07-20 06:01:46,,,
2020-03-06,560.00,572.00,509.00,560.00,501.00,175,2020-03-06 00:00:00,1,0,2024-07-20 06:01:46,0,2024-07-20 06:01:46,,,
2020-02-28,558.00,575.00,515.00,558.00,500.00,176,2020-02-28 00:00:00,1,0,2024-07-20 06:01:46,0,2024-07-20 06:01:46,,,
2020-02-21,558.00,576.00,516.00,558.00,499.00,177,2020-02-21 00:00:00,1,0,2024-07-20 06:01:46,0,2024-07-20 06:01:46,,,
2020-02-14,553.00,571.00,505.00,552.00,493.00,178,2020-02-14 00:00:00,1,0,2024-07-20 06:01:46,0,2024-07-20 06:01:46,,,
2020-01-17,548.00,560.00,499.00,542.00,485.00,179,2020-01-17 00:00:00,1,0,2024-07-20 06:01:46,0,2024-07-20 06:01:46,,,
2020-01-10,542.00,557.00,496.00,543.00,483.00,180,2020-01-10 00:00:00,1,0,2024-07-20 06:01:46,0,2024-07-20 06:01:46,,,
2020-01-03,549.00,554.00,489.00,549.00,493.00,181,2020-01-03 00:00:00,1,0,2024-07-20 06:01:49,0,2024-07-20 06:01:49,,,
2019-12-27,546.00,549.00,489.00,546.00,492.00,182,2019-12-27 00:00:00,1,0,2024-07-20 06:01:49,0,2024-07-20 06:01:49,,,
2019-12-20,547.00,547.00,486.00,547.00,492.00,183,2019-12-20 00:00:00,1,0,2024-07-20 06:01:49,0,2024-07-20 06:01:49,,,
2019-12-13,546.00,548.00,489.00,544.00,493.00,184,2019-12-13 00:00:00,1,0,2024-07-20 06:01:49,0,2024-07-20 06:01:49,,,
2019-12-06,547.00,548.00,490.00,548.00,494.00,185,2019-12-06 00:00:00,1,0,2024-07-20 06:01:49,0,2024-07-20 06:01:49,,,
2019-11-29,555.00,549.00,484.00,554.00,496.00,186,2019-11-29 00:00:00,1,0,2024-07-20 06:01:49,0,2024-07-20 06:01:49,,,
2019-11-22,552.00,551.00,482.00,552.00,495.00,187,2019-11-22 00:00:00,1,0,2024-07-20 06:01:49,0,2024-07-20 06:01:49,,,
2019-11-15,559.00,551.00,479.00,559.00,496.00,188,2019-11-15 00:00:00,1,0,2024-07-20 06:01:49,0,2024-07-20 06:01:49,,,
2019-11-08,559.00,554.00,486.00,559.00,498.00,189,2019-11-08 00:00:00,1,0,2024-07-20 06:01:49,0,2024-07-20 06:01:49,,,
2019-11-01,565.00,568.00,498.00,567.00,506.00,190,2019-11-01 00:00:00,1,0,2024-07-20 06:01:49,0,2024-07-20 06:01:49,,,
2019-10-25,569.00,574.00,504.00,569.00,510.00,191,2019-10-25 00:00:00,1,0,2024-07-20 06:01:49,0,2024-07-20 06:01:49,,,
2019-10-18,571.00,579.00,512.00,569.00,512.00,192,2019-10-18 00:00:00,1,0,2024-07-20 06:01:49,0,2024-07-20 06:01:49,,,
2019-10-11,572.00,586.00,517.00,571.00,512.00,193,2019-10-11 00:00:00,1,0,2024-07-20 06:01:49,0,2024-07-20 06:01:49,,,
2019-09-27,572.00,587.00,520.00,572.00,513.00,194,2019-09-27 00:00:00,1,0,2024-07-20 06:01:49,0,2024-07-20 06:01:49,,,
2019-09-20,572.00,583.00,517.00,572.00,511.00,195,2019-09-20 00:00:00,1,0,2024-07-20 06:01:49,0,2024-07-20 06:01:49,,,
2019-09-06,572.00,582.00,511.00,571.00,512.00,196,2019-09-06 00:00:00,1,0,2024-07-20 06:01:49,0,2024-07-20 06:01:49,,,
2019-08-30,575.00,584.00,511.00,574.00,512.00,197,2019-08-30 00:00:00,1,0,2024-07-20 06:01:49,0,2024-07-20 06:01:49,,,
2019-08-23,575.00,581.00,505.00,575.00,509.00,198,2019-08-23 00:00:00,1,0,2024-07-20 06:01:49,0,2024-07-20 06:01:49,,,
2019-08-16,576.00,583.00,505.00,577.00,511.00,199,2019-08-16 00:00:00,1,0,2024-07-20 06:01:49,0,2024-07-20 06:01:49,,,
2019-08-09,578.00,590.00,511.00,579.00,512.00,200,2019-08-09 00:00:00,1,0,2024-07-20 06:01:49,0,2024-07-20 06:01:49,,,
2019-08-02,579.00,594.00,515.00,579.00,515.00,201,2019-08-02 00:00:00,1,0,2024-07-20 06:01:49,0,2024-07-20 06:01:49,,,
2019-07-26,581.00,595.00,511.00,581.00,515.00,202,2019-07-26 00:00:00,1,0,2024-07-20 06:01:49,0,2024-07-20 06:01:49,,,
2019-07-19,584.00,600.00,519.00,584.00,520.00,203,2019-07-19 00:00:00,1,0,2024-07-20 06:01:49,0,2024-07-20 06:01:49,,,
2019-07-12,588.00,613.00,528.00,587.00,524.00,204,2019-07-12 00:00:00,1,0,2024-07-20 06:01:49,0,2024-07-20 06:01:49,,,
2019-07-05,585.00,610.00,529.00,584.00,520.00,205,2019-07-05 00:00:00,1,0,2024-07-20 06:01:49,0,2024-07-20 06:01:49,,,
2019-06-28,584.00,603.00,517.00,584.00,520.00,206,2019-06-28 00:00:00,1,0,2024-07-20 06:01:49,0,2024-07-20 06:01:49,,,
2019-06-21,581.00,596.00,513.00,581.00,518.00,207,2019-06-21 00:00:00,1,0,2024-07-20 06:01:49,0,2024-07-20 06:01:49,,,
2019-06-14,582.00,596.00,512.00,582.00,514.00,208,2019-06-14 00:00:00,1,0,2024-07-20 06:01:49,0,2024-07-20 06:01:49,,,
2019-05-31,592.00,610.00,513.00,593.00,523.00,209,2019-05-31 00:00:00,1,0,2024-07-20 06:01:49,0,2024-07-20 06:01:49,,,
2019-05-24,593.00,619.00,524.00,593.00,523.00,210,2019-05-24 00:00:00,1,0,2024-07-20 06:01:49,0,2024-07-20 06:01:49,,,
2019-05-17,596.00,619.00,525.00,596.00,523.00,211,2019-05-17 00:00:00,1,0,2024-07-20 06:01:52,0,2024-07-20 06:01:52,,,
2019-05-10,596.00,621.00,522.00,594.00,524.00,212,2019-05-10 00:00:00,1,0,2024-07-20 06:01:52,0,2024-07-20 06:01:52,,,
2019-04-26,597.00,620.00,523.00,598.00,521.00,213,2019-04-26 00:00:00,1,0,2024-07-20 06:01:52,0,2024-07-20 06:01:52,,,
2019-04-19,600.00,630.00,535.00,599.00,528.00,214,2019-04-19 00:00:00,1,0,2024-07-20 06:01:52,0,2024-07-20 06:01:52,,,
2019-04-12,594.00,626.00,521.00,595.00,524.00,215,2019-04-12 00:00:00,1,0,2024-07-20 06:01:52,0,2024-07-20 06:01:52,,,
2019-03-29,594.00,625.00,526.00,591.00,523.00,216,2019-03-29 00:00:00,1,0,2024-07-20 06:01:52,0,2024-07-20 06:01:52,,,
2019-03-22,597.00,627.00,538.00,596.00,528.00,217,2019-03-22 00:00:00,1,0,2024-07-20 06:01:52,0,2024-07-20 06:01:52,,,
2019-03-15,597.00,635.00,557.00,595.00,533.00,218,2019-03-15 00:00:00,1,0,2024-07-20 06:01:52,0,2024-07-20 06:01:52,,,
2019-03-08,592.00,632.00,551.00,589.00,527.00,219,2019-03-08 00:00:00,1,0,2024-07-20 06:01:52,0,2024-07-20 06:01:52,,,
2019-03-01,582.00,607.00,530.00,581.00,517.00,220,2019-03-01 00:00:00,1,0,2024-07-20 06:01:52,0,2024-07-20 06:01:52,,,
2019-02-22,575.00,601.00,520.00,577.00,514.00,221,2019-02-22 00:00:00,1,0,2024-07-20 06:01:52,0,2024-07-20 06:01:52,,,
2019-02-15,570.00,588.00,510.00,570.00,512.00,222,2019-02-15 00:00:00,1,0,2024-07-20 06:01:52,0,2024-07-20 06:01:52,,,
2019-02-01,567.00,589.00,514.00,567.00,509.00,223,2019-02-01 00:00:00,1,0,2024-07-20 06:01:52,0,2024-07-20 06:01:52,,,
2019-01-25,567.00,592.00,514.00,566.00,508.00,224,2019-01-25 00:00:00,1,0,2024-07-20 06:01:52,0,2024-07-20 06:01:52,,,
2019-01-18,564.00,585.00,507.00,565.00,507.00,225,2019-01-18 00:00:00,1,0,2024-07-20 06:01:52,0,2024-07-20 06:01:52,,,
2019-01-11,566.00,590.00,513.00,565.00,508.00,226,2019-01-11 00:00:00,1,0,2024-07-20 06:01:52,0,2024-07-20 06:01:52,,,
2019-01-04,566.00,583.00,504.00,567.00,514.00,227,2019-01-04 00:00:00,1,0,2024-07-20 06:01:52,0,2024-07-20 06:01:52,,,
2018-12-28,572.00,584.00,512.00,576.00,523.00,228,2018-12-28 00:00:00,1,0,2024-07-20 06:01:52,0,2024-07-20 06:01:52,,,
2018-12-21,579.00,612.00,538.00,578.00,523.00,229,2018-12-21 00:00:00,1,0,2024-07-20 06:01:52,0,2024-07-20 06:01:52,,,
2018-12-14,583.00,620.00,547.00,584.00,526.00,230,2018-12-14 00:00:00,1,0,2024-07-20 06:01:52,0,2024-07-20 06:01:52,,,
2018-12-07,586.00,632.00,560.00,587.00,529.00,231,2018-12-07 00:00:00,1,0,2024-07-20 06:01:52,0,2024-07-20 06:01:52,,,
2018-11-30,588.00,635.00,559.00,587.00,530.00,232,2018-11-30 00:00:00,1,0,2024-07-20 06:01:52,0,2024-07-20 06:01:52,,,
2018-11-23,589.00,630.00,561.00,589.00,536.00,233,2018-11-23 00:00:00,1,0,2024-07-20 06:01:52,0,2024-07-20 06:01:52,,,
2018-11-16,593.00,641.00,573.00,593.00,536.00,234,2018-11-16 00:00:00,1,0,2024-07-20 06:01:52,0,2024-07-20 06:01:52,,,
2018-11-09,589.00,651.00,590.00,592.00,536.00,235,2018-11-09 00:00:00,1,0,2024-07-20 06:01:52,0,2024-07-20 06:01:52,,,
2018-11-02,595.00,646.00,589.00,597.00,537.00,236,2018-11-02 00:00:00,1,0,2024-07-20 06:01:52,0,2024-07-20 06:01:52,,,
2018-10-26,598.00,669.00,604.00,598.00,536.00,237,2018-10-26 00:00:00,1,0,2024-07-20 06:01:52,0,2024-07-20 06:01:52,,,
2018-10-19,596.00,671.00,600.00,595.00,530.00,238,2018-10-19 00:00:00,1,0,2024-07-20 06:01:52,0,2024-07-20 06:01:52,,,
2018-10-12,589.00,649.00,585.00,589.00,529.00,239,2018-10-12 00:00:00,1,0,2024-07-20 06:01:52,0,2024-07-20 06:01:52,,,
2018-09-28,583.00,635.00,562.00,583.00,523.00,240,2018-09-28 00:00:00,1,0,2024-07-20 06:01:52,0,2024-07-20 06:01:52,,,
2018-09-21,584.00,632.00,554.00,584.00,521.00,241,2018-09-21 00:00:00,1,0,2024-07-20 06:01:55,0,2024-07-20 06:01:55,,,
2018-09-14,581.00,632.00,546.00,580.00,519.00,242,2018-09-14 00:00:00,1,0,2024-07-20 06:01:55,0,2024-07-20 06:01:55,,,
2018-09-07,580.00,624.00,536.00,580.00,518.00,243,2018-09-07 00:00:00,1,0,2024-07-20 06:01:55,0,2024-07-20 06:01:55,,,
2018-08-31,582.00,623.00,535.00,582.00,521.00,244,2018-08-31 00:00:00,1,0,2024-07-20 06:01:55,0,2024-07-20 06:01:55,,,
2018-08-24,581.00,621.00,532.00,581.00,519.00,245,2018-08-24 00:00:00,1,0,2024-07-20 06:01:55,0,2024-07-20 06:01:55,,,
2018-08-17,579.00,624.00,538.00,581.00,519.00,246,2018-08-17 00:00:00,1,0,2024-07-20 06:01:55,0,2024-07-20 06:01:55,,,
2018-08-10,577.00,604.00,513.00,578.00,518.00,247,2018-08-10 00:00:00,1,0,2024-07-20 06:01:55,0,2024-07-20 06:01:55,,,
2018-08-03,586.00,618.00,547.00,588.00,534.00,248,2018-08-03 00:00:00,1,0,2024-07-20 06:01:55,0,2024-07-20 06:01:55,,,
2018-07-27,599.00,648.00,576.00,603.00,542.00,249,2018-07-27 00:00:00,1,0,2024-07-20 06:01:55,0,2024-07-20 06:01:55,,,
2018-07-20,602.00,670.00,596.00,602.00,541.00,250,2018-07-20 00:00:00,1,0,2024-07-20 06:01:55,0,2024-07-20 06:01:55,,,
2018-07-13,608.00,687.00,603.00,607.00,542.00,251,2018-07-13 00:00:00,1,0,2024-07-20 06:01:55,0,2024-07-20 06:01:55,,,
2018-07-06,594.00,688.00,602.00,600.00,540.00,252,2018-07-06 00:00:00,1,0,2024-07-20 06:01:55,0,2024-07-20 06:01:55,,,
2018-06-29,603.00,684.00,603.00,604.00,539.00,253,2018-06-29 00:00:00,1,0,2024-07-20 06:01:55,0,2024-07-20 06:01:55,,,
2018-06-22,601.00,695.00,618.00,602.00,535.00,254,2018-06-22 00:00:00,1,0,2024-07-20 06:01:55,0,2024-07-20 06:01:55,,,
2018-06-15,600.00,698.00,612.00,597.00,533.00,255,2018-06-15 00:00:00,1,0,2024-07-20 06:01:55,0,2024-07-20 06:01:55,,,
2018-06-08,596.00,687.00,591.00,592.00,531.00,256,2018-06-08 00:00:00,1,0,2024-07-20 06:01:55,0,2024-07-20 06:01:55,,,
2018-06-01,591.00,653.00,567.00,594.00,524.00,257,2018-06-01 00:00:00,1,0,2024-07-20 06:01:55,0,2024-07-20 06:01:55,,,
2018-05-25,586.00,652.00,579.00,586.00,523.00,258,2018-05-25 00:00:00,1,0,2024-07-20 06:01:55,0,2024-07-20 06:01:55,,,
2018-05-18,581.00,635.00,542.00,578.00,517.00,259,2018-05-18 00:00:00,1,0,2024-07-20 06:01:55,0,2024-07-20 06:01:55,,,
2018-05-11,574.00,609.00,521.00,573.00,512.00,260,2018-05-11 00:00:00,1,0,2024-07-20 06:01:55,0,2024-07-20 06:01:55,,,
2018-05-04,571.00,590.00,512.00,573.00,512.00,261,2018-05-04 00:00:00,1,0,2024-07-20 06:01:55,0,2024-07-20 06:01:55,,,
2018-04-27,572.00,577.00,492.00,572.00,514.00,262,2018-04-27 00:00:00,1,0,2024-07-20 06:01:55,0,2024-07-20 06:01:55,,,
2018-04-20,571.00,569.00,492.00,570.00,515.00,263,2018-04-20 00:00:00,1,0,2024-07-20 06:01:55,0,2024-07-20 06:01:55,,,
2018-04-13,577.00,586.00,498.00,577.00,526.00,264,2018-04-13 00:00:00,1,0,2024-07-20 06:01:55,0,2024-07-20 06:01:55,,,
2018-03-30,598.00,625.00,572.00,598.00,545.00,265,2018-03-30 00:00:00,1,0,2024-07-20 06:01:55,0,2024-07-20 06:01:55,,,
2018-03-23,603.00,640.00,574.00,603.00,546.00,266,2018-03-23 00:00:00,1,0,2024-07-20 06:01:55,0,2024-07-20 06:01:55,,,
2018-03-16,607.00,665.00,610.00,608.00,559.00,267,2018-03-16 00:00:00,1,0,2024-07-20 06:01:55,0,2024-07-20 06:01:55,,,
2018-03-09,616.00,690.00,637.00,619.00,567.00,268,2018-03-09 00:00:00,1,0,2024-07-20 06:01:55,0,2024-07-20 06:01:55,,,
2018-03-02,627.00,725.00,669.00,628.00,571.00,269,2018-03-02 00:00:00,1,0,2024-07-20 06:01:55,0,2024-07-20 06:01:55,,,
2018-02-09,635.00,752.00,679.00,634.00,573.00,270,2018-02-09 00:00:00,1,0,2024-07-20 06:01:55,0,2024-07-20 06:01:55,,,
2018-02-02,631.00,751.00,679.00,629.00,567.00,271,2018-02-02 00:00:00,1,0,2024-07-20 06:01:59,0,2024-07-20 06:01:59,,,
2018-01-26,627.00,744.00,666.00,623.00,566.00,272,2018-01-26 00:00:00,1,0,2024-07-20 06:01:59,0,2024-07-20 06:01:59,,,
2018-01-19,622.00,730.00,653.00,619.00,561.00,273,2018-01-19 00:00:00,1,0,2024-07-20 06:01:59,0,2024-07-20 06:01:59,,,
2018-01-12,621.00,722.00,635.00,619.00,559.00,274,2018-01-12 00:00:00,1,0,2024-07-20 06:01:59,0,2024-07-20 06:01:59,,,
2018-01-05,618.00,709.00,629.00,615.00,558.00,275,2018-01-05 00:00:00,1,0,2024-07-20 06:01:59,0,2024-07-20 06:01:59,,,
2017-12-29,614.00,703.00,626.00,613.00,554.00,276,2017-12-29 00:00:00,1,0,2024-07-20 06:01:59,0,2024-07-20 06:01:59,,,
2017-12-22,613.00,699.00,621.00,612.00,553.00,277,2017-12-22 00:00:00,1,0,2024-07-20 06:01:59,0,2024-07-20 06:01:59,,,
2017-12-15,610.00,691.00,619.00,611.00,550.00,278,2017-12-15 00:00:00,1,0,2024-07-20 06:01:59,0,2024-07-20 06:01:59,,,
2017-12-08,609.00,689.00,616.00,609.00,547.00,279,2017-12-08 00:00:00,1,0,2024-07-20 06:01:59,0,2024-07-20 06:01:59,,,
2017-12-01,606.00,680.00,594.00,606.00,533.00,280,2017-12-01 00:00:00,1,0,2024-07-20 06:01:59,0,2024-07-20 06:01:59,,,
2017-11-24,602.00,674.00,587.00,612.00,535.00,281,2017-11-24 00:00:00,1,0,2024-07-20 06:01:59,0,2024-07-20 06:01:59,,,
2017-11-17,599.00,669.00,602.00,608.00,541.00,282,2017-11-17 00:00:00,1,0,2024-07-20 06:01:59,0,2024-07-20 06:01:59,,,
2024-07-26,771.00,857.00,759.00,785.00,687.00,283,2024-07-26 00:00:00,1,0,2024-08-01 10:37:08,0,2024-08-01 10:37:08,,,
2024-11-01,754.00,856.00,757.00,754.00,676.00,284,2024-11-01 00:00:00,1,0,2024-11-07 01:31:40,0,2024-11-07 01:31:40,,,
2024-10-25,755.00,859.00,759.00,755.00,678.00,285,2024-10-25 00:00:00,1,0,2024-11-07 01:31:40,0,2024-11-07 01:31:40,,,
2024-10-18,756.00,860.00,761.00,757.00,680.00,286,2024-10-18 00:00:00,1,0,2024-11-07 01:31:40,0,2024-11-07 01:31:40,,,
2024-10-11,758.00,868.00,771.00,758.00,681.00,287,2024-10-11 00:00:00,1,0,2024-11-07 01:31:40,0,2024-11-07 01:31:40,,,
2024-09-27,755.00,870.00,768.00,754.00,679.00,288,2024-09-27 00:00:00,1,0,2024-11-07 01:31:40,0,2024-11-07 01:31:40,,,
2024-09-20,752.00,860.00,761.00,752.00,676.00,289,2024-09-20 00:00:00,1,0,2024-11-07 01:31:40,0,2024-11-07 01:31:40,,,
2024-09-13,748.00,846.00,748.00,748.00,672.00,290,2024-09-13 00:00:00,1,0,2024-11-07 01:31:40,0,2024-11-07 01:31:40,,,
2024-09-06,747.00,841.00,740.00,747.00,676.00,291,2024-09-06 00:00:00,1,0,2024-11-07 01:31:40,0,2024-11-07 01:31:40,,,
2024-08-30,749.00,841.00,739.00,749.00,690.00,292,2024-08-30 00:00:00,1,0,2024-11-07 01:31:40,0,2024-11-07 01:31:40,,,
2024-08-23,750.00,841.00,740.00,750.00,690.00,293,2024-08-23 00:00:00,1,0,2024-11-07 01:31:40,0,2024-11-07 01:31:40,,,
2024-08-16,765.00,849.00,749.00,760.00,696.00,294,2024-08-16 00:00:00,1,0,2024-11-07 01:31:40,0,2024-11-07 01:31:40,,,
2024-08-09,799.00,853.00,754.00,800.00,701.00,295,2024-08-09 00:00:00,1,0,2024-11-07 01:31:40,0,2024-11-07 01:31:40,,,
2024-08-02,760.00,856.00,757.00,769.00,693.00,296,2024-08-02 00:00:00,1,0,2024-11-07 01:31:40,0,2024-11-07 01:31:40,,,
2024-11-08,752.00,853.00,753.00,752.00,676.00,297,2024-11-08 00:00:00,1,0,2024-11-08 23:14:52,0,2024-11-08 23:14:52,,,
2024-11-15,752.00,852.00,747.00,752.00,676.00,298,2024-11-15 00:00:00,1,0,2024-11-18 23:14:25,0,2024-11-18 23:14:25,,,
2024-11-22,749.00,846.00,744.00,749.00,674.00,299,2024-11-22 00:00:00,1,0,2024-11-22 23:15:04,0,2024-11-22 23:15:04,,,
2024-11-29,746.00,826.00,728.00,748.00,669.00,300,2024-11-29 00:00:00,1,0,2024-12-02 23:15:28,0,2024-12-02 23:15:28,,,
2024-12-06,741.00,824.00,725.00,743.00,666.00,301,2024-12-06 00:00:00,1,0,2024-12-06 23:15:20,0,2024-12-06 23:15:20,,,
2024-12-13,738.00,814.00,711.00,739.00,663.00,302,2024-12-13 00:00:00,1,0,2024-12-13 23:14:50,0,2024-12-13 23:14:50,,,
2024-12-20,731.00,792.00,692.00,731.00,656.00,303,2024-12-20 00:00:00,1,0,2024-12-23 23:14:22,0,2024-12-23 23:14:22,,,
2024-12-27,725.00,769.00,669.00,728.00,652.00,304,2024-12-27 00:00:00,1,0,2024-12-27 23:14:43,0,2024-12-27 23:14:43,,,
2025-01-03,722.00,766.00,668.00,722.00,650.00,305,2025-01-03 00:00:00,1,0,2025-01-03 23:15:00,0,2025-01-03 23:15:00,,,
2025-01-10,723.00,770.00,671.00,722.00,647.00,306,2025-01-10 00:00:00,1,0,2025-01-13 23:14:32,0,2025-01-13 23:14:32,,,
2025-01-17,723.00,770.00,677.00,722.00,649.00,307,2025-01-17 00:00:00,1,0,2025-01-17 23:14:49,0,2025-01-17 23:14:49,,,
2025-01-24,720.00,764.00,672.00,720.00,647.00,308,2025-01-24 00:00:00,1,0,2025-01-24 23:14:48,0,2025-01-24 23:14:48,,,
2025-02-07,719.00,759.00,671.00,719.00,646.00,309,2025-02-07 00:00:00,1,0,2025-02-07 23:14:37,0,2025-02-07 23:14:37,,,
2025-02-14,717.00,757.00,670.00,717.00,644.00,310,2025-02-14 00:00:00,1,0,2025-02-14 23:15:07,0,2025-02-14 23:15:07,,,
2025-02-21,714.00,744.00,655.00,714.00,641.00,311,2025-02-21 00:00:00,1,0,2025-02-24 23:15:15,0,2025-02-24 23:15:15,,,
2025-02-28,704.00,711.00,635.00,706.00,636.00,312,2025-02-28 00:00:00,1,0,2025-02-28 23:14:56,0,2025-02-28 23:14:56,,,
2025-03-07,695.00,690.00,598.00,697.00,626.00,313,2025-03-07 00:00:00,1,0,2025-03-07 23:20:52,0,2025-03-07 23:20:52,,,
2025-03-14,691.00,690.00,604.00,691.00,623.00,314,2025-03-14 00:00:00,1,0,2025-03-14 23:05:32,0,2025-03-14 23:05:32,,,
2025-03-21,689.00,686.00,603.00,689.00,619.00,315,2025-03-21 00:00:00,1,0,2025-03-21 23:14:40,0,2025-03-21 23:14:40,,,
2025-03-28,686.00,674.00,594.00,686.00,618.00,316,2025-03-28 00:00:00,1,0,2025-03-28 23:14:58,0,2025-03-28 23:14:58,,,
2025-04-11,677.00,671.00,597.00,677.00,610.00,317,2025-04-11 00:00:00,1,0,2025-04-14 23:14:18,0,2025-04-14 23:14:18,,,
2025-04-18,677.00,671.00,597.00,677.00,611.00,318,2025-04-18 00:00:00,1,0,2025-04-18 23:15:16,0,2025-04-18 23:15:16,,,
2025-04-25,676.00,666.00,596.00,676.00,610.00,319,2025-04-25 00:00:00,1,0,2025-04-25 23:14:57,0,2025-04-25 23:14:57,,,
2025-05-09,668.00,649.00,572.00,668.00,602.00,320,2025-05-09 00:00:00,1,0,2025-05-09 23:14:46,0,2025-05-09 23:14:46,,,
2025-05-16,663.00,635.00,561.00,664.00,597.00,321,2025-05-16 00:00:00,1,0,2025-05-19 23:16:42,0,2025-05-19 23:16:42,,,
2025-05-23,658.00,623.00,543.00,659.00,589.00,322,2025-05-23 00:00:00,1,0,2025-05-23 23:14:50,0,2025-05-23 23:14:50,,,
2025-05-30,657.00,618.00,536.00,657.00,589.00,323,2025-05-30 00:00:00,1,0,2025-06-02 23:01:51,0,2025-06-02 23:01:51,,,
2025-06-06,655.00,616.00,536.00,656.00,586.00,324,2025-06-06 00:00:00,1,0,2025-06-06 23:14:54,0,2025-06-06 23:14:54,,,
2025-06-13,652.00,615.00,535.00,652.00,584.00,325,2025-06-13 00:00:00,1,0,2025-06-13 23:14:55,0,2025-06-13 23:14:55,,,
2025-06-20,652.00,614.00,536.00,652.00,583.00,326,2025-06-20 00:00:00,1,0,2025-06-20 23:15:06,0,2025-06-20 23:15:06,,,
2025-06-27,652.00,617.00,543.00,652.00,585.00,327,2025-06-27 00:00:00,1,0,2025-06-27 23:14:50,0,2025-06-27 23:14:50,,,
2025-07-04,652.00,619.00,548.00,652.00,586.00,328,2025-07-04 00:00:00,1,0,2025-07-04 23:15:04,0,2025-07-04 23:15:04,,,
2025-07-11,652.00,622.00,555.00,652.00,588.00,329,2025-07-11 00:00:00,1,0,2025-07-11 23:14:59,0,2025-07-11 23:14:59,,,
2025-07-18,653.00,628.00,566.00,653.00,589.00,330,2025-07-18 00:00:00,1,0,2025-07-18 23:14:51,0,2025-07-18 23:14:51,,,
2025-07-25,658.00,644.00,580.00,658.00,595.00,331,2025-07-25 00:00:00,1,0,2025-07-25 23:14:43,0,2025-07-25 23:14:43,,,
2025-08-01,660.00,648.00,585.00,660.00,598.00,332,2025-08-01 00:00:00,1,0,2025-08-01 23:29:33,0,2025-08-01 23:29:33,,,
2025-08-08,664.00,669.00,606.00,664.00,602.00,333,2025-08-08 00:00:00,1,0,2025-08-11 23:14:59,0,2025-08-11 23:14:59,,,
2025-08-15,671.00,682.00,625.00,671.00,608.00,334,2025-08-15 00:00:00,1,0,2025-08-15 23:14:55,0,2025-08-15 23:14:55,,,
2025-08-22,678.00,700.00,629.00,678.00,614.00,335,2025-08-22 00:00:00,1,0,2025-08-22 23:14:56,0,2025-08-22 23:14:56,,,
2025-08-29,679.00,701.00,624.00,679.00,614.00,336,2025-08-29 00:00:00,1,0,2025-08-29 23:14:48,0,2025-08-29 23:14:48,,,
2025-09-05,679.00,697.00,617.00,678.00,614.00,337,2025-09-05 00:00:00,1,0,2025-09-05 23:14:51,0,2025-09-05 23:14:51,,,
2025-09-12,678.00,685.00,602.00,678.00,610.00,338,2025-09-12 00:00:00,1,0,2025-09-12 23:15:03,0,2025-09-12 23:15:03,,,
