时间,当月值(万吨),同期值(万吨),同比变化(万吨),同比增长(%),累计值(万吨),同期累计(万吨),累计变化(万吨),累计增长(%),_ID,_DATA_TIME,_ACTIVE,_CREATE_ID,_CREATE_TIME,_UPDATE_ID,_UPDATE_TIME,_REMARK,_CHANGE_LOG,_RESERVE
2024-06,3079.00,3606.00,-527.00,-14.61,19292.00,20755.00,-1463.00,-7.05,1,2024-06-30 00:00:00,1,0,2024-07-20 13:49:05,0,2024-07-20 13:49:05,,,
2024-05,3358.00,3636.00,-278.00,-7.65,16213.00,17150.00,-937.00,-5.46,2,2024-05-31 00:00:00,1,0,2024-07-20 13:49:05,0,2024-07-20 13:49:05,,,
2024-04,3032.00,3061.00,-29.00,-0.95,12855.00,13513.00,-658.00,-4.87,3,2024-04-30 00:00:00,1,0,2024-07-20 13:49:05,0,2024-07-20 13:49:05,,,
2024-03,3602.00,3695.00,-93.00,-2.52,9824.00,10453.00,-629.00,-6.02,4,2024-03-31 00:00:00,1,0,2024-07-20 13:49:05,0,2024-07-20 13:49:05,,,
2024-02,2780.00,3179.00,-399.00,-12.55,6222.00,6758.00,-536.00,-7.93,5,2024-02-29 00:00:00,1,0,2024-07-20 13:49:05,0,2024-07-20 13:49:05,,,
2024-01,3442.00,3580.00,-138.00,-3.85,3442.00,3580.00,-138.00,-3.85,6,2024-01-31 00:00:00,1,0,2024-07-20 13:49:05,0,2024-07-20 13:49:05,,,
2023-12,3435.00,3606.00,-171.00,-4.74,42209.00,39678.00,2531.00,6.38,7,2023-12-31 00:00:00,1,0,2024-07-20 13:49:05,0,2024-07-20 13:49:05,,,
2023-11,3766.00,2290.00,1476.00,64.45,38774.00,36072.00,2702.00,7.49,8,2023-11-30 00:00:00,1,0,2024-07-20 13:49:05,0,2024-07-20 13:49:05,,,
2023-10,3484.00,1869.00,1615.00,86.41,35007.00,33783.00,1224.00,3.62,9,2023-10-31 00:00:00,1,0,2024-07-20 13:49:05,0,2024-07-20 13:49:05,,,
2023-09,3586.00,3626.00,-40.00,-1.10,31524.00,31914.00,-390.00,-1.22,10,2023-09-30 00:00:00,1,0,2024-07-20 13:49:05,0,2024-07-20 13:49:05,,,
2023-08,3489.00,3559.00,-70.00,-3.06,27938.00,28289.00,-351.00,-1.24,11,2023-08-31 00:00:00,1,0,2024-07-20 13:49:05,0,2024-07-20 13:49:05,,,
2023-07,3694.00,3774.00,-80.00,-2.12,24449.00,24690.00,-241.00,-0.98,12,2023-07-31 00:00:00,1,0,2024-07-20 13:49:05,0,2024-07-20 13:49:05,,,
2023-06,3606.00,3785.00,-179.00,-4.73,20755.00,20916.00,-161.00,-0.77,13,2023-06-30 00:00:00,1,0,2024-07-20 13:49:05,0,2024-07-20 13:49:05,,,
2023-05,3636.00,3383.00,253.00,7.48,17150.00,17132.00,18.00,0.11,14,2023-05-31 00:00:00,1,0,2024-07-20 13:49:05,0,2024-07-20 13:49:05,,,
2023-04,3061.00,3357.00,-296.00,-8.82,13513.00,13749.00,-236.00,-1.72,15,2023-04-30 00:00:00,1,0,2024-07-20 13:49:05,0,2024-07-20 13:49:05,,,
2023-03,3695.00,3887.00,-192.00,-4.94,10453.00,10392.00,61.00,0.59,16,2023-03-31 00:00:00,1,0,2024-07-20 13:49:05,0,2024-07-20 13:49:05,,,
2023-02,3179.00,3100.00,79.00,2.55,6758.00,6506.00,252.00,3.89,17,2023-02-28 00:00:00,1,0,2024-07-20 13:49:05,0,2024-07-20 13:49:05,,,
2023-01,3580.00,3406.00,174.00,5.11,3580.00,3406.00,174.00,-5.80,18,2023-01-31 00:00:00,1,0,2024-07-20 13:49:05,0,2024-07-20 13:49:05,,,
2022-12,3606.00,3957.00,-351.00,-8.90,39678.00,42103.00,-2425.00,-5.80,19,2022-12-31 00:00:00,1,0,2024-07-20 13:49:05,0,2024-07-20 13:49:05,,,
2022-11,2290.00,3816.00,-1526.00,-39.99,36072.00,38145.00,-2073.00,-5.43,20,2022-11-30 00:00:00,1,0,2024-07-20 13:49:05,0,2024-07-20 13:49:05,,,
2022-10,1869.00,3286.00,-1417.00,-43.12,33783.00,34329.00,-546.00,-1.59,21,2022-10-31 00:00:00,1,0,2024-07-20 13:49:05,0,2024-07-20 13:49:05,,,
2022-09,3626.00,3462.00,164.00,4.74,31914.00,31044.00,870.00,2.80,22,2022-09-30 00:00:00,1,0,2024-07-20 13:49:05,0,2024-07-20 13:49:05,,,
2022-08,3599.00,3572.00,27.00,0.76,28289.00,27582.00,707.00,2.56,23,2022-08-31 00:00:00,1,0,2024-07-20 13:49:05,0,2024-07-20 13:49:05,,,
2022-07,3774.00,3093.00,681.00,22.02,24690.00,24009.00,681.00,2.84,24,2022-07-31 00:00:00,1,0,2024-07-20 13:49:05,0,2024-07-20 13:49:05,,,
2022-06,3785.00,3376.00,409.00,12.11,20916.00,20917.00,-1.00,0.00,25,2022-06-30 00:00:00,1,0,2024-07-20 13:49:05,0,2024-07-20 13:49:05,,,
2022-05,3383.00,3716.00,-333.00,-8.96,17132.00,17540.00,-408.00,-2.33,26,2022-05-31 00:00:00,1,0,2024-07-20 13:49:05,0,2024-07-20 13:49:05,,,
2022-04,3357.00,3069.00,288.00,9.38,13749.00,13824.00,-75.00,-0.54,27,2022-04-30 00:00:00,1,0,2024-07-20 13:49:05,0,2024-07-20 13:49:05,,,
2022-03,3887.00,3599.00,288.00,8.00,10392.00,10756.00,-364.00,-3.38,28,2022-03-31 00:00:00,1,0,2024-07-20 13:49:05,0,2024-07-20 13:49:05,,,
2022-02,3100.00,3445.00,-345.00,-10.01,6506.00,7156.00,-650.00,-9.10,29,2022-02-28 00:00:00,1,0,2024-07-20 13:49:05,0,2024-07-20 13:49:05,,,
2022-01,3406.00,3711.00,-305.00,-8.22,3406.00,3711.00,-305.00,-8.22,30,2022-01-31 00:00:00,1,0,2024-07-20 13:49:05,0,2024-07-20 13:49:05,,,
2021-12,3957.00,3793.00,164.00,4.32,42103.00,40501.00,1602.00,3.96,31,2021-12-31 00:00:00,1,0,2024-07-20 13:49:09,0,2024-07-20 13:49:09,,,
2021-11,3816.00,3779.00,37.00,0.98,38145.00,36708.00,1437.00,3.91,32,2021-11-30 00:00:00,1,0,2024-07-20 13:49:09,0,2024-07-20 13:49:09,,,
2021-10,3286.00,3285.00,1.00,0.00,34329.00,32929.00,1400.00,4.25,33,2021-10-31 00:00:00,1,0,2024-07-20 13:49:09,0,2024-07-20 13:49:09,,,
2021-09,3462.00,3513.00,-51.00,-1.45,31044.00,29644.00,1400.00,4.72,34,2021-09-30 00:00:00,1,0,2024-07-20 13:49:09,0,2024-07-20 13:49:09,,,
2021-08,3572.00,3465.00,107.00,3.09,27582.00,26131.00,1451.00,5.55,35,2021-08-31 00:00:00,1,0,2024-07-20 13:49:09,0,2024-07-20 13:49:09,,,
2021-07,3093.00,3903.00,-810.00,-20.75,24009.00,22666.00,1343.00,5.93,36,2021-07-31 00:00:00,1,0,2024-07-20 13:49:09,0,2024-07-20 13:49:09,,,
2021-06,3376.00,3895.00,-519.00,-13.32,20917.00,18763.00,2154.00,11.48,37,2021-06-30 00:00:00,1,0,2024-07-20 13:49:09,0,2024-07-20 13:49:09,,,
2021-05,3716.00,3163.00,553.00,17.48,17540.00,14868.00,2672.00,17.97,38,2021-05-31 00:00:00,1,0,2024-07-20 13:49:09,0,2024-07-20 13:49:09,,,
2021-04,3069.00,2972.00,97.00,3.26,13824.00,11705.00,2119.00,18.10,39,2021-04-30 00:00:00,1,0,2024-07-20 13:49:09,0,2024-07-20 13:49:09,,,
2021-03,3599.00,3224.00,375.00,11.63,10756.00,8733.00,2023.00,23.17,40,2021-03-31 00:00:00,1,0,2024-07-20 13:49:09,0,2024-07-20 13:49:09,,,
2021-02,3445.00,2371.00,1074.00,45.30,7156.00,5509.00,1647.00,29.90,41,2021-02-28 00:00:00,1,0,2024-07-20 13:49:09,0,2024-07-20 13:49:09,,,
2021-01,3711.00,3138.00,573.00,18.26,3711.00,3138.00,573.00,18.26,42,2021-01-31 00:00:00,1,0,2024-07-20 13:49:09,0,2024-07-20 13:49:09,,,
2020-12,3793.00,3527.00,266.00,7.54,40501.00,43080.00,-2579.00,-5.99,43,2020-12-31 00:00:00,1,0,2024-07-20 13:49:09,0,2024-07-20 13:49:09,,,
2020-11,3779.00,3541.00,238.00,6.72,36708.00,39553.00,-2845.00,-7.19,44,2020-11-30 00:00:00,1,0,2024-07-20 13:49:09,0,2024-07-20 13:49:09,,,
2020-10,3285.00,3664.00,-379.00,-10.34,32929.00,36012.00,-3083.00,-8.56,45,2020-10-31 00:00:00,1,0,2024-07-20 13:49:09,0,2024-07-20 13:49:09,,,
2020-09,3513.00,3383.00,130.00,3.84,29644.00,32348.00,-2704.00,-8.36,46,2020-09-30 00:00:00,1,0,2024-07-20 13:49:09,0,2024-07-20 13:49:09,,,
2020-08,3465.00,3417.00,48.00,1.40,26131.00,28965.00,-2834.00,-9.80,47,2020-08-31 00:00:00,1,0,2024-07-20 13:49:09,0,2024-07-20 13:49:09,,,
2020-07,3903.00,3729.00,174.00,4.67,22666.00,25548.00,-2882.00,-11.28,48,2020-07-31 00:00:00,1,0,2024-07-20 13:49:09,0,2024-07-20 13:49:09,,,
2020-06,3895.00,3582.00,313.00,8.74,18763.00,21820.00,-3057.00,-14.01,49,2020-06-30 00:00:00,1,0,2024-07-20 13:49:09,0,2024-07-20 13:49:09,,,
2020-05,3163.00,3982.00,-819.00,-20.57,14868.00,18238.00,-3370.00,-18.48,50,2020-05-31 00:00:00,1,0,2024-07-20 13:49:09,0,2024-07-20 13:49:09,,,
2020-04,2972.00,3284.00,-312.00,-9.50,11705.00,14256.00,-2551.00,-17.89,51,2020-04-30 00:00:00,1,0,2024-07-20 13:49:09,0,2024-07-20 13:49:09,,,
2020-03,3224.00,3885.00,-661.00,-17.01,8733.00,10971.00,-2238.00,-20.40,52,2020-03-31 00:00:00,1,0,2024-07-20 13:49:09,0,2024-07-20 13:49:09,,,
2020-02,2371.00,3185.00,-814.00,-25.56,5509.00,7086.00,-1577.00,-22.26,53,2020-02-29 00:00:00,1,0,2024-07-20 13:49:09,0,2024-07-20 13:49:09,,,
2020-01,3137.20,3161.80,-24.60,-20.00,3137.20,3161.80,-24.60,-20.00,54,2020-01-31 00:00:00,1,0,2024-07-20 13:49:09,0,2024-07-20 13:49:09,,,
2019-12,3527.00,3836.00,-309.00,-8.06,43080.00,45100.00,-2020.00,-4.48,55,2019-12-31 00:00:00,1,0,2024-07-20 13:49:09,0,2024-07-20 13:49:09,,,
2019-11,3541.00,3847.00,-306.00,-7.95,39553.00,41264.00,-1711.00,-4.15,56,2019-11-30 00:00:00,1,0,2024-07-20 13:49:09,0,2024-07-20 13:49:09,,,
2019-10,3664.00,3463.00,201.00,5.80,36012.00,37417.00,-1405.00,-3.75,57,2019-10-31 00:00:00,1,0,2024-07-20 13:49:09,0,2024-07-20 13:49:09,,,
2019-09,3383.00,3788.00,-405.00,-10.69,32348.00,33954.00,-1606.00,-4.73,58,2019-09-30 00:00:00,1,0,2024-07-20 13:49:09,0,2024-07-20 13:49:09,,,
2019-08,3417.00,3748.00,-331.00,-8.83,28965.00,30166.00,-1201.00,-3.98,59,2019-08-31 00:00:00,1,0,2024-07-20 13:49:09,0,2024-07-20 13:49:09,,,
2019-07,3729.00,3885.00,-156.00,-4.02,25548.00,26417.00,-869.00,-3.29,60,2019-07-31 00:00:00,1,0,2024-07-20 13:49:09,0,2024-07-20 13:49:09,,,
2019-06,3582.00,3884.00,-302.00,-7.78,21820.00,22533.00,-713.00,-3.16,61,2019-06-30 00:00:00,1,0,2024-07-20 13:49:13,0,2024-07-20 13:49:13,,,
2019-05,3982.00,4033.00,-51.00,-1.26,18238.00,18649.00,-411.00,-2.20,62,2019-05-31 00:00:00,1,0,2024-07-20 13:49:13,0,2024-07-20 13:49:13,,,
2019-04,3284.00,3221.00,63.00,1.96,14256.00,14614.00,-358.00,-2.46,63,2019-04-30 00:00:00,1,0,2024-07-20 13:49:13,0,2024-07-20 13:49:13,,,
2019-03,3885.00,3910.00,-25.00,-0.64,10971.00,11395.00,-424.00,-3.72,64,2019-03-31 00:00:00,1,0,2024-07-20 13:49:13,0,2024-07-20 13:49:13,,,
2019-02,3185.00,3558.00,-373.00,-10.48,7086.00,7485.00,-399.00,-5.33,65,2019-02-28 00:00:00,1,0,2024-07-20 13:49:13,0,2024-07-20 13:49:13,,,
2018-12,3836.00,3856.00,-20.00,-0.52,45100.00,43239.00,1861.00,4.30,66,2018-12-31 00:00:00,1,0,2024-07-20 13:49:13,0,2024-07-20 13:49:13,,,
2018-11,3847.00,3427.00,420.00,12.26,41264.00,39382.00,1882.00,4.78,67,2018-11-30 00:00:00,1,0,2024-07-20 13:49:13,0,2024-07-20 13:49:13,,,
2018-10,3463.00,3736.00,-273.00,-7.31,37417.00,35956.00,1461.00,4.06,68,2018-10-31 00:00:00,1,0,2024-07-20 13:49:13,0,2024-07-20 13:49:13,,,
2018-09,3788.00,3739.00,49.00,1.31,33954.00,32220.00,1734.00,5.38,69,2018-09-30 00:00:00,1,0,2024-07-20 13:49:13,0,2024-07-20 13:49:13,,,
2018-08,3748.00,3843.00,-95.00,-2.47,30166.00,28480.00,1686.00,5.92,70,2018-08-31 00:00:00,1,0,2024-07-20 13:49:13,0,2024-07-20 13:49:13,,,
2018-07,3885.00,3634.00,251.00,6.91,26417.00,24638.00,1779.00,7.22,71,2018-07-31 00:00:00,1,0,2024-07-20 13:49:13,0,2024-07-20 13:49:13,,,
2018-06,3884.00,3575.00,309.00,8.64,22533.00,21004.00,1529.00,7.28,72,2018-06-30 00:00:00,1,0,2024-07-20 13:49:13,0,2024-07-20 13:49:13,,,
2018-05,4033.00,3765.00,268.00,7.12,18649.00,17429.00,1220.00,7.00,73,2018-05-31 00:00:00,1,0,2024-07-20 13:49:13,0,2024-07-20 13:49:13,,,
2018-04,3221.00,3291.00,-70.00,-2.13,14614.00,13664.00,950.00,6.97,74,2018-04-30 00:00:00,1,0,2024-07-20 13:49:13,0,2024-07-20 13:49:13,,,
2018-03,3910.00,3841.00,69.00,1.80,11395.00,10373.00,1022.00,9.85,75,2018-03-31 00:00:00,1,0,2024-07-20 13:49:13,0,2024-07-20 13:49:13,,,
2018-02,3558.00,3013.00,545.00,18.09,7485.00,6532.00,953.00,14.59,76,2018-02-28 00:00:00,1,0,2024-07-20 13:49:13,0,2024-07-20 13:49:13,,,
2018-01,3927.00,3519.00,408.00,11.59,3927.00,3519.00,408.00,11.59,77,2018-01-31 00:00:00,1,0,2024-07-20 13:49:13,0,2024-07-20 13:49:13,,,
2017-12,3856.00,3841.00,15.00,0.39,43239.00,35125.00,8114.00,23.10,78,2017-12-31 00:00:00,1,0,2024-07-20 13:49:13,0,2024-07-20 13:49:13,,,
2017-11,3427.00,3759.00,-332.00,-8.83,39383.00,31284.00,8099.00,25.89,79,2017-11-30 00:00:00,1,0,2024-07-20 13:49:13,0,2024-07-20 13:49:13,,,
2017-10,3736.00,3352.00,384.00,11.46,35956.00,27525.00,8431.00,30.63,80,2017-10-31 00:00:00,1,0,2024-07-20 13:49:13,0,2024-07-20 13:49:13,,,
2017-09,3739.00,2971.00,768.00,25.85,32220.00,24173.00,8047.00,33.29,81,2017-09-30 00:00:00,1,0,2024-07-20 13:49:13,0,2024-07-20 13:49:13,,,
2017-08,3843.00,2907.00,936.00,32.20,28480.00,21202.00,7278.00,34.33,82,2017-08-31 00:00:00,1,0,2024-07-20 13:49:13,0,2024-07-20 13:49:13,,,
2017-07,3634.00,2521.00,1113.00,44.15,24638.00,18295.00,6343.00,34.67,83,2017-07-31 00:00:00,1,0,2024-07-20 13:49:13,0,2024-07-20 13:49:13,,,
2017-06,3575.00,2400.00,1175.00,48.96,21004.00,15774.00,5230.00,33.16,84,2017-06-30 00:00:00,1,0,2024-07-20 13:49:13,0,2024-07-20 13:49:13,,,
2017-05,3765.00,2562.00,1203.00,46.96,17429.00,13375.00,4054.00,30.31,85,2017-05-31 00:00:00,1,0,2024-07-20 13:49:13,0,2024-07-20 13:49:13,,,
2017-04,3291.00,2485.00,806.00,32.43,13664.00,10813.00,2851.00,26.37,86,2017-04-30 00:00:00,1,0,2024-07-20 13:49:13,0,2024-07-20 13:49:13,,,
2017-03,3841.00,2889.00,952.00,32.95,10373.00,8328.00,2045.00,24.56,87,2017-03-31 00:00:00,1,0,2024-07-20 13:49:13,0,2024-07-20 13:49:13,,,
2017-02,3013.00,2321.00,692.00,29.81,6532.00,5439.00,1093.00,20.10,88,2017-02-28 00:00:00,1,0,2024-07-20 13:49:13,0,2024-07-20 13:49:13,,,
2017-01,3519.00,3117.00,402.00,12.89,3519.00,3117.00,402.00,12.89,89,2017-01-31 00:00:00,1,0,2024-07-20 13:49:13,0,2024-07-20 13:49:13,,,
2024-09,3201.00,3586.00,-385.00,-10.74,28644.00,31524.00,-2880.00,-9.14,172,2024-09-30 00:00:00,1,0,2024-11-07 01:46:17,0,2024-11-07 01:46:17,,,
2024-08,3135.00,3489.00,-354.00,-10.15,25443.00,27938.00,-2495.00,-8.93,173,2024-08-31 00:00:00,1,0,2024-11-07 01:46:17,0,2024-11-07 01:46:17,,,
2024-07,3016.00,3694.00,-678.00,-18.35,22308.00,24449.00,-2141.00,-8.76,174,2024-07-31 00:00:00,1,0,2024-11-07 01:46:17,0,2024-11-07 01:46:17,,,
2024-10,3411.00,3484.00,-73.00,-2.10,32055.00,35007.00,-2952.00,-8.43,175,2024-10-31 00:00:00,1,0,2024-11-10 23:02:13,0,2024-11-10 23:02:13,,,
2024-11,3658.00,3766.00,-108.00,-2.87,35712.00,38774.00,-3062.00,-7.90,176,2024-11-30 00:00:00,1,0,2024-12-09 23:17:45,0,2024-12-09 23:17:45,,,
2024-12,3502.00,3435.00,67.00,1.95,39215.00,42209.00,-2994.00,-7.09,177,2024-12-31 00:00:00,1,0,2025-01-10 23:16:51,0,2025-01-10 23:16:51,,,
2025-01,2979.00,3442.00,-463.00,-13.45,2979.00,3442.00,-463.00,-13.45,178,2025-01-31 00:00:00,1,0,2025-02-08 23:15:14,0,2025-02-08 23:15:14,,,
2025-02,2766.00,2780.00,-14.00,-0.50,5745.00,6222.00,-477.00,-7.67,179,2025-02-28 00:00:00,1,0,2025-03-07 23:22:50,0,2025-03-07 23:22:50,,,
2025-03,3527.00,3602.00,-75.00,-2.08,9272.00,9824.00,-552.00,-5.62,180,2025-03-31 00:00:00,1,0,2025-04-09 23:16:26,0,2025-04-09 23:16:26,,,
2025-04,3062.00,3032.00,30.00,0.99,12334.00,12855.00,-521.00,-4.05,181,2025-04-30 00:00:00,1,0,2025-05-08 23:15:29,0,2025-05-08 23:15:29,,,
2025-05,3296.00,3358.00,-62.00,-1.85,15631.00,16213.00,-582.00,-3.59,182,2025-05-31 00:00:00,1,0,2025-06-09 23:17:17,0,2025-06-09 23:17:17,,,
2025-06,3242.00,3079.00,163.00,5.29,18873.00,19292.00,-419.00,-2.17,183,2025-06-30 00:00:00,1,0,2025-07-08 23:16:04,0,2025-07-08 23:16:04,,,
2025-07,3179.00,3016.00,163.00,5.40,22052.00,22308.00,-256.00,-1.15,184,2025-07-31 00:00:00,1,0,2025-08-07 23:16:05,0,2025-08-07 23:16:05,,,
2025-08,3230.00,3135.00,95.00,3.03,25282.00,25443.00,-161.00,-0.63,185,2025-08-31 00:00:00,1,0,2025-09-08 23:17:29,0,2025-09-08 23:17:29,,,
