时间,月末库存(万吨),同比变化(万吨),_ID,_DATA_TIME,_ACTIVE,_CREATE_ID,_CREATE_TIME,_UPDATE_ID,_UPDATE_TIME,_REMARK,_CHANGE_LOG,_RESERVE
2025-08,9200.00,2400.00,1,2025-08-31 00:00:00,1,0,2025-09-15 23:17:28,0,2025-09-15 23:17:28,,,
2025-07,9800.00,3100.00,2,2025-07-31 00:00:00,1,0,2025-09-15 23:17:28,0,2025-09-15 23:17:28,,,
2025-06,10200.00,3500.00,3,2025-06-30 00:00:00,1,0,2025-09-15 23:17:28,0,2025-09-15 23:17:28,,,
2025-05,9200.00,3100.00,4,2025-05-31 00:00:00,1,0,2025-09-15 23:17:28,0,2025-09-15 23:17:28,,,
2025-04,8900.00,2600.00,5,2025-04-30 00:00:00,1,0,2025-09-15 23:17:28,0,2025-09-15 23:17:28,,,
2025-03,8400.00,2100.00,6,2025-03-31 00:00:00,1,0,2025-09-15 23:17:28,0,2025-09-15 23:17:28,,,
2025-02,8100.00,2300.00,7,2025-02-28 00:00:00,1,0,2025-09-15 23:17:28,0,2025-09-15 23:17:28,,,
2025-01,7400.00,500.00,8,2025-01-31 00:00:00,1,0,2025-09-15 23:17:28,0,2025-09-15 23:17:28,,,
2024-12,6800.00,840.00,9,2024-12-31 00:00:00,1,0,2025-09-15 23:17:28,0,2025-09-15 23:17:28,,,
2024-11,7300.00,480.00,10,2024-11-30 00:00:00,1,0,2025-09-15 23:17:28,0,2025-09-15 23:17:28,,,
2024-10,6900.00,240.00,11,2024-10-31 00:00:00,1,0,2025-09-15 23:17:28,0,2025-09-15 23:17:28,,,
2024-09,6700.00,-70.00,12,2024-09-30 00:00:00,1,0,2025-09-15 23:17:28,0,2025-09-15 23:17:28,,,
2024-08,6800.00,0.00,13,2024-08-31 00:00:00,1,0,2025-09-15 23:17:28,0,2025-09-15 23:17:28,,,
2024-07,6600.00,-440.00,14,2024-07-31 00:00:00,1,0,2025-09-15 23:17:28,0,2025-09-15 23:17:28,,,
2024-06,6300.00,-850.00,15,2024-06-30 00:00:00,1,0,2025-09-15 23:17:28,0,2025-09-15 23:17:28,,,
2024-05,6000.00,-1650.00,16,2024-05-31 00:00:00,1,0,2025-09-15 23:17:28,0,2025-09-15 23:17:28,,,
2024-04,6100.00,-750.00,17,2024-04-30 00:00:00,1,0,2025-09-15 23:17:28,0,2025-09-15 23:17:28,,,
2024-03,6600.00,200.00,18,2024-03-31 00:00:00,1,0,2025-09-15 23:17:28,0,2025-09-15 23:17:28,,,
2024-02,6500.00,-250.00,19,2024-02-29 00:00:00,1,0,2025-09-15 23:17:28,0,2025-09-15 23:17:28,,,
2024-01,6900.00,320.00,20,2024-01-31 00:00:00,1,0,2025-09-15 23:17:28,0,2025-09-15 23:17:28,,,
2023-12,6600.00,-110.00,21,2023-12-31 00:00:00,1,0,2025-09-15 23:17:28,0,2025-09-15 23:17:28,,,
2023-11,6700.00,-250.00,22,2023-11-30 00:00:00,1,0,2025-09-15 23:17:28,0,2025-09-15 23:17:28,,,
2023-10,6900.00,350.00,23,2023-10-31 00:00:00,1,0,2025-09-15 23:17:28,0,2025-09-15 23:17:28,,,
2023-09,6600.00,730.00,24,2023-09-30 00:00:00,1,0,2025-09-15 23:17:28,0,2025-09-15 23:17:28,,,
2023-08,6800.00,820.00,25,2023-08-31 00:00:00,1,0,2025-09-15 23:17:28,0,2025-09-15 23:17:28,,,
2023-07,6700.00,570.00,26,2023-07-31 00:00:00,1,0,2025-09-15 23:17:28,0,2025-09-15 23:17:28,,,
2023-06,6900.00,705.00,27,2023-06-30 00:00:00,1,0,2025-09-15 23:17:28,0,2025-09-15 23:17:28,,,
2023-05,7000.00,1350.00,28,2023-05-31 00:00:00,1,0,2025-09-15 23:17:28,0,2025-09-15 23:17:28,,,
2023-04,6800.00,1168.00,29,2023-04-30 00:00:00,1,0,2025-09-15 23:17:28,0,2025-09-15 23:17:28,,,
2023-03,6400.00,1250.00,30,2023-03-31 00:00:00,1,0,2025-09-15 23:17:28,0,2025-09-15 23:17:28,,,
2023-02,6300.00,1800.00,31,2023-02-28 00:00:00,1,0,2025-09-15 23:17:31,0,2025-09-15 23:17:31,,,
2023-01,6100.00,1600.00,32,2023-01-31 00:00:00,1,0,2025-09-15 23:17:31,0,2025-09-15 23:17:31,,,
2022-12,6600.00,1386.00,33,2022-12-31 00:00:00,1,0,2025-09-15 23:17:31,0,2025-09-15 23:17:31,,,
2022-11,6800.00,697.00,34,2022-11-30 00:00:00,1,0,2025-09-15 23:17:31,0,2025-09-15 23:17:31,,,
2022-10,6100.00,230.00,35,2022-10-31 00:00:00,1,0,2025-09-15 23:17:31,0,2025-09-15 23:17:31,,,
2022-09,5800.00,223.00,36,2022-09-30 00:00:00,1,0,2025-09-15 23:17:31,0,2025-09-15 23:17:31,,,
2022-08,5700.00,794.00,37,2022-08-31 00:00:00,1,0,2025-09-15 23:17:31,0,2025-09-15 23:17:31,,,
2022-07,6300.00,1452.00,38,2022-07-31 00:00:00,1,0,2025-09-15 23:17:31,0,2025-09-15 23:17:31,,,
2022-06,5750.00,837.00,39,2022-06-30 00:00:00,1,0,2025-09-15 23:17:31,0,2025-09-15 23:17:31,,,
2022-05,5500.00,418.00,40,2022-05-31 00:00:00,1,0,2025-09-15 23:17:31,0,2025-09-15 23:17:31,,,
2022-04,5300.00,199.00,41,2022-04-30 00:00:00,1,0,2025-09-15 23:17:31,0,2025-09-15 23:17:31,,,
2022-03,4700.00,-299.00,42,2022-03-31 00:00:00,1,0,2025-09-15 23:17:31,0,2025-09-15 23:17:31,,,
2021-12,5800.00,329.00,43,2021-12-31 00:00:00,1,0,2025-09-15 23:17:31,0,2025-09-15 23:17:31,,,
2021-11,6000.00,-656.00,44,2021-11-30 00:00:00,1,0,2025-09-15 23:17:31,0,2025-09-15 23:17:31,,,
2021-10,5800.00,-909.00,45,2021-10-31 00:00:00,1,0,2025-09-15 23:17:31,0,2025-09-15 23:17:31,,,
2021-09,4800.00,-1572.00,46,2021-09-30 00:00:00,1,0,2025-09-15 23:17:31,0,2025-09-15 23:17:31,,,
2021-08,4800.00,-1985.00,47,2021-08-31 00:00:00,1,0,2025-09-15 23:17:31,0,2025-09-15 23:17:31,,,
2021-07,5000.00,-2106.00,48,2021-07-31 00:00:00,1,0,2025-09-15 23:17:31,0,2025-09-15 23:17:31,,,
2021-06,5000.00,-1785.00,49,2021-06-30 00:00:00,1,0,2025-09-15 23:17:31,0,2025-09-15 23:17:31,,,
2021-05,4900.00,-1859.00,50,2021-05-31 00:00:00,1,0,2025-09-15 23:17:31,0,2025-09-15 23:17:31,,,
2021-04,4800.00,-1556.00,51,2021-04-30 00:00:00,1,0,2025-09-15 23:17:31,0,2025-09-15 23:17:31,,,
2021-03,5400.00,-475.00,52,2021-03-31 00:00:00,1,0,2025-09-15 23:17:31,0,2025-09-15 23:17:31,,,
2021-02,5600.00,658.00,53,2021-02-28 00:00:00,1,0,2025-09-15 23:17:31,0,2025-09-15 23:17:31,,,
2020-12,5300.00,-80.00,54,2020-12-31 00:00:00,1,0,2025-09-15 23:17:31,0,2025-09-15 23:17:31,,,
2020-11,6000.00,-600.00,55,2020-11-30 00:00:00,1,0,2025-09-15 23:17:31,0,2025-09-15 23:17:31,,,
2020-10,6100.00,-388.00,56,2020-10-31 00:00:00,1,0,2025-09-15 23:17:31,0,2025-09-15 23:17:31,,,
2020-09,6550.00,-50.00,57,2020-09-30 00:00:00,1,0,2025-09-15 23:17:31,0,2025-09-15 23:17:31,,,
2020-08,6800.00,1100.00,58,2020-08-31 00:00:00,1,0,2025-09-15 23:17:31,0,2025-09-15 23:17:31,,,
2020-07,6900.00,1240.00,59,2020-07-31 00:00:00,1,0,2025-09-15 23:17:31,0,2025-09-15 23:17:31,,,
2020-06,6500.00,1206.00,60,2020-06-30 00:00:00,1,0,2025-09-15 23:17:31,0,2025-09-15 23:17:31,,,
2020-05,5900.00,700.00,61,2020-05-31 00:00:00,1,0,2025-09-15 23:17:35,0,2025-09-15 23:17:35,,,
2020-04,6000.00,850.00,62,2020-04-30 00:00:00,1,0,2025-09-15 23:17:35,0,2025-09-15 23:17:35,,,
2020-03,5500.00,600.00,63,2020-03-31 00:00:00,1,0,2025-09-15 23:17:35,0,2025-09-15 23:17:35,,,
2020-02,,,64,2020-02-29 00:00:00,1,0,2025-09-15 23:17:35,0,2025-09-15 23:17:35,,,
2020-02,5600.00,658.00,65,2020-02-29 00:00:00,1,0,2025-09-15 23:17:35,0,2025-09-15 23:17:35,,,
2019-12,6800.00,1200.00,66,2019-12-31 00:00:00,1,0,2025-09-15 23:17:35,0,2025-09-15 23:17:35,,,
2019-11,6600.00,1200.00,67,2019-11-30 00:00:00,1,0,2025-09-15 23:17:35,0,2025-09-15 23:17:35,,,
2019-10,6400.00,981.00,68,2019-10-31 00:00:00,1,0,2025-09-15 23:17:35,0,2025-09-15 23:17:35,,,
2019-09,5750.00,72.00,69,2019-09-30 00:00:00,1,0,2025-09-15 23:17:35,0,2025-09-15 23:17:35,,,
2019-08,5700.00,50.00,70,2019-08-31 00:00:00,1,0,2025-09-15 23:17:35,0,2025-09-15 23:17:35,,,
2019-07,5250.00,-430.00,71,2019-07-31 00:00:00,1,0,2025-09-15 23:17:35,0,2025-09-15 23:17:35,,,
2019-06,5300.00,-500.00,72,2019-06-30 00:00:00,1,0,2025-09-15 23:17:35,0,2025-09-15 23:17:35,,,
2019-05,5300.00,-750.00,73,2019-05-31 00:00:00,1,0,2025-09-15 23:17:35,0,2025-09-15 23:17:35,,,
2019-04,5000.00,-1200.00,74,2019-04-30 00:00:00,1,0,2025-09-15 23:17:35,0,2025-09-15 23:17:35,,,
2019-03,5000.00,-1060.00,75,2019-03-31 00:00:00,1,0,2025-09-15 23:17:35,0,2025-09-15 23:17:35,,,
2019-02,5300.00,-700.00,76,2019-02-28 00:00:00,1,0,2025-09-15 23:17:35,0,2025-09-15 23:17:35,,,
2019-01,,,77,2019-01-31 00:00:00,1,0,2025-09-15 23:17:35,0,2025-09-15 23:17:35,,,
2018-12,5600.00,-700.00,78,2018-12-31 00:00:00,1,0,2025-09-15 23:17:35,0,2025-09-15 23:17:35,,,
2018-11,5400.00,-1100.00,79,2018-11-30 00:00:00,1,0,2025-09-15 23:17:35,0,2025-09-15 23:17:35,,,
2018-10,5700.00,-300.00,80,2018-10-31 00:00:00,1,0,2025-09-15 23:17:35,0,2025-09-15 23:17:35,,,
2018-09,5650.00,-950.00,81,2018-09-30 00:00:00,1,0,2025-09-15 23:17:35,0,2025-09-15 23:17:35,,,
2018-08,5800.00,-1400.00,82,2018-08-31 00:00:00,1,0,2025-09-15 23:17:35,0,2025-09-15 23:17:35,,,
2018-07,5600.00,-1700.00,83,2018-07-31 00:00:00,1,0,2025-09-15 23:17:35,0,2025-09-15 23:17:35,,,
2018-06,5800.00,-2000.00,84,2018-06-30 00:00:00,1,0,2025-09-15 23:17:35,0,2025-09-15 23:17:35,,,
2018-05,6050.00,-1950.00,85,2018-05-31 00:00:00,1,0,2025-09-15 23:17:35,0,2025-09-15 23:17:35,,,
2018-04,6200.00,-600.00,86,2018-04-30 00:00:00,1,0,2025-09-15 23:17:35,0,2025-09-15 23:17:35,,,
2018-03,6300.00,-1500.00,87,2018-03-31 00:00:00,1,0,2025-09-15 23:17:35,0,2025-09-15 23:17:35,,,
2018-02,6000.00,-1400.00,88,2018-02-28 00:00:00,1,0,2025-09-15 23:17:35,0,2025-09-15 23:17:35,,,
2018-01,,,89,2018-01-31 00:00:00,1,0,2025-09-15 23:17:35,0,2025-09-15 23:17:35,,,
2017-12,6300.00,-2084.00,90,2017-12-31 00:00:00,1,0,2025-09-15 23:17:35,0,2025-09-15 23:17:35,,,
2017-11,6500.00,-3034.00,91,2017-11-30 00:00:00,1,0,2025-09-15 23:17:38,0,2025-09-15 23:17:38,,,
2017-10,6000.00,-4358.00,92,2017-10-31 00:00:00,1,0,2025-09-15 23:17:38,0,2025-09-15 23:17:38,,,
2017-09,6600.00,-4257.00,93,2017-09-30 00:00:00,1,0,2025-09-15 23:17:38,0,2025-09-15 23:17:38,,,
2017-08,7200.00,-4450.00,94,2017-08-31 00:00:00,1,0,2025-09-15 23:17:38,0,2025-09-15 23:17:38,,,
2017-07,7300.00,-5643.00,95,2017-07-31 00:00:00,1,0,2025-09-15 23:17:38,0,2025-09-15 23:17:38,,,
2017-06,7800.00,-5314.00,96,2017-06-30 00:00:00,1,0,2025-09-15 23:17:38,0,2025-09-15 23:17:38,,,
2017-05,8000.00,-4229.00,97,2017-05-31 00:00:00,1,0,2025-09-15 23:17:38,0,2025-09-15 23:17:38,,,
2017-04,6800.00,-5765.00,98,2017-04-30 00:00:00,1,0,2025-09-15 23:17:38,0,2025-09-15 23:17:38,,,
2017-03,7500.00,-5083.00,99,2017-03-31 00:00:00,1,0,2025-09-15 23:17:38,0,2025-09-15 23:17:38,,,
2017-02,8500.00,-3323.00,100,2017-02-28 00:00:00,1,0,2025-09-15 23:17:38,0,2025-09-15 23:17:38,,,
2017-01,,,101,2017-01-31 00:00:00,1,0,2025-09-15 23:17:38,0,2025-09-15 23:17:38,,,
