时间,库存合计(万吨),_ID,_DATA_TIME,_ACTIVE,_CREATE_ID,_CREATE_TIME,_UPDATE_ID,_UPDATE_TIME,_REMARK,_CHANGE_LOG,_RESERVE
2024-07-18,27.40,1,2024-07-18 00:00:00,1,0,2024-07-20 11:22:09,0,2024-07-20 11:22:09,,,
2024-07-11,26.70,2,2024-07-11 00:00:00,1,0,2024-07-20 11:22:09,0,2024-07-20 11:22:09,,,
2024-07-04,29.90,3,2024-07-04 00:00:00,1,0,2024-07-20 11:22:09,0,2024-07-20 11:22:09,,,
2024-06-27,23.80,4,2024-06-27 00:00:00,1,0,2024-07-20 11:22:09,0,2024-07-20 11:22:09,,,
2024-06-20,23.10,5,2024-06-20 00:00:00,1,0,2024-07-20 11:22:09,0,2024-07-20 11:22:09,,,
2024-06-13,23.30,6,2024-06-13 00:00:00,1,0,2024-07-20 11:22:09,0,2024-07-20 11:22:09,,,
2024-06-06,23.20,7,2024-06-06 00:00:00,1,0,2024-07-20 11:22:09,0,2024-07-20 11:22:09,,,
2024-05-30,22.20,8,2024-05-30 00:00:00,1,0,2024-07-20 11:22:09,0,2024-07-20 11:22:09,,,
2024-05-23,23.10,9,2024-05-23 00:00:00,1,0,2024-07-20 11:22:09,0,2024-07-20 11:22:09,,,
2024-05-16,23.40,10,2024-05-16 00:00:00,1,0,2024-07-20 11:22:09,0,2024-07-20 11:22:09,,,
2024-05-09,93.00,11,2024-05-09 00:00:00,1,0,2024-07-20 11:22:09,0,2024-07-20 11:22:09,,,
2024-05-09,24.80,12,2024-05-09 00:00:00,1,0,2024-07-20 11:22:09,0,2024-07-20 11:22:09,,,
2024-04-25,23.50,13,2024-04-25 00:00:00,1,0,2024-07-20 11:22:09,0,2024-07-20 11:22:09,,,
2024-04-18,17.00,14,2024-04-18 00:00:00,1,0,2024-07-20 11:22:09,0,2024-07-20 11:22:09,,,
2024-04-11,16.00,15,2024-04-11 00:00:00,1,0,2024-07-20 11:22:09,0,2024-07-20 11:22:09,,,
2024-04-04,13.10,16,2024-04-04 00:00:00,1,0,2024-07-20 11:22:09,0,2024-07-20 11:22:09,,,
2024-03-28,13.90,17,2024-03-28 00:00:00,1,0,2024-07-20 11:22:09,0,2024-07-20 11:22:09,,,
2024-03-21,11.90,18,2024-03-21 00:00:00,1,0,2024-07-20 11:22:09,0,2024-07-20 11:22:09,,,
2024-03-14,12.80,19,2024-03-14 00:00:00,1,0,2024-07-20 11:22:09,0,2024-07-20 11:22:09,,,
2024-03-07,13.50,20,2024-03-07 00:00:00,1,0,2024-07-20 11:22:09,0,2024-07-20 11:22:09,,,
2024-02-29,17.50,21,2024-02-29 00:00:00,1,0,2024-07-20 11:22:09,0,2024-07-20 11:22:09,,,
2024-02-22,21.30,22,2024-02-22 00:00:00,1,0,2024-07-20 11:22:09,0,2024-07-20 11:22:09,,,
2024-02-08,30.70,23,2024-02-08 00:00:00,1,0,2024-07-20 11:22:09,0,2024-07-20 11:22:09,,,
2024-02-01,31.40,24,2024-02-01 00:00:00,1,0,2024-07-20 11:22:09,0,2024-07-20 11:22:09,,,
2024-01-25,39.30,25,2024-01-25 00:00:00,1,0,2024-07-20 11:22:09,0,2024-07-20 11:22:09,,,
2024-01-18,41.40,26,2024-01-18 00:00:00,1,0,2024-07-20 11:22:09,0,2024-07-20 11:22:09,,,
2024-01-11,51.80,27,2024-01-11 00:00:00,1,0,2024-07-20 11:22:09,0,2024-07-20 11:22:09,,,
2024-01-04,64.50,28,2024-01-04 00:00:00,1,0,2024-07-20 11:22:09,0,2024-07-20 11:22:09,,,
2023-12-28,70.80,29,2023-12-28 00:00:00,1,0,2024-07-20 11:22:09,0,2024-07-20 11:22:09,,,
2023-12-21,83.00,30,2023-12-21 00:00:00,1,0,2024-07-20 11:22:09,0,2024-07-20 11:22:09,,,
2023-12-14,96.80,31,2023-12-14 00:00:00,1,0,2024-07-20 11:22:13,0,2024-07-20 11:22:13,,,
2023-12-07,94.70,32,2023-12-07 00:00:00,1,0,2024-07-20 11:22:13,0,2024-07-20 11:22:13,,,
2023-11-30,86.50,33,2023-11-30 00:00:00,1,0,2024-07-20 11:22:13,0,2024-07-20 11:22:13,,,
2023-11-23,92.90,34,2023-11-23 00:00:00,1,0,2024-07-20 11:22:13,0,2024-07-20 11:22:13,,,
2023-11-16,98.80,35,2023-11-16 00:00:00,1,0,2024-07-20 11:22:13,0,2024-07-20 11:22:13,,,
2023-11-09,98.50,36,2023-11-09 00:00:00,1,0,2024-07-20 11:22:13,0,2024-07-20 11:22:13,,,
2023-11-02,84.50,37,2023-11-02 00:00:00,1,0,2024-07-20 11:22:13,0,2024-07-20 11:22:13,,,
2023-10-27,80.30,38,2023-10-27 00:00:00,1,0,2024-07-20 11:22:13,0,2024-07-20 11:22:13,,,
2023-10-19,72.50,39,2023-10-19 00:00:00,1,0,2024-07-20 11:22:13,0,2024-07-20 11:22:13,,,
2023-10-12,60.70,40,2023-10-12 00:00:00,1,0,2024-07-20 11:22:13,0,2024-07-20 11:22:13,,,
2023-09-21,57.80,41,2023-09-21 00:00:00,1,0,2024-07-20 11:22:13,0,2024-07-20 11:22:13,,,
2023-09-14,57.20,42,2023-09-14 00:00:00,1,0,2024-07-20 11:22:13,0,2024-07-20 11:22:13,,,
2023-09-07,59.90,43,2023-09-07 00:00:00,1,0,2024-07-20 11:22:13,0,2024-07-20 11:22:13,,,
2023-08-31,46.30,44,2023-08-31 00:00:00,1,0,2024-07-20 11:22:13,0,2024-07-20 11:22:13,,,
2023-08-24,47.50,45,2023-08-24 00:00:00,1,0,2024-07-20 11:22:13,0,2024-07-20 11:22:13,,,
2023-08-17,48.10,46,2023-08-17 00:00:00,1,0,2024-07-20 11:22:13,0,2024-07-20 11:22:13,,,
2023-08-10,48.90,47,2023-08-10 00:00:00,1,0,2024-07-20 11:22:13,0,2024-07-20 11:22:13,,,
2023-08-03,44.70,48,2023-08-03 00:00:00,1,0,2024-07-20 11:22:13,0,2024-07-20 11:22:13,,,
2023-07-27,44.30,49,2023-07-27 00:00:00,1,0,2024-07-20 11:22:13,0,2024-07-20 11:22:13,,,
2023-07-20,46.90,50,2023-07-20 00:00:00,1,0,2024-07-20 11:22:13,0,2024-07-20 11:22:13,,,
2023-07-13,67.30,51,2023-07-13 00:00:00,1,0,2024-07-20 11:22:13,0,2024-07-20 11:22:13,,,
2023-07-06,69.40,52,2023-07-06 00:00:00,1,0,2024-07-20 11:22:13,0,2024-07-20 11:22:13,,,
2023-06-29,71.70,53,2023-06-29 00:00:00,1,0,2024-07-20 11:22:13,0,2024-07-20 11:22:13,,,
2023-06-22,63.70,54,2023-06-22 00:00:00,1,0,2024-07-20 11:22:13,0,2024-07-20 11:22:13,,,
2023-06-15,60.60,55,2023-06-15 00:00:00,1,0,2024-07-20 11:22:13,0,2024-07-20 11:22:13,,,
2023-06-08,53.90,56,2023-06-08 00:00:00,1,0,2024-07-20 11:22:13,0,2024-07-20 11:22:13,,,
2023-06-01,48.60,57,2023-06-01 00:00:00,1,0,2024-07-20 11:22:13,0,2024-07-20 11:22:13,,,
2023-05-25,45.70,58,2023-05-25 00:00:00,1,0,2024-07-20 11:22:13,0,2024-07-20 11:22:13,,,
2023-05-18,41.80,59,2023-05-18 00:00:00,1,0,2024-07-20 11:22:13,0,2024-07-20 11:22:13,,,
2023-05-18,41.80,60,2023-05-18 00:00:00,1,0,2024-07-20 11:22:13,0,2024-07-20 11:22:13,,,
2023-05-11,40.70,61,2023-05-11 00:00:00,1,0,2024-07-20 11:22:16,0,2024-07-20 11:22:16,,,
2023-05-04,37.40,62,2023-05-04 00:00:00,1,0,2024-07-20 11:22:16,0,2024-07-20 11:22:16,,,
2023-04-27,39.90,63,2023-04-27 00:00:00,1,0,2024-07-20 11:22:16,0,2024-07-20 11:22:16,,,
2023-04-20,41.80,64,2023-04-20 00:00:00,1,0,2024-07-20 11:22:16,0,2024-07-20 11:22:16,,,
2023-04-13,46.50,65,2023-04-13 00:00:00,1,0,2024-07-20 11:22:16,0,2024-07-20 11:22:16,,,
2023-04-06,42.30,66,2023-04-06 00:00:00,1,0,2024-07-20 11:22:16,0,2024-07-20 11:22:16,,,
2023-03-30,35.50,67,2023-03-30 00:00:00,1,0,2024-07-20 11:22:16,0,2024-07-20 11:22:16,,,
2023-03-23,39.70,68,2023-03-23 00:00:00,1,0,2024-07-20 11:22:16,0,2024-07-20 11:22:16,,,
2023-03-16,42.60,69,2023-03-16 00:00:00,1,0,2024-07-20 11:22:16,0,2024-07-20 11:22:16,,,
2023-03-09,42.00,70,2023-03-09 00:00:00,1,0,2024-07-20 11:22:16,0,2024-07-20 11:22:16,,,
2023-03-02,35.70,71,2023-03-02 00:00:00,1,0,2024-07-20 11:22:16,0,2024-07-20 11:22:16,,,
2023-02-23,38.90,72,2023-02-23 00:00:00,1,0,2024-07-20 11:22:16,0,2024-07-20 11:22:16,,,
2023-02-16,41.30,73,2023-02-16 00:00:00,1,0,2024-07-20 11:22:16,0,2024-07-20 11:22:16,,,
2023-02-09,40.00,74,2023-02-09 00:00:00,1,0,2024-07-20 11:22:16,0,2024-07-20 11:22:16,,,
2023-02-02,36.90,75,2023-02-02 00:00:00,1,0,2024-07-20 11:22:16,0,2024-07-20 11:22:16,,,
2023-01-19,38.00,76,2023-01-19 00:00:00,1,0,2024-07-20 11:22:16,0,2024-07-20 11:22:16,,,
2023-01-12,37.10,77,2023-01-12 00:00:00,1,0,2024-07-20 11:22:16,0,2024-07-20 11:22:16,,,
2023-01-05,45.50,78,2023-01-05 00:00:00,1,0,2024-07-20 11:22:16,0,2024-07-20 11:22:16,,,
2022-12-29,44.00,79,2022-12-29 00:00:00,1,0,2024-07-20 11:22:16,0,2024-07-20 11:22:16,,,
2022-12-22,47.70,80,2022-12-22 00:00:00,1,0,2024-07-20 11:22:16,0,2024-07-20 11:22:16,,,
2022-12-15,61.60,81,2022-12-15 00:00:00,1,0,2024-07-20 11:22:16,0,2024-07-20 11:22:16,,,
2022-12-08,65.60,82,2022-12-08 00:00:00,1,0,2024-07-20 11:22:16,0,2024-07-20 11:22:16,,,
2022-12-01,70.70,83,2022-12-01 00:00:00,1,0,2024-07-20 11:22:16,0,2024-07-20 11:22:16,,,
2022-11-24,71.70,84,2022-11-24 00:00:00,1,0,2024-07-20 11:22:16,0,2024-07-20 11:22:16,,,
2022-11-17,74.80,85,2022-11-17 00:00:00,1,0,2024-07-20 11:22:16,0,2024-07-20 11:22:16,,,
2022-11-10,66.80,86,2022-11-10 00:00:00,1,0,2024-07-20 11:22:16,0,2024-07-20 11:22:16,,,
2022-11-03,56.40,87,2022-11-03 00:00:00,1,0,2024-07-20 11:22:16,0,2024-07-20 11:22:16,,,
2022-10-27,56.10,88,2022-10-27 00:00:00,1,0,2024-07-20 11:22:16,0,2024-07-20 11:22:16,,,
2022-10-20,53.20,89,2022-10-20 00:00:00,1,0,2024-07-20 11:22:16,0,2024-07-20 11:22:16,,,
2022-10-13,65.50,90,2022-10-13 00:00:00,1,0,2024-07-20 11:22:16,0,2024-07-20 11:22:16,,,
2022-09-29,60.80,91,2022-09-29 00:00:00,1,0,2024-07-20 11:22:20,0,2024-07-20 11:22:20,,,
2022-09-22,65.50,92,2022-09-22 00:00:00,1,0,2024-07-20 11:22:20,0,2024-07-20 11:22:20,,,
2022-09-15,57.70,93,2022-09-15 00:00:00,1,0,2024-07-20 11:22:20,0,2024-07-20 11:22:20,,,
2022-09-08,57.70,94,2022-09-08 00:00:00,1,0,2024-07-20 11:22:20,0,2024-07-20 11:22:20,,,
2022-09-01,54.50,95,2022-09-01 00:00:00,1,0,2024-07-20 11:22:20,0,2024-07-20 11:22:20,,,
2022-08-25,51.80,96,2022-08-25 00:00:00,1,0,2024-07-20 11:22:20,0,2024-07-20 11:22:20,,,
2022-08-18,42.30,97,2022-08-18 00:00:00,1,0,2024-07-20 11:22:20,0,2024-07-20 11:22:20,,,
2022-08-11,27.40,98,2022-08-11 00:00:00,1,0,2024-07-20 11:22:20,0,2024-07-20 11:22:20,,,
2022-08-04,29.30,99,2022-08-04 00:00:00,1,0,2024-07-20 11:22:20,0,2024-07-20 11:22:20,,,
2022-07-28,34.70,100,2022-07-28 00:00:00,1,0,2024-07-20 11:22:20,0,2024-07-20 11:22:20,,,
2022-07-21,28.20,101,2022-07-21 00:00:00,1,0,2024-07-20 11:22:20,0,2024-07-20 11:22:20,,,
2022-07-14,17.50,102,2022-07-14 00:00:00,1,0,2024-07-20 11:22:20,0,2024-07-20 11:22:20,,,
2022-07-07,21.10,103,2022-07-07 00:00:00,1,0,2024-07-20 11:22:20,0,2024-07-20 11:22:20,,,
2022-06-30,20.00,104,2022-06-30 00:00:00,1,0,2024-07-20 11:22:20,0,2024-07-20 11:22:20,,,
2022-06-23,22.30,105,2022-06-23 00:00:00,1,0,2024-07-20 11:22:20,0,2024-07-20 11:22:20,,,
2022-06-16,38.50,106,2022-06-16 00:00:00,1,0,2024-07-20 11:22:20,0,2024-07-20 11:22:20,,,
2022-06-09,33.90,107,2022-06-09 00:00:00,1,0,2024-07-20 11:22:20,0,2024-07-20 11:22:20,,,
2022-06-02,34.70,108,2022-06-02 00:00:00,1,0,2024-07-20 11:22:20,0,2024-07-20 11:22:20,,,
2022-05-26,29.30,109,2022-05-26 00:00:00,1,0,2024-07-20 11:22:20,0,2024-07-20 11:22:20,,,
2022-05-19,32.20,110,2022-05-19 00:00:00,1,0,2024-07-20 11:22:20,0,2024-07-20 11:22:20,,,
2022-05-12,24.70,111,2022-05-12 00:00:00,1,0,2024-07-20 11:22:20,0,2024-07-20 11:22:20,,,
2022-05-05,21.20,112,2022-05-05 00:00:00,1,0,2024-07-20 11:22:20,0,2024-07-20 11:22:20,,,
2022-04-28,23.10,113,2022-04-28 00:00:00,1,0,2024-07-20 11:22:20,0,2024-07-20 11:22:20,,,
2022-04-21,27.60,114,2022-04-21 00:00:00,1,0,2024-07-20 11:22:20,0,2024-07-20 11:22:20,,,
2022-04-14,24.00,115,2022-04-14 00:00:00,1,0,2024-07-20 11:22:20,0,2024-07-20 11:22:20,,,
2022-04-07,20.30,116,2022-04-07 00:00:00,1,0,2024-07-20 11:22:20,0,2024-07-20 11:22:20,,,
2022-03-31,22.40,117,2022-03-31 00:00:00,1,0,2024-07-20 11:22:20,0,2024-07-20 11:22:20,,,
2022-03-24,28.20,118,2022-03-24 00:00:00,1,0,2024-07-20 11:22:20,0,2024-07-20 11:22:20,,,
2022-03-17,30.80,119,2022-03-17 00:00:00,1,0,2024-07-20 11:22:20,0,2024-07-20 11:22:20,,,
2022-03-10,22.70,120,2022-03-10 00:00:00,1,0,2024-07-20 11:22:20,0,2024-07-20 11:22:20,,,
2022-02-24,30.00,121,2022-02-24 00:00:00,1,0,2024-07-20 11:22:23,0,2024-07-20 11:22:23,,,
2022-02-17,31.00,122,2022-02-17 00:00:00,1,0,2024-07-20 11:22:23,0,2024-07-20 11:22:23,,,
2022-02-10,44.00,123,2022-02-10 00:00:00,1,0,2024-07-20 11:22:23,0,2024-07-20 11:22:23,,,
2022-01-27,73.00,124,2022-01-27 00:00:00,1,0,2024-07-20 11:22:23,0,2024-07-20 11:22:23,,,
2022-01-20,90.70,125,2022-01-20 00:00:00,1,0,2024-07-20 11:22:23,0,2024-07-20 11:22:23,,,
2022-01-13,103.90,126,2022-01-13 00:00:00,1,0,2024-07-20 11:22:23,0,2024-07-20 11:22:23,,,
2022-01-06,119.90,127,2022-01-06 00:00:00,1,0,2024-07-20 11:22:23,0,2024-07-20 11:22:23,,,
2021-12-30,137.00,128,2021-12-30 00:00:00,1,0,2024-07-20 11:22:23,0,2024-07-20 11:22:23,,,
2021-12-23,126.70,129,2021-12-23 00:00:00,1,0,2024-07-20 11:22:23,0,2024-07-20 11:22:23,,,
2021-12-16,147.80,130,2021-12-16 00:00:00,1,0,2024-07-20 11:22:23,0,2024-07-20 11:22:23,,,
2021-12-09,163.10,131,2021-12-09 00:00:00,1,0,2024-07-20 11:22:23,0,2024-07-20 11:22:23,,,
2021-12-02,182.50,132,2021-12-02 00:00:00,1,0,2024-07-20 11:22:23,0,2024-07-20 11:22:23,,,
2021-11-25,168.00,133,2021-11-25 00:00:00,1,0,2024-07-20 11:22:23,0,2024-07-20 11:22:23,,,
2021-11-18,174.60,134,2021-11-18 00:00:00,1,0,2024-07-20 11:22:23,0,2024-07-20 11:22:23,,,
2021-11-11,172.50,135,2021-11-11 00:00:00,1,0,2024-07-20 11:22:23,0,2024-07-20 11:22:23,,,
2021-11-04,172.50,136,2021-11-04 00:00:00,1,0,2024-07-20 11:22:23,0,2024-07-20 11:22:23,,,
2021-10-28,160.90,137,2021-10-28 00:00:00,1,0,2024-07-20 11:22:23,0,2024-07-20 11:22:23,,,
2021-10-21,157.50,138,2021-10-21 00:00:00,1,0,2024-07-20 11:22:23,0,2024-07-20 11:22:23,,,
2021-10-14,143.50,139,2021-10-14 00:00:00,1,0,2024-07-20 11:22:23,0,2024-07-20 11:22:23,,,
2021-09-30,113.40,140,2021-09-30 00:00:00,1,0,2024-07-20 11:22:23,0,2024-07-20 11:22:23,,,
2021-09-23,89.00,141,2021-09-23 00:00:00,1,0,2024-07-20 11:22:23,0,2024-07-20 11:22:23,,,
2021-09-16,61.30,142,2021-09-16 00:00:00,1,0,2024-07-20 11:22:23,0,2024-07-20 11:22:23,,,
2021-09-09,56.30,143,2021-09-09 00:00:00,1,0,2024-07-20 11:22:23,0,2024-07-20 11:22:23,,,
2021-09-02,60.40,144,2021-09-02 00:00:00,1,0,2024-07-20 11:22:23,0,2024-07-20 11:22:23,,,
2021-08-26,56.40,145,2021-08-26 00:00:00,1,0,2024-07-20 11:22:23,0,2024-07-20 11:22:23,,,
2021-08-19,47.20,146,2021-08-19 00:00:00,1,0,2024-07-20 11:22:23,0,2024-07-20 11:22:23,,,
2021-08-12,42.50,147,2021-08-12 00:00:00,1,0,2024-07-20 11:22:23,0,2024-07-20 11:22:23,,,
2021-08-05,36.10,148,2021-08-05 00:00:00,1,0,2024-07-20 11:22:23,0,2024-07-20 11:22:23,,,
2021-07-29,39.70,149,2021-07-29 00:00:00,1,0,2024-07-20 11:22:23,0,2024-07-20 11:22:23,,,
2021-07-22,33.60,150,2021-07-22 00:00:00,1,0,2024-07-20 11:22:23,0,2024-07-20 11:22:23,,,
2021-07-15,32.10,151,2021-07-15 00:00:00,1,0,2024-07-20 11:22:26,0,2024-07-20 11:22:26,,,
2021-07-08,32.10,152,2021-07-08 00:00:00,1,0,2024-07-20 11:22:26,0,2024-07-20 11:22:26,,,
2021-07-01,31.50,153,2021-07-01 00:00:00,1,0,2024-07-20 11:22:26,0,2024-07-20 11:22:26,,,
2021-06-24,26.40,154,2021-06-24 00:00:00,1,0,2024-07-20 11:22:26,0,2024-07-20 11:22:26,,,
2021-06-17,28.70,155,2021-06-17 00:00:00,1,0,2024-07-20 11:22:26,0,2024-07-20 11:22:26,,,
2021-06-10,28.90,156,2021-06-10 00:00:00,1,0,2024-07-20 11:22:26,0,2024-07-20 11:22:26,,,
2021-06-03,21.90,157,2021-06-03 00:00:00,1,0,2024-07-20 11:22:26,0,2024-07-20 11:22:26,,,
2021-05-27,18.60,158,2021-05-27 00:00:00,1,0,2024-07-20 11:22:26,0,2024-07-20 11:22:26,,,
2021-05-20,18.30,159,2021-05-20 00:00:00,1,0,2024-07-20 11:22:26,0,2024-07-20 11:22:26,,,
2021-05-13,22.00,160,2021-05-13 00:00:00,1,0,2024-07-20 11:22:26,0,2024-07-20 11:22:26,,,
2021-05-06,14.00,161,2021-05-06 00:00:00,1,0,2024-07-20 11:22:26,0,2024-07-20 11:22:26,,,
2021-04-29,14.00,162,2021-04-29 00:00:00,1,0,2024-07-20 11:22:26,0,2024-07-20 11:22:26,,,
2021-04-22,17.00,163,2021-04-22 00:00:00,1,0,2024-07-20 11:22:26,0,2024-07-20 11:22:26,,,
2021-04-15,18.00,164,2021-04-15 00:00:00,1,0,2024-07-20 11:22:26,0,2024-07-20 11:22:26,,,
2021-04-08,20.00,165,2021-04-08 00:00:00,1,0,2024-07-20 11:22:26,0,2024-07-20 11:22:26,,,
2021-04-01,23.00,166,2021-04-01 00:00:00,1,0,2024-07-20 11:22:26,0,2024-07-20 11:22:26,,,
2021-03-25,26.00,167,2021-03-25 00:00:00,1,0,2024-07-20 11:22:26,0,2024-07-20 11:22:26,,,
2021-03-18,22.00,168,2021-03-18 00:00:00,1,0,2024-07-20 11:22:26,0,2024-07-20 11:22:26,,,
2021-03-11,23.00,169,2021-03-11 00:00:00,1,0,2024-07-20 11:22:26,0,2024-07-20 11:22:26,,,
2021-03-04,37.00,170,2021-03-04 00:00:00,1,0,2024-07-20 11:22:26,0,2024-07-20 11:22:26,,,
2021-02-25,46.00,171,2021-02-25 00:00:00,1,0,2024-07-20 11:22:26,0,2024-07-20 11:22:26,,,
2021-02-18,110.00,172,2021-02-18 00:00:00,1,0,2024-07-20 11:22:26,0,2024-07-20 11:22:26,,,
2021-02-04,110.00,173,2021-02-04 00:00:00,1,0,2024-07-20 11:22:26,0,2024-07-20 11:22:26,,,
2021-01-28,151.00,174,2021-01-28 00:00:00,1,0,2024-07-20 11:22:26,0,2024-07-20 11:22:26,,,
2021-01-21,147.00,175,2021-01-21 00:00:00,1,0,2024-07-20 11:22:26,0,2024-07-20 11:22:26,,,
2021-01-14,63.00,176,2021-01-14 00:00:00,1,0,2024-07-20 11:22:26,0,2024-07-20 11:22:26,,,
2021-01-07,51.00,177,2021-01-07 00:00:00,1,0,2024-07-20 11:22:26,0,2024-07-20 11:22:26,,,
2020-12-31,40.00,178,2020-12-31 00:00:00,1,0,2024-07-20 11:22:26,0,2024-07-20 11:22:26,,,
2020-12-24,43.00,179,2020-12-24 00:00:00,1,0,2024-07-20 11:22:26,0,2024-07-20 11:22:26,,,
2020-12-17,46.00,180,2020-12-17 00:00:00,1,0,2024-07-20 11:22:26,0,2024-07-20 11:22:26,,,
2020-12-10,40.00,181,2020-12-10 00:00:00,1,0,2024-07-20 11:22:30,0,2024-07-20 11:22:30,,,
2020-12-03,35.00,182,2020-12-03 00:00:00,1,0,2024-07-20 11:22:30,0,2024-07-20 11:22:30,,,
2020-11-26,31.00,183,2020-11-26 00:00:00,1,0,2024-07-20 11:22:30,0,2024-07-20 11:22:30,,,
2020-11-19,28.00,184,2020-11-19 00:00:00,1,0,2024-07-20 11:22:30,0,2024-07-20 11:22:30,,,
2020-11-12,17.70,185,2020-11-12 00:00:00,1,0,2024-07-20 11:22:30,0,2024-07-20 11:22:30,,,
2020-11-05,16.50,186,2020-11-05 00:00:00,1,0,2024-07-20 11:22:30,0,2024-07-20 11:22:30,,,
2020-10-29,18.90,187,2020-10-29 00:00:00,1,0,2024-07-20 11:22:30,0,2024-07-20 11:22:30,,,
2020-10-22,20.60,188,2020-10-22 00:00:00,1,0,2024-07-20 11:22:30,0,2024-07-20 11:22:30,,,
2020-10-15,22.40,189,2020-10-15 00:00:00,1,0,2024-07-20 11:22:30,0,2024-07-20 11:22:30,,,
2020-10-08,16.40,190,2020-10-08 00:00:00,1,0,2024-07-20 11:22:30,0,2024-07-20 11:22:30,,,
2020-09-24,16.80,191,2020-09-24 00:00:00,1,0,2024-07-20 11:22:30,0,2024-07-20 11:22:30,,,
2020-09-17,20.00,192,2020-09-17 00:00:00,1,0,2024-07-20 11:22:30,0,2024-07-20 11:22:30,,,
2020-09-10,16.70,193,2020-09-10 00:00:00,1,0,2024-07-20 11:22:30,0,2024-07-20 11:22:30,,,
2020-09-03,2.50,194,2020-09-03 00:00:00,1,0,2024-07-20 11:22:30,0,2024-07-20 11:22:30,,,
2020-08-27,2.20,195,2020-08-27 00:00:00,1,0,2024-07-20 11:22:30,0,2024-07-20 11:22:30,,,
2020-08-20,2.60,196,2020-08-20 00:00:00,1,0,2024-07-20 11:22:30,0,2024-07-20 11:22:30,,,
2020-08-13,2.00,197,2020-08-13 00:00:00,1,0,2024-07-20 11:22:30,0,2024-07-20 11:22:30,,,
2020-08-06,2.20,198,2020-08-06 00:00:00,1,0,2024-07-20 11:22:30,0,2024-07-20 11:22:30,,,
2020-07-30,2.50,199,2020-07-30 00:00:00,1,0,2024-07-20 11:22:30,0,2024-07-20 11:22:30,,,
2020-07-23,3.30,200,2020-07-23 00:00:00,1,0,2024-07-20 11:22:30,0,2024-07-20 11:22:30,,,
2020-07-16,4.60,201,2020-07-16 00:00:00,1,0,2024-07-20 11:22:30,0,2024-07-20 11:22:30,,,
2020-07-09,8.70,202,2020-07-09 00:00:00,1,0,2024-07-20 11:22:30,0,2024-07-20 11:22:30,,,
2020-07-02,11.40,203,2020-07-02 00:00:00,1,0,2024-07-20 11:22:30,0,2024-07-20 11:22:30,,,
2020-06-18,13.60,204,2020-06-18 00:00:00,1,0,2024-07-20 11:22:30,0,2024-07-20 11:22:30,,,
2020-06-11,11.20,205,2020-06-11 00:00:00,1,0,2024-07-20 11:22:30,0,2024-07-20 11:22:30,,,
2020-06-04,9.50,206,2020-06-04 00:00:00,1,0,2024-07-20 11:22:30,0,2024-07-20 11:22:30,,,
2020-05-28,4.50,207,2020-05-28 00:00:00,1,0,2024-07-20 11:22:30,0,2024-07-20 11:22:30,,,
2020-05-21,3.00,208,2020-05-21 00:00:00,1,0,2024-07-20 11:22:30,0,2024-07-20 11:22:30,,,
2020-05-14,3.70,209,2020-05-14 00:00:00,1,0,2024-07-20 11:22:30,0,2024-07-20 11:22:30,,,
2020-05-07,3.30,210,2020-05-07 00:00:00,1,0,2024-07-20 11:22:30,0,2024-07-20 11:22:30,,,
2020-04-30,3.00,211,2020-04-30 00:00:00,1,0,2024-07-20 11:22:32,0,2024-07-20 11:22:32,,,
2020-04-23,4.70,212,2020-04-23 00:00:00,1,0,2024-07-20 11:22:32,0,2024-07-20 11:22:32,,,
2020-04-16,7.00,213,2020-04-16 00:00:00,1,0,2024-07-20 11:22:32,0,2024-07-20 11:22:32,,,
2020-04-09,6.20,214,2020-04-09 00:00:00,1,0,2024-07-20 11:22:32,0,2024-07-20 11:22:32,,,
2020-04-02,6.00,215,2020-04-02 00:00:00,1,0,2024-07-20 11:22:32,0,2024-07-20 11:22:32,,,
2020-03-26,4.20,216,2020-03-26 00:00:00,1,0,2024-07-20 11:22:32,0,2024-07-20 11:22:32,,,
2020-03-19,5.00,217,2020-03-19 00:00:00,1,0,2024-07-20 11:22:32,0,2024-07-20 11:22:32,,,
2020-03-12,4.40,218,2020-03-12 00:00:00,1,0,2024-07-20 11:22:32,0,2024-07-20 11:22:32,,,
2020-03-05,5.00,219,2020-03-05 00:00:00,1,0,2024-07-20 11:22:32,0,2024-07-20 11:22:32,,,
2020-02-27,4.30,220,2020-02-27 00:00:00,1,0,2024-07-20 11:22:32,0,2024-07-20 11:22:32,,,
2020-02-20,9.60,221,2020-02-20 00:00:00,1,0,2024-07-20 11:22:32,0,2024-07-20 11:22:32,,,
2020-02-13,10.20,222,2020-02-13 00:00:00,1,0,2024-07-20 11:22:32,0,2024-07-20 11:22:32,,,
2020-02-06,20.00,223,2020-02-06 00:00:00,1,0,2024-07-20 11:22:32,0,2024-07-20 11:22:32,,,
2020-01-16,22.90,224,2020-01-16 00:00:00,1,0,2024-07-20 11:22:32,0,2024-07-20 11:22:32,,,
2020-01-09,16.00,225,2020-01-09 00:00:00,1,0,2024-07-20 11:22:32,0,2024-07-20 11:22:32,,,
2020-01-02,16.50,226,2020-01-02 00:00:00,1,0,2024-07-20 11:22:32,0,2024-07-20 11:22:32,,,
2020-01-02,16.50,227,2020-01-02 00:00:00,1,0,2024-07-20 11:22:32,0,2024-07-20 11:22:32,,,
2019-12-26,20.60,228,2019-12-26 00:00:00,1,0,2024-07-20 11:22:32,0,2024-07-20 11:22:32,,,
2019-12-26,20.60,229,2019-12-26 00:00:00,1,0,2024-07-20 11:22:32,0,2024-07-20 11:22:32,,,
2019-12-19,24.00,230,2019-12-19 00:00:00,1,0,2024-07-20 11:22:32,0,2024-07-20 11:22:32,,,
2019-12-12,25.00,231,2019-12-12 00:00:00,1,0,2024-07-20 11:22:32,0,2024-07-20 11:22:32,,,
2019-12-05,25.00,232,2019-12-05 00:00:00,1,0,2024-07-20 11:22:32,0,2024-07-20 11:22:32,,,
2019-11-28,31.00,233,2019-11-28 00:00:00,1,0,2024-07-20 11:22:32,0,2024-07-20 11:22:32,,,
2019-11-21,32.00,234,2019-11-21 00:00:00,1,0,2024-07-20 11:22:32,0,2024-07-20 11:22:32,,,
2019-11-14,33.00,235,2019-11-14 00:00:00,1,0,2024-07-20 11:22:32,0,2024-07-20 11:22:32,,,
2019-11-07,36.00,236,2019-11-07 00:00:00,1,0,2024-07-20 11:22:32,0,2024-07-20 11:22:32,,,
2019-10-31,39.00,237,2019-10-31 00:00:00,1,0,2024-07-20 11:22:32,0,2024-07-20 11:22:32,,,
2019-10-24,35.60,238,2019-10-24 00:00:00,1,0,2024-07-20 11:22:32,0,2024-07-20 11:22:32,,,
2019-10-17,39.30,239,2019-10-17 00:00:00,1,0,2024-07-20 11:22:32,0,2024-07-20 11:22:32,,,
2019-10-10,49.60,240,2019-10-10 00:00:00,1,0,2024-07-20 11:22:32,0,2024-07-20 11:22:32,,,
2019-09-26,50.00,241,2019-09-26 00:00:00,1,0,2024-07-20 11:22:36,0,2024-07-20 11:22:36,,,
2019-09-19,49.80,242,2019-09-19 00:00:00,1,0,2024-07-20 11:22:36,0,2024-07-20 11:22:36,,,
2019-09-12,51.50,243,2019-09-12 00:00:00,1,0,2024-07-20 11:22:36,0,2024-07-20 11:22:36,,,
2019-09-05,57.50,244,2019-09-05 00:00:00,1,0,2024-07-20 11:22:36,0,2024-07-20 11:22:36,,,
2019-08-29,60.40,245,2019-08-29 00:00:00,1,0,2024-07-20 11:22:36,0,2024-07-20 11:22:36,,,
2019-08-22,54.00,246,2019-08-22 00:00:00,1,0,2024-07-20 11:22:36,0,2024-07-20 11:22:36,,,
2019-08-15,54.00,247,2019-08-15 00:00:00,1,0,2024-07-20 11:22:36,0,2024-07-20 11:22:36,,,
2019-08-15,54.00,248,2019-08-15 00:00:00,1,0,2024-07-20 11:22:36,0,2024-07-20 11:22:36,,,
2019-08-08,52.00,249,2019-08-08 00:00:00,1,0,2024-07-20 11:22:36,0,2024-07-20 11:22:36,,,
2019-08-01,53.00,250,2019-08-01 00:00:00,1,0,2024-07-20 11:22:36,0,2024-07-20 11:22:36,,,
2019-07-25,55.60,251,2019-07-25 00:00:00,1,0,2024-07-20 11:22:36,0,2024-07-20 11:22:36,,,
2019-07-18,64.90,252,2019-07-18 00:00:00,1,0,2024-07-20 11:22:36,0,2024-07-20 11:22:36,,,
2019-07-11,64.90,253,2019-07-11 00:00:00,1,0,2024-07-20 11:22:36,0,2024-07-20 11:22:36,,,
2019-07-04,66.30,254,2019-07-04 00:00:00,1,0,2024-07-20 11:22:36,0,2024-07-20 11:22:36,,,
2019-06-27,64.30,255,2019-06-27 00:00:00,1,0,2024-07-20 11:22:36,0,2024-07-20 11:22:36,,,
2019-06-20,62.70,256,2019-06-20 00:00:00,1,0,2024-07-20 11:22:36,0,2024-07-20 11:22:36,,,
2019-06-13,64.30,257,2019-06-13 00:00:00,1,0,2024-07-20 11:22:36,0,2024-07-20 11:22:36,,,
2019-06-06,64.10,258,2019-06-06 00:00:00,1,0,2024-07-20 11:22:36,0,2024-07-20 11:22:36,,,
2019-05-30,69.50,259,2019-05-30 00:00:00,1,0,2024-07-20 11:22:36,0,2024-07-20 11:22:36,,,
2019-05-23,70.00,260,2019-05-23 00:00:00,1,0,2024-07-20 11:22:36,0,2024-07-20 11:22:36,,,
2019-05-16,82.80,261,2019-05-16 00:00:00,1,0,2024-07-20 11:22:36,0,2024-07-20 11:22:36,,,
2019-05-09,86.00,262,2019-05-09 00:00:00,1,0,2024-07-20 11:22:36,0,2024-07-20 11:22:36,,,
2019-04-25,69.70,263,2019-04-25 00:00:00,1,0,2024-07-20 11:22:36,0,2024-07-20 11:22:36,,,
2019-04-18,60.80,264,2019-04-18 00:00:00,1,0,2024-07-20 11:22:36,0,2024-07-20 11:22:36,,,
2019-04-11,53.50,265,2019-04-11 00:00:00,1,0,2024-07-20 11:22:36,0,2024-07-20 11:22:36,,,
2019-04-04,47.00,266,2019-04-04 00:00:00,1,0,2024-07-20 11:22:36,0,2024-07-20 11:22:36,,,
2019-03-28,48.10,267,2019-03-28 00:00:00,1,0,2024-07-20 11:22:36,0,2024-07-20 11:22:36,,,
2019-03-21,53.10,268,2019-03-21 00:00:00,1,0,2024-07-20 11:22:36,0,2024-07-20 11:22:36,,,
2019-03-14,53.60,269,2019-03-14 00:00:00,1,0,2024-07-20 11:22:36,0,2024-07-20 11:22:36,,,
2019-03-07,40.90,270,2019-03-07 00:00:00,1,0,2024-07-20 11:22:36,0,2024-07-20 11:22:36,,,
2019-03-07,40.90,271,2019-03-07 00:00:00,1,0,2024-07-20 11:22:38,0,2024-07-20 11:22:38,,,
2019-02-28,46.00,272,2019-02-28 00:00:00,1,0,2024-07-20 11:22:38,0,2024-07-20 11:22:38,,,
2019-02-21,47.50,273,2019-02-21 00:00:00,1,0,2024-07-20 11:22:38,0,2024-07-20 11:22:38,,,
2019-02-14,44.70,274,2019-02-14 00:00:00,1,0,2024-07-20 11:22:38,0,2024-07-20 11:22:38,,,
2019-01-31,72.00,275,2019-01-31 00:00:00,1,0,2024-07-20 11:22:38,0,2024-07-20 11:22:38,,,
2019-01-24,74.00,276,2019-01-24 00:00:00,1,0,2024-07-20 11:22:38,0,2024-07-20 11:22:38,,,
2019-01-17,70.00,277,2019-01-17 00:00:00,1,0,2024-07-20 11:22:38,0,2024-07-20 11:22:38,,,
2019-01-10,78.60,278,2019-01-10 00:00:00,1,0,2024-07-20 11:22:38,0,2024-07-20 11:22:38,,,
2019-01-03,63.00,279,2019-01-03 00:00:00,1,0,2024-07-20 11:22:38,0,2024-07-20 11:22:38,,,
2018-12-27,75.00,280,2018-12-27 00:00:00,1,0,2024-07-20 11:22:38,0,2024-07-20 11:22:38,,,
2018-12-20,90.00,281,2018-12-20 00:00:00,1,0,2024-07-20 11:22:38,0,2024-07-20 11:22:38,,,
2018-12-13,70.00,282,2018-12-13 00:00:00,1,0,2024-07-20 11:22:38,0,2024-07-20 11:22:38,,,
2018-12-06,75.00,283,2018-12-06 00:00:00,1,0,2024-07-20 11:22:38,0,2024-07-20 11:22:38,,,
2018-11-29,76.00,284,2018-11-29 00:00:00,1,0,2024-07-20 11:22:38,0,2024-07-20 11:22:38,,,
2018-11-22,76.00,285,2018-11-22 00:00:00,1,0,2024-07-20 11:22:38,0,2024-07-20 11:22:38,,,
2018-11-15,74.00,286,2018-11-15 00:00:00,1,0,2024-07-20 11:22:38,0,2024-07-20 11:22:38,,,
2018-11-08,70.00,287,2018-11-08 00:00:00,1,0,2024-07-20 11:22:38,0,2024-07-20 11:22:38,,,
2018-11-01,75.00,288,2018-11-01 00:00:00,1,0,2024-07-20 11:22:38,0,2024-07-20 11:22:38,,,
2018-10-25,72.00,289,2018-10-25 00:00:00,1,0,2024-07-20 11:22:38,0,2024-07-20 11:22:38,,,
2018-10-18,65.00,290,2018-10-18 00:00:00,1,0,2024-07-20 11:22:38,0,2024-07-20 11:22:38,,,
2018-10-11,45.00,291,2018-10-11 00:00:00,1,0,2024-07-20 11:22:38,0,2024-07-20 11:22:38,,,
2018-09-27,39.00,292,2018-09-27 00:00:00,1,0,2024-07-20 11:22:38,0,2024-07-20 11:22:38,,,
2018-09-20,41.00,293,2018-09-20 00:00:00,1,0,2024-07-20 11:22:38,0,2024-07-20 11:22:38,,,
2018-09-13,48.00,294,2018-09-13 00:00:00,1,0,2024-07-20 11:22:38,0,2024-07-20 11:22:38,,,
2018-09-06,47.00,295,2018-09-06 00:00:00,1,0,2024-07-20 11:22:38,0,2024-07-20 11:22:38,,,
2018-08-30,45.00,296,2018-08-30 00:00:00,1,0,2024-07-20 11:22:38,0,2024-07-20 11:22:38,,,
2018-08-23,43.00,297,2018-08-23 00:00:00,1,0,2024-07-20 11:22:38,0,2024-07-20 11:22:38,,,
2018-08-16,58.00,298,2018-08-16 00:00:00,1,0,2024-07-20 11:22:38,0,2024-07-20 11:22:38,,,
2018-08-09,63.00,299,2018-08-09 00:00:00,1,0,2024-07-20 11:22:38,0,2024-07-20 11:22:38,,,
2018-08-02,66.00,300,2018-08-02 00:00:00,1,0,2024-07-20 11:22:38,0,2024-07-20 11:22:38,,,
2018-07-26,57.00,301,2018-07-26 00:00:00,1,0,2024-07-20 11:22:42,0,2024-07-20 11:22:42,,,
2018-07-19,59.00,302,2018-07-19 00:00:00,1,0,2024-07-20 11:22:42,0,2024-07-20 11:22:42,,,
2018-07-12,56.00,303,2018-07-12 00:00:00,1,0,2024-07-20 11:22:42,0,2024-07-20 11:22:42,,,
2018-07-05,65.00,304,2018-07-05 00:00:00,1,0,2024-07-20 11:22:42,0,2024-07-20 11:22:42,,,
2018-06-28,67.00,305,2018-06-28 00:00:00,1,0,2024-07-20 11:22:42,0,2024-07-20 11:22:42,,,
2018-06-21,69.00,306,2018-06-21 00:00:00,1,0,2024-07-20 11:22:42,0,2024-07-20 11:22:42,,,
2018-06-14,67.00,307,2018-06-14 00:00:00,1,0,2024-07-20 11:22:42,0,2024-07-20 11:22:42,,,
2018-06-07,70.00,308,2018-06-07 00:00:00,1,0,2024-07-20 11:22:42,0,2024-07-20 11:22:42,,,
2018-05-31,79.00,309,2018-05-31 00:00:00,1,0,2024-07-20 11:22:42,0,2024-07-20 11:22:42,,,
2018-05-24,70.00,310,2018-05-24 00:00:00,1,0,2024-07-20 11:22:42,0,2024-07-20 11:22:42,,,
2018-05-17,68.00,311,2018-05-17 00:00:00,1,0,2024-07-20 11:22:42,0,2024-07-20 11:22:42,,,
2018-05-10,43.00,312,2018-05-10 00:00:00,1,0,2024-07-20 11:22:42,0,2024-07-20 11:22:42,,,
2018-05-03,46.00,313,2018-05-03 00:00:00,1,0,2024-07-20 11:22:42,0,2024-07-20 11:22:42,,,
2018-04-26,53.00,314,2018-04-26 00:00:00,1,0,2024-07-20 11:22:42,0,2024-07-20 11:22:42,,,
2018-04-19,40.00,315,2018-04-19 00:00:00,1,0,2024-07-20 11:22:42,0,2024-07-20 11:22:42,,,
2018-04-12,36.00,316,2018-04-12 00:00:00,1,0,2024-07-20 11:22:42,0,2024-07-20 11:22:42,,,
2018-04-05,37.00,317,2018-04-05 00:00:00,1,0,2024-07-20 11:22:42,0,2024-07-20 11:22:42,,,
2018-03-29,18.00,318,2018-03-29 00:00:00,1,0,2024-07-20 11:22:42,0,2024-07-20 11:22:42,,,
2018-03-22,17.00,319,2018-03-22 00:00:00,1,0,2024-07-20 11:22:42,0,2024-07-20 11:22:42,,,
2018-03-16,13.00,320,2018-03-16 00:00:00,1,0,2024-07-20 11:22:42,0,2024-07-20 11:22:42,,,
2018-03-15,14.75,321,2018-03-15 00:00:00,1,0,2024-07-20 11:22:42,0,2024-07-20 11:22:42,,,
2018-03-14,16.00,322,2018-03-14 00:00:00,1,0,2024-07-20 11:22:42,0,2024-07-20 11:22:42,,,
2018-03-13,15.80,323,2018-03-13 00:00:00,1,0,2024-07-20 11:22:42,0,2024-07-20 11:22:42,,,
2018-03-12,15.40,324,2018-03-12 00:00:00,1,0,2024-07-20 11:22:42,0,2024-07-20 11:22:42,,,
2018-03-09,15.00,325,2018-03-09 00:00:00,1,0,2024-07-20 11:22:42,0,2024-07-20 11:22:42,,,
2018-03-08,16.40,326,2018-03-08 00:00:00,1,0,2024-07-20 11:22:42,0,2024-07-20 11:22:42,,,
2018-03-07,17.70,327,2018-03-07 00:00:00,1,0,2024-07-20 11:22:42,0,2024-07-20 11:22:42,,,
2018-03-06,18.50,328,2018-03-06 00:00:00,1,0,2024-07-20 11:22:42,0,2024-07-20 11:22:42,,,
2018-03-05,19.00,329,2018-03-05 00:00:00,1,0,2024-07-20 11:22:42,0,2024-07-20 11:22:42,,,
2018-03-02,17.00,330,2018-03-02 00:00:00,1,0,2024-07-20 11:22:42,0,2024-07-20 11:22:42,,,
2018-03-01,16.80,331,2018-03-01 00:00:00,1,0,2024-07-20 11:22:45,0,2024-07-20 11:22:45,,,
2018-02-28,16.80,332,2018-02-28 00:00:00,1,0,2024-07-20 11:22:45,0,2024-07-20 11:22:45,,,
2018-02-27,17.00,333,2018-02-27 00:00:00,1,0,2024-07-20 11:22:45,0,2024-07-20 11:22:45,,,
2018-02-26,16.70,334,2018-02-26 00:00:00,1,0,2024-07-20 11:22:45,0,2024-07-20 11:22:45,,,
2018-02-09,17.00,335,2018-02-09 00:00:00,1,0,2024-07-20 11:22:45,0,2024-07-20 11:22:45,,,
2018-02-08,16.90,336,2018-02-08 00:00:00,1,0,2024-07-20 11:22:45,0,2024-07-20 11:22:45,,,
2018-02-07,17.00,337,2018-02-07 00:00:00,1,0,2024-07-20 11:22:45,0,2024-07-20 11:22:45,,,
2018-02-06,16.60,338,2018-02-06 00:00:00,1,0,2024-07-20 11:22:45,0,2024-07-20 11:22:45,,,
2018-02-05,17.20,339,2018-02-05 00:00:00,1,0,2024-07-20 11:22:45,0,2024-07-20 11:22:45,,,
2018-02-02,17.90,340,2018-02-02 00:00:00,1,0,2024-07-20 11:22:45,0,2024-07-20 11:22:45,,,
2018-02-01,17.30,341,2018-02-01 00:00:00,1,0,2024-07-20 11:22:45,0,2024-07-20 11:22:45,,,
2018-01-31,17.00,342,2018-01-31 00:00:00,1,0,2024-07-20 11:22:45,0,2024-07-20 11:22:45,,,
2018-01-30,16.40,343,2018-01-30 00:00:00,1,0,2024-07-20 11:22:45,0,2024-07-20 11:22:45,,,
2018-01-29,17.50,344,2018-01-29 00:00:00,1,0,2024-07-20 11:22:45,0,2024-07-20 11:22:45,,,
2018-01-26,16.50,345,2018-01-26 00:00:00,1,0,2024-07-20 11:22:45,0,2024-07-20 11:22:45,,,
2018-01-25,17.10,346,2018-01-25 00:00:00,1,0,2024-07-20 11:22:45,0,2024-07-20 11:22:45,,,
2018-01-24,17.50,347,2018-01-24 00:00:00,1,0,2024-07-20 11:22:45,0,2024-07-20 11:22:45,,,
2018-01-23,20.80,348,2018-01-23 00:00:00,1,0,2024-07-20 11:22:45,0,2024-07-20 11:22:45,,,
2018-01-22,20.80,349,2018-01-22 00:00:00,1,0,2024-07-20 11:22:45,0,2024-07-20 11:22:45,,,
2018-01-19,18.80,350,2018-01-19 00:00:00,1,0,2024-07-20 11:22:45,0,2024-07-20 11:22:45,,,
2018-01-18,19.50,351,2018-01-18 00:00:00,1,0,2024-07-20 11:22:45,0,2024-07-20 11:22:45,,,
2018-01-17,21.40,352,2018-01-17 00:00:00,1,0,2024-07-20 11:22:45,0,2024-07-20 11:22:45,,,
2018-01-16,23.90,353,2018-01-16 00:00:00,1,0,2024-07-20 11:22:45,0,2024-07-20 11:22:45,,,
2018-01-15,23.70,354,2018-01-15 00:00:00,1,0,2024-07-20 11:22:45,0,2024-07-20 11:22:45,,,
2018-01-05,29.99,355,2018-01-05 00:00:00,1,0,2024-07-20 11:22:45,0,2024-07-20 11:22:45,,,
2018-01-04,24.10,356,2018-01-04 00:00:00,1,0,2024-07-20 11:22:45,0,2024-07-20 11:22:45,,,
2018-01-03,26.80,357,2018-01-03 00:00:00,1,0,2024-07-20 11:22:45,0,2024-07-20 11:22:45,,,
2018-01-02,34.02,358,2018-01-02 00:00:00,1,0,2024-07-20 11:22:45,0,2024-07-20 11:22:45,,,
2018-01-01,34.40,359,2018-01-01 00:00:00,1,0,2024-07-20 11:22:45,0,2024-07-20 11:22:45,,,
2017-12-29,35.50,360,2017-12-29 00:00:00,1,0,2024-07-20 11:22:45,0,2024-07-20 11:22:45,,,
2017-12-28,39.50,361,2017-12-28 00:00:00,1,0,2024-07-20 11:22:49,0,2024-07-20 11:22:49,,,
2017-12-27,41.86,362,2017-12-27 00:00:00,1,0,2024-07-20 11:22:49,0,2024-07-20 11:22:49,,,
2017-12-26,42.80,363,2017-12-26 00:00:00,1,0,2024-07-20 11:22:49,0,2024-07-20 11:22:49,,,
2017-12-25,46.10,364,2017-12-25 00:00:00,1,0,2024-07-20 11:22:49,0,2024-07-20 11:22:49,,,
2017-12-22,46.00,365,2017-12-22 00:00:00,1,0,2024-07-20 11:22:49,0,2024-07-20 11:22:49,,,
2017-12-21,45.98,366,2017-12-21 00:00:00,1,0,2024-07-20 11:22:49,0,2024-07-20 11:22:49,,,
2017-12-20,48.20,367,2017-12-20 00:00:00,1,0,2024-07-20 11:22:49,0,2024-07-20 11:22:49,,,
2017-12-19,48.40,368,2017-12-19 00:00:00,1,0,2024-07-20 11:22:49,0,2024-07-20 11:22:49,,,
2017-12-18,33.72,369,2017-12-18 00:00:00,1,0,2024-07-20 11:22:49,0,2024-07-20 11:22:49,,,
2017-12-15,52.90,370,2017-12-15 00:00:00,1,0,2024-07-20 11:22:49,0,2024-07-20 11:22:49,,,
2017-12-14,52.20,371,2017-12-14 00:00:00,1,0,2024-07-20 11:22:49,0,2024-07-20 11:22:49,,,
2017-12-13,52.00,372,2017-12-13 00:00:00,1,0,2024-07-20 11:22:49,0,2024-07-20 11:22:49,,,
2017-12-12,51.78,373,2017-12-12 00:00:00,1,0,2024-07-20 11:22:49,0,2024-07-20 11:22:49,,,
2017-12-11,50.80,374,2017-12-11 00:00:00,1,0,2024-07-20 11:22:49,0,2024-07-20 11:22:49,,,
2017-12-08,51.70,375,2017-12-08 00:00:00,1,0,2024-07-20 11:22:49,0,2024-07-20 11:22:49,,,
2017-12-07,52.20,376,2017-12-07 00:00:00,1,0,2024-07-20 11:22:49,0,2024-07-20 11:22:49,,,
2017-12-06,34.48,377,2017-12-06 00:00:00,1,0,2024-07-20 11:22:49,0,2024-07-20 11:22:49,,,
2017-12-05,34.50,378,2017-12-05 00:00:00,1,0,2024-07-20 11:22:49,0,2024-07-20 11:22:49,,,
2017-12-04,37.00,379,2017-12-04 00:00:00,1,0,2024-07-20 11:22:49,0,2024-07-20 11:22:49,,,
2017-11-24,37.80,380,2017-11-24 00:00:00,1,0,2024-07-20 11:22:49,0,2024-07-20 11:22:49,,,
2017-11-23,37.70,381,2017-11-23 00:00:00,1,0,2024-07-20 11:22:49,0,2024-07-20 11:22:49,,,
2017-11-22,29.40,382,2017-11-22 00:00:00,1,0,2024-07-20 11:22:49,0,2024-07-20 11:22:49,,,
2017-11-21,20.30,383,2017-11-21 00:00:00,1,0,2024-07-20 11:22:49,0,2024-07-20 11:22:49,,,
2017-11-20,28.50,384,2017-11-20 00:00:00,1,0,2024-07-20 11:22:49,0,2024-07-20 11:22:49,,,
2017-11-10,20.30,385,2017-11-10 00:00:00,1,0,2024-07-20 11:22:49,0,2024-07-20 11:22:49,,,
2017-11-09,21.37,386,2017-11-09 00:00:00,1,0,2024-07-20 11:22:49,0,2024-07-20 11:22:49,,,
2017-11-08,21.20,387,2017-11-08 00:00:00,1,0,2024-07-20 11:22:49,0,2024-07-20 11:22:49,,,
2017-11-07,20.40,388,2017-11-07 00:00:00,1,0,2024-07-20 11:22:49,0,2024-07-20 11:22:49,,,
2017-11-06,21.35,389,2017-11-06 00:00:00,1,0,2024-07-20 11:22:49,0,2024-07-20 11:22:49,,,
2017-11-03,19.71,390,2017-11-03 00:00:00,1,0,2024-07-20 11:22:49,0,2024-07-20 11:22:49,,,
2017-11-02,25.30,391,2017-11-02 00:00:00,1,0,2024-07-20 11:22:52,0,2024-07-20 11:22:52,,,
2017-11-01,23.90,392,2017-11-01 00:00:00,1,0,2024-07-20 11:22:52,0,2024-07-20 11:22:52,,,
2017-10-31,23.43,393,2017-10-31 00:00:00,1,0,2024-07-20 11:22:52,0,2024-07-20 11:22:52,,,
2017-10-30,25.10,394,2017-10-30 00:00:00,1,0,2024-07-20 11:22:52,0,2024-07-20 11:22:52,,,
2017-10-27,22.40,395,2017-10-27 00:00:00,1,0,2024-07-20 11:22:52,0,2024-07-20 11:22:52,,,
2017-10-26,22.00,396,2017-10-26 00:00:00,1,0,2024-07-20 11:22:52,0,2024-07-20 11:22:52,,,
2017-10-25,24.15,397,2017-10-25 00:00:00,1,0,2024-07-20 11:22:52,0,2024-07-20 11:22:52,,,
2017-10-24,22.80,398,2017-10-24 00:00:00,1,0,2024-07-20 11:22:52,0,2024-07-20 11:22:52,,,
2017-10-23,23.30,399,2017-10-23 00:00:00,1,0,2024-07-20 11:22:52,0,2024-07-20 11:22:52,,,
2017-10-20,21.40,400,2017-10-20 00:00:00,1,0,2024-07-20 11:22:52,0,2024-07-20 11:22:52,,,
2017-10-19,22.94,401,2017-10-19 00:00:00,1,0,2024-07-20 11:22:52,0,2024-07-20 11:22:52,,,
2017-10-18,22.40,402,2017-10-18 00:00:00,1,0,2024-07-20 11:22:52,0,2024-07-20 11:22:52,,,
2017-10-17,21.00,403,2017-10-17 00:00:00,1,0,2024-07-20 11:22:52,0,2024-07-20 11:22:52,,,
2017-10-16,23.83,404,2017-10-16 00:00:00,1,0,2024-07-20 11:22:52,0,2024-07-20 11:22:52,,,
2017-10-13,22.43,405,2017-10-13 00:00:00,1,0,2024-07-20 11:22:52,0,2024-07-20 11:22:52,,,
2017-10-12,22.10,406,2017-10-12 00:00:00,1,0,2024-07-20 11:22:52,0,2024-07-20 11:22:52,,,
2017-10-11,20.90,407,2017-10-11 00:00:00,1,0,2024-07-20 11:22:52,0,2024-07-20 11:22:52,,,
2017-10-10,22.10,408,2017-10-10 00:00:00,1,0,2024-07-20 11:22:52,0,2024-07-20 11:22:52,,,
2017-10-09,21.90,409,2017-10-09 00:00:00,1,0,2024-07-20 11:22:52,0,2024-07-20 11:22:52,,,
2017-10-06,19.70,410,2017-10-06 00:00:00,1,0,2024-07-20 11:22:52,0,2024-07-20 11:22:52,,,
2017-10-05,16.35,411,2017-10-05 00:00:00,1,0,2024-07-20 11:22:52,0,2024-07-20 11:22:52,,,
2017-10-04,9.95,412,2017-10-04 00:00:00,1,0,2024-07-20 11:22:52,0,2024-07-20 11:22:52,,,
2017-10-03,18.90,413,2017-10-03 00:00:00,1,0,2024-07-20 11:22:52,0,2024-07-20 11:22:52,,,
2017-10-02,17.20,414,2017-10-02 00:00:00,1,0,2024-07-20 11:22:52,0,2024-07-20 11:22:52,,,
2017-09-29,17.00,415,2017-09-29 00:00:00,1,0,2024-07-20 11:22:52,0,2024-07-20 11:22:52,,,
2017-09-28,17.20,416,2017-09-28 00:00:00,1,0,2024-07-20 11:22:52,0,2024-07-20 11:22:52,,,
2017-09-27,18.50,417,2017-09-27 00:00:00,1,0,2024-07-20 11:22:52,0,2024-07-20 11:22:52,,,
2017-09-26,18.10,418,2017-09-26 00:00:00,1,0,2024-07-20 11:22:52,0,2024-07-20 11:22:52,,,
2017-09-25,19.70,419,2017-09-25 00:00:00,1,0,2024-07-20 11:22:52,0,2024-07-20 11:22:52,,,
2017-09-22,19.20,420,2017-09-22 00:00:00,1,0,2024-07-20 11:22:52,0,2024-07-20 11:22:52,,,
2017-09-21,19.20,421,2017-09-21 00:00:00,1,0,2024-07-20 11:22:55,0,2024-07-20 11:22:55,,,
2017-09-20,19.00,422,2017-09-20 00:00:00,1,0,2024-07-20 11:22:55,0,2024-07-20 11:22:55,,,
2017-09-19,18.20,423,2017-09-19 00:00:00,1,0,2024-07-20 11:22:55,0,2024-07-20 11:22:55,,,
2017-09-18,18.50,424,2017-09-18 00:00:00,1,0,2024-07-20 11:22:55,0,2024-07-20 11:22:55,,,
2017-09-15,18.70,425,2017-09-15 00:00:00,1,0,2024-07-20 11:22:55,0,2024-07-20 11:22:55,,,
2017-09-14,18.70,426,2017-09-14 00:00:00,1,0,2024-07-20 11:22:55,0,2024-07-20 11:22:55,,,
2017-09-13,18.50,427,2017-09-13 00:00:00,1,0,2024-07-20 11:22:55,0,2024-07-20 11:22:55,,,
2017-09-12,19.00,428,2017-09-12 00:00:00,1,0,2024-07-20 11:22:55,0,2024-07-20 11:22:55,,,
2017-09-11,18.60,429,2017-09-11 00:00:00,1,0,2024-07-20 11:22:55,0,2024-07-20 11:22:55,,,
2017-09-08,23.50,430,2017-09-08 00:00:00,1,0,2024-07-20 11:22:55,0,2024-07-20 11:22:55,,,
2017-09-07,16.00,431,2017-09-07 00:00:00,1,0,2024-07-20 11:22:55,0,2024-07-20 11:22:55,,,
2017-09-06,15.90,432,2017-09-06 00:00:00,1,0,2024-07-20 11:22:55,0,2024-07-20 11:22:55,,,
2017-09-05,18.10,433,2017-09-05 00:00:00,1,0,2024-07-20 11:22:55,0,2024-07-20 11:22:55,,,
2017-09-04,19.00,434,2017-09-04 00:00:00,1,0,2024-07-20 11:22:55,0,2024-07-20 11:22:55,,,
2017-08-25,18.30,435,2017-08-25 00:00:00,1,0,2024-07-20 11:22:55,0,2024-07-20 11:22:55,,,
2017-08-24,21.10,436,2017-08-24 00:00:00,1,0,2024-07-20 11:22:55,0,2024-07-20 11:22:55,,,
2017-08-23,21.09,437,2017-08-23 00:00:00,1,0,2024-07-20 11:22:55,0,2024-07-20 11:22:55,,,
2017-08-22,20.00,438,2017-08-22 00:00:00,1,0,2024-07-20 11:22:55,0,2024-07-20 11:22:55,,,
2017-08-21,21.10,439,2017-08-21 00:00:00,1,0,2024-07-20 11:22:55,0,2024-07-20 11:22:55,,,
2017-08-18,29.60,440,2017-08-18 00:00:00,1,0,2024-07-20 11:22:55,0,2024-07-20 11:22:55,,,
2017-08-17,29.60,441,2017-08-17 00:00:00,1,0,2024-07-20 11:22:55,0,2024-07-20 11:22:55,,,
2017-08-16,29.60,442,2017-08-16 00:00:00,1,0,2024-07-20 11:22:55,0,2024-07-20 11:22:55,,,
2017-08-15,29.30,443,2017-08-15 00:00:00,1,0,2024-07-20 11:22:55,0,2024-07-20 11:22:55,,,
2017-08-14,28.28,444,2017-08-14 00:00:00,1,0,2024-07-20 11:22:55,0,2024-07-20 11:22:55,,,
2017-08-11,37.80,445,2017-08-11 00:00:00,1,0,2024-07-20 11:22:55,0,2024-07-20 11:22:55,,,
2017-08-10,41.20,446,2017-08-10 00:00:00,1,0,2024-07-20 11:22:55,0,2024-07-20 11:22:55,,,
2017-08-09,41.20,447,2017-08-09 00:00:00,1,0,2024-07-20 11:22:55,0,2024-07-20 11:22:55,,,
2017-08-08,48.85,448,2017-08-08 00:00:00,1,0,2024-07-20 11:22:55,0,2024-07-20 11:22:55,,,
2017-08-07,41.60,449,2017-08-07 00:00:00,1,0,2024-07-20 11:22:55,0,2024-07-20 11:22:55,,,
2017-08-04,55.50,450,2017-08-04 00:00:00,1,0,2024-07-20 11:22:55,0,2024-07-20 11:22:55,,,
2017-08-03,54.80,451,2017-08-03 00:00:00,1,0,2024-07-20 11:22:58,0,2024-07-20 11:22:58,,,
2017-08-02,54.72,452,2017-08-02 00:00:00,1,0,2024-07-20 11:22:58,0,2024-07-20 11:22:58,,,
2017-08-01,59.60,453,2017-08-01 00:00:00,1,0,2024-07-20 11:22:58,0,2024-07-20 11:22:58,,,
2017-07-31,63.80,454,2017-07-31 00:00:00,1,0,2024-07-20 11:22:58,0,2024-07-20 11:22:58,,,
2017-07-28,64.20,455,2017-07-28 00:00:00,1,0,2024-07-20 11:22:58,0,2024-07-20 11:22:58,,,
2017-07-27,71.76,456,2017-07-27 00:00:00,1,0,2024-07-20 11:22:58,0,2024-07-20 11:22:58,,,
2017-07-26,52.10,457,2017-07-26 00:00:00,1,0,2024-07-20 11:22:58,0,2024-07-20 11:22:58,,,
2017-07-25,53.30,458,2017-07-25 00:00:00,1,0,2024-07-20 11:22:58,0,2024-07-20 11:22:58,,,
2017-07-24,61.20,459,2017-07-24 00:00:00,1,0,2024-07-20 11:22:58,0,2024-07-20 11:22:58,,,
2017-07-21,64.40,460,2017-07-21 00:00:00,1,0,2024-07-20 11:22:58,0,2024-07-20 11:22:58,,,
2017-07-20,70.80,461,2017-07-20 00:00:00,1,0,2024-07-20 11:22:58,0,2024-07-20 11:22:58,,,
2017-07-19,69.60,462,2017-07-19 00:00:00,1,0,2024-07-20 11:22:58,0,2024-07-20 11:22:58,,,
2017-07-18,69.60,463,2017-07-18 00:00:00,1,0,2024-07-20 11:22:58,0,2024-07-20 11:22:58,,,
2017-07-17,72.30,464,2017-07-17 00:00:00,1,0,2024-07-20 11:22:58,0,2024-07-20 11:22:58,,,
2017-07-14,85.50,465,2017-07-14 00:00:00,1,0,2024-07-20 11:22:58,0,2024-07-20 11:22:58,,,
2017-07-13,97.50,466,2017-07-13 00:00:00,1,0,2024-07-20 11:22:58,0,2024-07-20 11:22:58,,,
2017-07-12,97.59,467,2017-07-12 00:00:00,1,0,2024-07-20 11:22:58,0,2024-07-20 11:22:58,,,
2017-07-11,96.10,468,2017-07-11 00:00:00,1,0,2024-07-20 11:22:58,0,2024-07-20 11:22:58,,,
2017-07-10,93.40,469,2017-07-10 00:00:00,1,0,2024-07-20 11:22:58,0,2024-07-20 11:22:58,,,
2017-07-07,85.00,470,2017-07-07 00:00:00,1,0,2024-07-20 11:22:58,0,2024-07-20 11:22:58,,,
2017-07-06,86.29,471,2017-07-06 00:00:00,1,0,2024-07-20 11:22:58,0,2024-07-20 11:22:58,,,
2017-07-05,84.00,472,2017-07-05 00:00:00,1,0,2024-07-20 11:22:58,0,2024-07-20 11:22:58,,,
2017-07-04,80.30,473,2017-07-04 00:00:00,1,0,2024-07-20 11:22:58,0,2024-07-20 11:22:58,,,
2017-07-03,88.10,474,2017-07-03 00:00:00,1,0,2024-07-20 11:22:58,0,2024-07-20 11:22:58,,,
2017-06-30,86.50,475,2017-06-30 00:00:00,1,0,2024-07-20 11:22:58,0,2024-07-20 11:22:58,,,
2017-06-29,83.70,476,2017-06-29 00:00:00,1,0,2024-07-20 11:22:58,0,2024-07-20 11:22:58,,,
2017-06-28,85.20,477,2017-06-28 00:00:00,1,0,2024-07-20 11:22:58,0,2024-07-20 11:22:58,,,
2017-06-27,87.90,478,2017-06-27 00:00:00,1,0,2024-07-20 11:22:58,0,2024-07-20 11:22:58,,,
2017-06-26,85.00,479,2017-06-26 00:00:00,1,0,2024-07-20 11:22:58,0,2024-07-20 11:22:58,,,
2017-06-23,81.00,480,2017-06-23 00:00:00,1,0,2024-07-20 11:22:58,0,2024-07-20 11:22:58,,,
2017-06-22,88.00,481,2017-06-22 00:00:00,1,0,2024-07-20 11:23:01,0,2024-07-20 11:23:01,,,
2017-06-21,81.00,482,2017-06-21 00:00:00,1,0,2024-07-20 11:23:01,0,2024-07-20 11:23:01,,,
2017-06-20,81.30,483,2017-06-20 00:00:00,1,0,2024-07-20 11:23:01,0,2024-07-20 11:23:01,,,
2017-06-19,84.60,484,2017-06-19 00:00:00,1,0,2024-07-20 11:23:01,0,2024-07-20 11:23:01,,,
2017-06-16,82.20,485,2017-06-16 00:00:00,1,0,2024-07-20 11:23:01,0,2024-07-20 11:23:01,,,
2017-06-15,82.00,486,2017-06-15 00:00:00,1,0,2024-07-20 11:23:01,0,2024-07-20 11:23:01,,,
2017-06-14,81.30,487,2017-06-14 00:00:00,1,0,2024-07-20 11:23:01,0,2024-07-20 11:23:01,,,
2017-06-13,78.20,488,2017-06-13 00:00:00,1,0,2024-07-20 11:23:01,0,2024-07-20 11:23:01,,,
2017-06-12,76.91,489,2017-06-12 00:00:00,1,0,2024-07-20 11:23:01,0,2024-07-20 11:23:01,,,
2017-06-09,72.88,490,2017-06-09 00:00:00,1,0,2024-07-20 11:23:01,0,2024-07-20 11:23:01,,,
2017-06-08,72.90,491,2017-06-08 00:00:00,1,0,2024-07-20 11:23:01,0,2024-07-20 11:23:01,,,
2017-06-07,75.70,492,2017-06-07 00:00:00,1,0,2024-07-20 11:23:01,0,2024-07-20 11:23:01,,,
2017-06-06,78.05,493,2017-06-06 00:00:00,1,0,2024-07-20 11:23:01,0,2024-07-20 11:23:01,,,
2017-06-05,77.90,494,2017-06-05 00:00:00,1,0,2024-07-20 11:23:01,0,2024-07-20 11:23:01,,,
2017-06-02,85.60,495,2017-06-02 00:00:00,1,0,2024-07-20 11:23:01,0,2024-07-20 11:23:01,,,
2017-06-01,88.28,496,2017-06-01 00:00:00,1,0,2024-07-20 11:23:01,0,2024-07-20 11:23:01,,,
2017-05-31,86.10,497,2017-05-31 00:00:00,1,0,2024-07-20 11:23:01,0,2024-07-20 11:23:01,,,
2017-05-30,85.30,498,2017-05-30 00:00:00,1,0,2024-07-20 11:23:01,0,2024-07-20 11:23:01,,,
2017-05-29,83.40,499,2017-05-29 00:00:00,1,0,2024-07-20 11:23:01,0,2024-07-20 11:23:01,,,
2017-05-26,88.80,500,2017-05-26 00:00:00,1,0,2024-07-20 11:23:01,0,2024-07-20 11:23:01,,,
2017-05-25,87.42,501,2017-05-25 00:00:00,1,0,2024-07-20 11:23:01,0,2024-07-20 11:23:01,,,
2017-05-24,95.40,502,2017-05-24 00:00:00,1,0,2024-07-20 11:23:01,0,2024-07-20 11:23:01,,,
2017-05-23,95.11,503,2017-05-23 00:00:00,1,0,2024-07-20 11:23:01,0,2024-07-20 11:23:01,,,
2017-05-22,99.83,504,2017-05-22 00:00:00,1,0,2024-07-20 11:23:01,0,2024-07-20 11:23:01,,,
2017-05-19,99.88,505,2017-05-19 00:00:00,1,0,2024-07-20 11:23:01,0,2024-07-20 11:23:01,,,
2017-05-18,98.00,506,2017-05-18 00:00:00,1,0,2024-07-20 11:23:01,0,2024-07-20 11:23:01,,,
2017-05-17,97.30,507,2017-05-17 00:00:00,1,0,2024-07-20 11:23:01,0,2024-07-20 11:23:01,,,
2017-05-16,102.67,508,2017-05-16 00:00:00,1,0,2024-07-20 11:23:01,0,2024-07-20 11:23:01,,,
2017-05-15,101.00,509,2017-05-15 00:00:00,1,0,2024-07-20 11:23:01,0,2024-07-20 11:23:01,,,
2017-05-15,100.10,510,2017-05-15 00:00:00,1,0,2024-07-20 11:23:01,0,2024-07-20 11:23:01,,,
2017-05-14,96.00,511,2017-05-14 00:00:00,1,0,2024-07-20 11:23:04,0,2024-07-20 11:23:04,,,
2017-05-13,90.27,512,2017-05-13 00:00:00,1,0,2024-07-20 11:23:04,0,2024-07-20 11:23:04,,,
2017-05-12,86.50,513,2017-05-12 00:00:00,1,0,2024-07-20 11:23:04,0,2024-07-20 11:23:04,,,
2017-05-11,80.20,514,2017-05-11 00:00:00,1,0,2024-07-20 11:23:04,0,2024-07-20 11:23:04,,,
2017-05-08,80.20,515,2017-05-08 00:00:00,1,0,2024-07-20 11:23:04,0,2024-07-20 11:23:04,,,
2017-05-05,83.70,516,2017-05-05 00:00:00,1,0,2024-07-20 11:23:04,0,2024-07-20 11:23:04,,,
2017-05-04,80.69,517,2017-05-04 00:00:00,1,0,2024-07-20 11:23:04,0,2024-07-20 11:23:04,,,
2017-05-03,80.20,518,2017-05-03 00:00:00,1,0,2024-07-20 11:23:04,0,2024-07-20 11:23:04,,,
2017-05-02,75.50,519,2017-05-02 00:00:00,1,0,2024-07-20 11:23:04,0,2024-07-20 11:23:04,,,
2017-05-01,78.08,520,2017-05-01 00:00:00,1,0,2024-07-20 11:23:04,0,2024-07-20 11:23:04,,,
2017-04-28,79.11,521,2017-04-28 00:00:00,1,0,2024-07-20 11:23:04,0,2024-07-20 11:23:04,,,
2017-04-27,75.00,522,2017-04-27 00:00:00,1,0,2024-07-20 11:23:04,0,2024-07-20 11:23:04,,,
2017-04-26,72.20,523,2017-04-26 00:00:00,1,0,2024-07-20 11:23:04,0,2024-07-20 11:23:04,,,
2017-04-25,72.47,524,2017-04-25 00:00:00,1,0,2024-07-20 11:23:04,0,2024-07-20 11:23:04,,,
2017-04-24,86.40,525,2017-04-24 00:00:00,1,0,2024-07-20 11:23:04,0,2024-07-20 11:23:04,,,
2017-04-21,81.40,526,2017-04-21 00:00:00,1,0,2024-07-20 11:23:04,0,2024-07-20 11:23:04,,,
2017-04-20,76.80,527,2017-04-20 00:00:00,1,0,2024-07-20 11:23:04,0,2024-07-20 11:23:04,,,
2017-04-19,77.39,528,2017-04-19 00:00:00,1,0,2024-07-20 11:23:04,0,2024-07-20 11:23:04,,,
2017-04-18,75.60,529,2017-04-18 00:00:00,1,0,2024-07-20 11:23:04,0,2024-07-20 11:23:04,,,
2017-04-17,68.80,530,2017-04-17 00:00:00,1,0,2024-07-20 11:23:04,0,2024-07-20 11:23:04,,,
2017-04-14,57.20,531,2017-04-14 00:00:00,1,0,2024-07-20 11:23:04,0,2024-07-20 11:23:04,,,
2017-04-13,78.22,532,2017-04-13 00:00:00,1,0,2024-07-20 11:23:04,0,2024-07-20 11:23:04,,,
2017-04-12,74.60,533,2017-04-12 00:00:00,1,0,2024-07-20 11:23:04,0,2024-07-20 11:23:04,,,
2017-04-11,78.30,534,2017-04-11 00:00:00,1,0,2024-07-20 11:23:04,0,2024-07-20 11:23:04,,,
2017-04-10,80.26,535,2017-04-10 00:00:00,1,0,2024-07-20 11:23:04,0,2024-07-20 11:23:04,,,
2017-04-07,76.15,536,2017-04-07 00:00:00,1,0,2024-07-20 11:23:04,0,2024-07-20 11:23:04,,,
2017-04-06,71.10,537,2017-04-06 00:00:00,1,0,2024-07-20 11:23:04,0,2024-07-20 11:23:04,,,
2017-04-05,67.00,538,2017-04-05 00:00:00,1,0,2024-07-20 11:23:04,0,2024-07-20 11:23:04,,,
2017-04-04,65.38,539,2017-04-04 00:00:00,1,0,2024-07-20 11:23:04,0,2024-07-20 11:23:04,,,
2017-04-03,60.60,540,2017-04-03 00:00:00,1,0,2024-07-20 11:23:04,0,2024-07-20 11:23:04,,,
2017-03-31,53.30,541,2017-03-31 00:00:00,1,0,2024-07-20 11:23:07,0,2024-07-20 11:23:07,,,
2017-03-30,49.40,542,2017-03-30 00:00:00,1,0,2024-07-20 11:23:07,0,2024-07-20 11:23:07,,,
2017-03-29,51.78,543,2017-03-29 00:00:00,1,0,2024-07-20 11:23:07,0,2024-07-20 11:23:07,,,
2017-03-28,52.20,544,2017-03-28 00:00:00,1,0,2024-07-20 11:23:07,0,2024-07-20 11:23:07,,,
2017-03-27,53.70,545,2017-03-27 00:00:00,1,0,2024-07-20 11:23:07,0,2024-07-20 11:23:07,,,
2017-03-24,54.40,546,2017-03-24 00:00:00,1,0,2024-07-20 11:23:07,0,2024-07-20 11:23:07,,,
2017-03-23,53.12,547,2017-03-23 00:00:00,1,0,2024-07-20 11:23:07,0,2024-07-20 11:23:07,,,
2017-03-22,53.80,548,2017-03-22 00:00:00,1,0,2024-07-20 11:23:07,0,2024-07-20 11:23:07,,,
2017-03-21,48.70,549,2017-03-21 00:00:00,1,0,2024-07-20 11:23:07,0,2024-07-20 11:23:07,,,
2017-03-20,48.19,550,2017-03-20 00:00:00,1,0,2024-07-20 11:23:07,0,2024-07-20 11:23:07,,,
2017-03-17,42.70,551,2017-03-17 00:00:00,1,0,2024-07-20 11:23:07,0,2024-07-20 11:23:07,,,
2017-03-16,43.80,552,2017-03-16 00:00:00,1,0,2024-07-20 11:23:07,0,2024-07-20 11:23:07,,,
2017-03-15,42.80,553,2017-03-15 00:00:00,1,0,2024-07-20 11:23:07,0,2024-07-20 11:23:07,,,
2017-03-14,40.70,554,2017-03-14 00:00:00,1,0,2024-07-20 11:23:07,0,2024-07-20 11:23:07,,,
2017-03-13,37.00,555,2017-03-13 00:00:00,1,0,2024-07-20 11:23:07,0,2024-07-20 11:23:07,,,
2017-03-10,28.30,556,2017-03-10 00:00:00,1,0,2024-07-20 11:23:07,0,2024-07-20 11:23:07,,,
2017-03-09,25.10,557,2017-03-09 00:00:00,1,0,2024-07-20 11:23:07,0,2024-07-20 11:23:07,,,
2017-03-08,28.30,558,2017-03-08 00:00:00,1,0,2024-07-20 11:23:07,0,2024-07-20 11:23:07,,,
2017-03-07,26.90,559,2017-03-07 00:00:00,1,0,2024-07-20 11:23:07,0,2024-07-20 11:23:07,,,
2017-03-06,25.80,560,2017-03-06 00:00:00,1,0,2024-07-20 11:23:07,0,2024-07-20 11:23:07,,,
2017-03-03,23.60,561,2017-03-03 00:00:00,1,0,2024-07-20 11:23:07,0,2024-07-20 11:23:07,,,
2017-03-02,23.71,562,2017-03-02 00:00:00,1,0,2024-07-20 11:23:07,0,2024-07-20 11:23:07,,,
2017-03-01,23.20,563,2017-03-01 00:00:00,1,0,2024-07-20 11:23:07,0,2024-07-20 11:23:07,,,
2017-02-28,22.60,564,2017-02-28 00:00:00,1,0,2024-07-20 11:23:07,0,2024-07-20 11:23:07,,,
2017-02-27,20.60,565,2017-02-27 00:00:00,1,0,2024-07-20 11:23:07,0,2024-07-20 11:23:07,,,
2017-02-24,22.90,566,2017-02-24 00:00:00,1,0,2024-07-20 11:23:07,0,2024-07-20 11:23:07,,,
2017-02-23,22.50,567,2017-02-23 00:00:00,1,0,2024-07-20 11:23:07,0,2024-07-20 11:23:07,,,
2017-02-22,21.70,568,2017-02-22 00:00:00,1,0,2024-07-20 11:23:07,0,2024-07-20 11:23:07,,,
2017-02-21,21.20,569,2017-02-21 00:00:00,1,0,2024-07-20 11:23:07,0,2024-07-20 11:23:07,,,
2017-02-20,20.80,570,2017-02-20 00:00:00,1,0,2024-07-20 11:23:07,0,2024-07-20 11:23:07,,,
2017-02-17,21.30,571,2017-02-17 00:00:00,1,0,2024-07-20 11:23:09,0,2024-07-20 11:23:09,,,
2017-02-16,20.20,572,2017-02-16 00:00:00,1,0,2024-07-20 11:23:09,0,2024-07-20 11:23:09,,,
2017-02-15,17.88,573,2017-02-15 00:00:00,1,0,2024-07-20 11:23:09,0,2024-07-20 11:23:09,,,
2017-02-14,21.50,574,2017-02-14 00:00:00,1,0,2024-07-20 11:23:09,0,2024-07-20 11:23:09,,,
2017-02-13,20.40,575,2017-02-13 00:00:00,1,0,2024-07-20 11:23:09,0,2024-07-20 11:23:09,,,
2017-02-10,14.00,576,2017-02-10 00:00:00,1,0,2024-07-20 11:23:09,0,2024-07-20 11:23:09,,,
2017-02-09,14.40,577,2017-02-09 00:00:00,1,0,2024-07-20 11:23:09,0,2024-07-20 11:23:09,,,
2017-02-08,14.20,578,2017-02-08 00:00:00,1,0,2024-07-20 11:23:09,0,2024-07-20 11:23:09,,,
2017-02-07,13.40,579,2017-02-07 00:00:00,1,0,2024-07-20 11:23:09,0,2024-07-20 11:23:09,,,
2017-02-06,12.63,580,2017-02-06 00:00:00,1,0,2024-07-20 11:23:09,0,2024-07-20 11:23:09,,,
2017-02-03,11.02,581,2017-02-03 00:00:00,1,0,2024-07-20 11:23:09,0,2024-07-20 11:23:09,,,
2017-02-02,9.20,582,2017-02-02 00:00:00,1,0,2024-07-20 11:23:09,0,2024-07-20 11:23:09,,,
2017-02-01,8.20,583,2017-02-01 00:00:00,1,0,2024-07-20 11:23:09,0,2024-07-20 11:23:09,,,
2017-01-31,7.10,584,2017-01-31 00:00:00,1,0,2024-07-20 11:23:09,0,2024-07-20 11:23:09,,,
2017-01-30,7.10,585,2017-01-30 00:00:00,1,0,2024-07-20 11:23:09,0,2024-07-20 11:23:09,,,
2017-01-20,7.00,586,2017-01-20 00:00:00,1,0,2024-07-20 11:23:09,0,2024-07-20 11:23:09,,,
2017-01-19,6.91,587,2017-01-19 00:00:00,1,0,2024-07-20 11:23:09,0,2024-07-20 11:23:09,,,
2017-01-18,6.70,588,2017-01-18 00:00:00,1,0,2024-07-20 11:23:09,0,2024-07-20 11:23:09,,,
2017-01-17,6.70,589,2017-01-17 00:00:00,1,0,2024-07-20 11:23:09,0,2024-07-20 11:23:09,,,
2017-01-16,5.96,590,2017-01-16 00:00:00,1,0,2024-07-20 11:23:09,0,2024-07-20 11:23:09,,,
2017-01-13,7.60,591,2017-01-13 00:00:00,1,0,2024-07-20 11:23:09,0,2024-07-20 11:23:09,,,
2017-01-12,9.30,592,2017-01-12 00:00:00,1,0,2024-07-20 11:23:09,0,2024-07-20 11:23:09,,,
2017-01-11,8.40,593,2017-01-11 00:00:00,1,0,2024-07-20 11:23:09,0,2024-07-20 11:23:09,,,
2017-01-10,8.40,594,2017-01-10 00:00:00,1,0,2024-07-20 11:23:09,0,2024-07-20 11:23:09,,,
2017-01-09,8.50,595,2017-01-09 00:00:00,1,0,2024-07-20 11:23:09,0,2024-07-20 11:23:09,,,
2017-01-06,8.40,596,2017-01-06 00:00:00,1,0,2024-07-20 11:23:09,0,2024-07-20 11:23:09,,,
2017-01-05,8.10,597,2017-01-05 00:00:00,1,0,2024-07-20 11:23:09,0,2024-07-20 11:23:09,,,
2017-01-04,7.50,598,2017-01-04 00:00:00,1,0,2024-07-20 11:23:09,0,2024-07-20 11:23:09,,,
2017-01-03,7.50,599,2017-01-03 00:00:00,1,0,2024-07-20 11:23:09,0,2024-07-20 11:23:09,,,
2024-07-25,29.50,1720,2024-07-25 00:00:00,1,0,2024-08-01 10:39:57,0,2024-08-01 10:39:57,,,
2024-10-31,52.40,1721,2024-10-31 00:00:00,1,0,2024-11-07 01:42:06,0,2024-11-07 01:42:06,,,
2024-10-24,48.00,1722,2024-10-24 00:00:00,1,0,2024-11-07 01:42:06,0,2024-11-07 01:42:06,,,
2024-10-17,49.50,1723,2024-10-17 00:00:00,1,0,2024-11-07 01:42:06,0,2024-11-07 01:42:06,,,
2024-10-10,45.00,1724,2024-10-10 00:00:00,1,0,2024-11-07 01:42:06,0,2024-11-07 01:42:06,,,
2024-09-26,41.80,1725,2024-09-26 00:00:00,1,0,2024-11-07 01:42:06,0,2024-11-07 01:42:06,,,
2024-09-19,39.60,1726,2024-09-19 00:00:00,1,0,2024-11-07 01:42:06,0,2024-11-07 01:42:06,,,
2024-09-12,40.70,1727,2024-09-12 00:00:00,1,0,2024-11-07 01:42:06,0,2024-11-07 01:42:06,,,
2024-09-05,41.60,1728,2024-09-05 00:00:00,1,0,2024-11-07 01:42:06,0,2024-11-07 01:42:06,,,
2024-08-29,33.10,1729,2024-08-29 00:00:00,1,0,2024-11-07 01:42:06,0,2024-11-07 01:42:06,,,
2024-08-22,28.40,1730,2024-08-22 00:00:00,1,0,2024-11-07 01:42:06,0,2024-11-07 01:42:06,,,
2024-08-15,28.20,1731,2024-08-15 00:00:00,1,0,2024-11-07 01:42:06,0,2024-11-07 01:42:06,,,
2024-08-08,30.30,1732,2024-08-08 00:00:00,1,0,2024-11-07 01:42:06,0,2024-11-07 01:42:06,,,
2024-08-01,30.20,1733,2024-08-01 00:00:00,1,0,2024-11-07 01:42:06,0,2024-11-07 01:42:06,,,
2024-11-07,53.10,1734,2024-11-07 00:00:00,1,0,2024-11-08 23:16:03,0,2024-11-08 23:16:03,,,
2024-11-14,64.30,1735,2024-11-14 00:00:00,1,0,2024-11-15 23:16:16,0,2024-11-15 23:16:16,,,
2024-11-21,67.00,1736,2024-11-21 00:00:00,1,0,2024-11-22 23:16:22,0,2024-11-22 23:16:22,,,
2024-11-28,70.00,1737,2024-11-28 00:00:00,1,0,2024-11-29 23:16:12,0,2024-11-29 23:16:12,,,
2024-12-05,83.30,1738,2024-12-05 00:00:00,1,0,2024-12-06 23:16:44,0,2024-12-06 23:16:44,,,
2024-12-12,80.30,1739,2024-12-12 00:00:00,1,0,2024-12-13 23:15:54,0,2024-12-13 23:15:54,,,
2024-12-19,85.80,1740,2024-12-19 00:00:00,1,0,2024-12-20 23:16:27,0,2024-12-20 23:16:27,,,
2024-12-26,85.80,1741,2024-12-26 00:00:00,1,0,2024-12-27 23:15:49,0,2024-12-27 23:15:49,,,
2025-01-02,68.50,1742,2025-01-02 00:00:00,1,0,2025-01-03 23:16:06,0,2025-01-03 23:16:06,,,
2025-01-09,65.00,1743,2025-01-09 00:00:00,1,0,2025-01-10 23:15:59,0,2025-01-10 23:15:59,,,
2025-01-16,70.00,1744,2025-01-16 00:00:00,1,0,2025-01-17 23:16:03,0,2025-01-17 23:16:03,,,
2025-01-23,66.00,1745,2025-01-23 00:00:00,1,0,2025-01-24 23:16:00,0,2025-01-24 23:16:00,,,
2025-02-06,66.00,1746,2025-02-06 00:00:00,1,0,2025-02-07 23:15:42,0,2025-02-07 23:15:42,,,
2025-02-13,58.00,1747,2025-02-13 00:00:00,1,0,2025-02-14 23:16:16,0,2025-02-14 23:16:16,,,
2025-02-20,42.50,1748,2025-02-20 00:00:00,1,0,2025-02-21 23:15:54,0,2025-02-21 23:15:54,,,
2025-02-27,36.00,1749,2025-02-27 00:00:00,1,0,2025-02-28 23:16:01,0,2025-02-28 23:16:01,,,
2025-03-06,33.00,1750,2025-03-06 00:00:00,1,0,2025-03-07 23:22:07,0,2025-03-07 23:22:07,,,
2025-03-13,36.60,1751,2025-03-13 00:00:00,1,0,2025-03-14 23:06:43,0,2025-03-14 23:06:43,,,
2025-03-20,36.60,1752,2025-03-20 00:00:00,1,0,2025-03-21 23:15:43,0,2025-03-21 23:15:43,,,
2025-03-27,27.80,1753,2025-03-27 00:00:00,1,0,2025-03-28 23:16:06,0,2025-03-28 23:16:06,,,
2025-04-03,27.80,1754,2025-04-03 00:00:00,1,0,2025-04-07 23:16:44,0,2025-04-07 23:16:44,,,
2025-04-10,28.50,1755,2025-04-10 00:00:00,1,0,2025-04-11 23:16:05,0,2025-04-11 23:16:05,,,
2025-04-17,29.70,1756,2025-04-17 00:00:00,1,0,2025-04-18 23:16:29,0,2025-04-18 23:16:29,,,
2025-04-24,29.70,1757,2025-04-24 00:00:00,1,0,2025-04-25 23:16:15,0,2025-04-25 23:16:15,,,
2025-05-08,25.80,1758,2025-05-08 00:00:00,1,0,2025-05-09 23:15:53,0,2025-05-09 23:15:53,,,
2025-05-15,19.80,1759,2025-05-15 00:00:00,1,0,2025-05-19 23:18:01,0,2025-05-19 23:18:01,,,
2025-05-22,22.30,1760,2025-05-22 00:00:00,1,0,2025-05-23 23:16:02,0,2025-05-23 23:16:02,,,
2025-05-29,22.00,1761,2025-05-29 00:00:00,1,0,2025-05-30 23:16:00,0,2025-05-30 23:16:00,,,
2025-06-05,24.00,1762,2025-06-05 00:00:00,1,0,2025-06-06 23:16:02,0,2025-06-06 23:16:02,,,
2025-06-12,22.00,1763,2025-06-12 00:00:00,1,0,2025-06-13 23:16:00,0,2025-06-13 23:16:00,,,
2025-06-19,21.00,1764,2025-06-19 00:00:00,1,0,2025-06-20 23:16:17,0,2025-06-20 23:16:17,,,
2025-06-26,20.40,1765,2025-06-26 00:00:00,1,0,2025-06-27 23:15:51,0,2025-06-27 23:15:51,,,
2025-07-03,16.30,1766,2025-07-03 00:00:00,1,0,2025-07-04 23:16:03,0,2025-07-04 23:16:03,,,
2025-07-10,16.10,1767,2025-07-10 00:00:00,1,0,2025-07-11 23:16:13,0,2025-07-11 23:16:13,,,
2025-07-17,16.50,1768,2025-07-17 00:00:00,1,0,2025-07-18 23:15:52,0,2025-07-18 23:15:52,,,
2025-07-24,15.70,1769,2025-07-24 00:00:00,1,0,2025-07-25 23:15:49,0,2025-07-25 23:15:49,,,
2025-07-31,19.70,1770,2025-07-31 00:00:00,1,0,2025-08-01 23:30:46,0,2025-08-01 23:30:46,,,
2025-08-14,19.20,1771,2025-08-14 00:00:00,1,0,2025-08-15 23:16:13,0,2025-08-15 23:16:13,,,
2025-08-07,19.50,1772,2025-08-07 00:00:00,1,0,2025-08-15 23:16:13,0,2025-08-15 23:16:13,,,
2025-08-21,32.00,1773,2025-08-21 00:00:00,1,0,2025-08-22 23:16:06,0,2025-08-22 23:16:06,,,
2025-08-28,32.20,1774,2025-08-28 00:00:00,1,0,2025-08-29 23:16:05,0,2025-08-29 23:16:05,,,
2025-09-04,31.20,1775,2025-09-04 00:00:00,1,0,2025-09-05 23:16:12,0,2025-09-05 23:16:12,,,
2025-09-11,30.30,1776,2025-09-11 00:00:00,1,0,2025-09-12 23:16:19,0,2025-09-12 23:16:19,,,
