时间,煤炭产地,产品名称,价格(元/吨),价格类型,_ID,_DATA_TIME,_ACTIVE,_CREATE_ID,_CREATE_TIME,_UPDATE_ID,_UPDATE_TIME,_REMARK,_CHANGE_LOG,_RESERVE
2024-07-08,河南省,1/3焦煤,1550.00,到厂价,1,2024-07-08 00:00:00,1,0,2024-07-17 09:28:27,0,2024-07-17 09:28:27,,,
2024-07-08,山西省,主焦煤,1800.00,到厂价,2,2024-07-08 00:00:00,1,0,2024-07-17 09:28:27,0,2024-07-17 09:28:27,,,
2024-07-01,河南省,1/3焦煤,1580.00,到厂价,3,2024-07-01 00:00:00,1,0,2024-07-17 09:28:27,0,2024-07-17 09:28:27,,,
2024-07-01,山西省,主焦煤,1800.00,到厂价,4,2024-07-01 00:00:00,1,0,2024-07-17 09:28:27,0,2024-07-17 09:28:27,,,
2024-06-24,河南省,1/3焦煤,1580.00,到厂价,5,2024-06-24 00:00:00,1,0,2024-07-17 09:28:27,0,2024-07-17 09:28:27,,,
2024-06-24,山西省,主焦煤,1800.00,到厂价,6,2024-06-24 00:00:00,1,0,2024-07-17 09:28:27,0,2024-07-17 09:28:27,,,
2024-06-17,河南省,1/3焦煤,1600.00,到厂价,7,2024-06-17 00:00:00,1,0,2024-07-17 09:28:27,0,2024-07-17 09:28:27,,,
2024-06-17,山西省,主焦煤,1800.00,到厂价,8,2024-06-17 00:00:00,1,0,2024-07-17 09:28:27,0,2024-07-17 09:28:27,,,
2024-06-03,河南省,1/3焦煤,1600.00,到厂价,9,2024-06-03 00:00:00,1,0,2024-07-17 09:28:27,0,2024-07-17 09:28:27,,,
2024-06-03,山西省,主焦煤,1800.00,到厂价,10,2024-06-03 00:00:00,1,0,2024-07-17 09:28:27,0,2024-07-17 09:28:27,,,
2024-05-27,河南省,1/3焦煤,1600.00,到厂价,11,2024-05-27 00:00:00,1,0,2024-07-17 09:28:27,0,2024-07-17 09:28:27,,,
2024-05-27,山西省,主焦煤,1800.00,到厂价,12,2024-05-27 00:00:00,1,0,2024-07-17 09:28:27,0,2024-07-17 09:28:27,,,
2024-05-20,河南省,1/3焦煤,1600.00,到厂价,13,2024-05-20 00:00:00,1,0,2024-07-17 09:28:27,0,2024-07-17 09:28:27,,,
2024-05-20,山西省,主焦煤,1800.00,到厂价,14,2024-05-20 00:00:00,1,0,2024-07-17 09:28:27,0,2024-07-17 09:28:27,,,
2024-05-13,河南省,1/3焦煤,1600.00,到厂价,15,2024-05-13 00:00:00,1,0,2024-07-17 09:28:27,0,2024-07-17 09:28:27,,,
2024-05-13,山西省,主焦煤,1800.00,到厂价,16,2024-05-13 00:00:00,1,0,2024-07-17 09:28:27,0,2024-07-17 09:28:27,,,
2024-05-06,河南省,1/3焦煤,1600.00,到厂价,17,2024-05-06 00:00:00,1,0,2024-07-17 09:28:27,0,2024-07-17 09:28:27,,,
2024-05-06,山西省,主焦煤,1800.00,到厂价,18,2024-05-06 00:00:00,1,0,2024-07-17 09:28:27,0,2024-07-17 09:28:27,,,
2024-04-29,河南省,1/3焦煤,1600.00,到厂价,19,2024-04-29 00:00:00,1,0,2024-07-17 09:28:27,0,2024-07-17 09:28:27,,,
2024-04-29,山西省,主焦煤,1800.00,到厂价,20,2024-04-29 00:00:00,1,0,2024-07-17 09:28:27,0,2024-07-17 09:28:27,,,
2024-04-22,河南省,1/3焦煤,1600.00,到厂价,21,2024-04-22 00:00:00,1,0,2024-07-17 09:28:27,0,2024-07-17 09:28:27,,,
2024-04-22,山西省,主焦煤,1800.00,到厂价,22,2024-04-22 00:00:00,1,0,2024-07-17 09:28:27,0,2024-07-17 09:28:27,,,
2024-04-15,河南省,1/3焦煤,1550.00,到厂价,23,2024-04-15 00:00:00,1,0,2024-07-17 09:28:27,0,2024-07-17 09:28:27,,,
2024-04-15,山西省,主焦煤,1750.00,到厂价,24,2024-04-15 00:00:00,1,0,2024-07-17 09:28:27,0,2024-07-17 09:28:27,,,
2024-04-08,河南省,1/3焦煤,1550.00,到厂价,25,2024-04-08 00:00:00,1,0,2024-07-17 09:28:27,0,2024-07-17 09:28:27,,,
2024-04-08,山西省,主焦煤,1750.00,到厂价,26,2024-04-08 00:00:00,1,0,2024-07-17 09:28:27,0,2024-07-17 09:28:27,,,
2024-04-01,河南省,1/3焦煤,1600.00,到厂价,27,2024-04-01 00:00:00,1,0,2024-07-17 09:28:27,0,2024-07-17 09:28:27,,,
2024-04-01,山西省,主焦煤,1800.00,到厂价,28,2024-04-01 00:00:00,1,0,2024-07-17 09:28:27,0,2024-07-17 09:28:27,,,
2024-03-25,河南省,1/3焦煤,1650.00,到厂价,29,2024-03-25 00:00:00,1,0,2024-07-17 09:28:27,0,2024-07-17 09:28:27,,,
2024-03-25,山西省,主焦煤,1850.00,到厂价,30,2024-03-25 00:00:00,1,0,2024-07-17 09:28:27,0,2024-07-17 09:28:27,,,
2024-03-18,河南省,1/3焦煤,1750.00,到厂价,31,2024-03-18 00:00:00,1,0,2024-07-17 09:28:30,0,2024-07-17 09:28:30,,,
2024-03-18,山西省,主焦煤,1950.00,到厂价,32,2024-03-18 00:00:00,1,0,2024-07-17 09:28:30,0,2024-07-17 09:28:30,,,
2024-03-11,河南省,1/3焦煤,1850.00,到厂价,33,2024-03-11 00:00:00,1,0,2024-07-17 09:28:30,0,2024-07-17 09:28:30,,,
2024-03-11,山西省,主焦煤,2000.00,到厂价,34,2024-03-11 00:00:00,1,0,2024-07-17 09:28:30,0,2024-07-17 09:28:30,,,
2024-03-04,河南省,1/3焦煤,1850.00,到厂价,35,2024-03-04 00:00:00,1,0,2024-07-17 09:28:30,0,2024-07-17 09:28:30,,,
2024-03-04,山西省,主焦煤,2200.00,到厂价,36,2024-03-04 00:00:00,1,0,2024-07-17 09:28:30,0,2024-07-17 09:28:30,,,
2024-02-26,河南省,1/3焦煤,1950.00,到厂价,37,2024-02-26 00:00:00,1,0,2024-07-17 09:28:30,0,2024-07-17 09:28:30,,,
2024-02-26,山西省,主焦煤,2300.00,到厂价,38,2024-02-26 00:00:00,1,0,2024-07-17 09:28:30,0,2024-07-17 09:28:30,,,
2024-02-19,河南省,1/3焦煤,1970.00,到厂价,39,2024-02-19 00:00:00,1,0,2024-07-17 09:28:30,0,2024-07-17 09:28:30,,,
2024-02-19,山西省,主焦煤,2400.00,到厂价,40,2024-02-19 00:00:00,1,0,2024-07-17 09:28:30,0,2024-07-17 09:28:30,,,
2024-02-05,河南省,1/3焦煤,1970.00,到厂价,41,2024-02-05 00:00:00,1,0,2024-07-17 09:28:30,0,2024-07-17 09:28:30,,,
2024-02-05,山西省,主焦煤,2400.00,到厂价,42,2024-02-05 00:00:00,1,0,2024-07-17 09:28:30,0,2024-07-17 09:28:30,,,
2024-01-29,河南省,1/3焦煤,1970.00,到厂价,43,2024-01-29 00:00:00,1,0,2024-07-17 09:28:30,0,2024-07-17 09:28:30,,,
2024-01-29,山西省,主焦煤,2400.00,到厂价,44,2024-01-29 00:00:00,1,0,2024-07-17 09:28:30,0,2024-07-17 09:28:30,,,
2024-01-22,河南省,1/3焦煤,1970.00,到厂价,45,2024-01-22 00:00:00,1,0,2024-07-17 09:28:30,0,2024-07-17 09:28:30,,,
2024-01-22,山西省,主焦煤,2400.00,到厂价,46,2024-01-22 00:00:00,1,0,2024-07-17 09:28:30,0,2024-07-17 09:28:30,,,
2024-01-15,河南省,1/3焦煤,1970.00,到厂价,47,2024-01-15 00:00:00,1,0,2024-07-17 09:28:30,0,2024-07-17 09:28:30,,,
2024-01-15,山西省,主焦煤,2300.00,到厂价,48,2024-01-15 00:00:00,1,0,2024-07-17 09:28:30,0,2024-07-17 09:28:30,,,
2024-01-08,河南省,1/3焦煤,2000.00,到厂价,49,2024-01-08 00:00:00,1,0,2024-07-17 09:28:30,0,2024-07-17 09:28:30,,,
2024-01-08,山西省,主焦煤,2400.00,到厂价,50,2024-01-08 00:00:00,1,0,2024-07-17 09:28:30,0,2024-07-17 09:28:30,,,
2023-12-25,河南省,1/3焦煤,2000.00,到厂价,51,2023-12-25 00:00:00,1,0,2024-07-17 09:28:30,0,2024-07-17 09:28:30,,,
2023-12-25,山西省,主焦煤,2400.00,到厂价,52,2023-12-25 00:00:00,1,0,2024-07-17 09:28:30,0,2024-07-17 09:28:30,,,
2023-12-18,河南省,1/3焦煤,2000.00,到厂价,53,2023-12-18 00:00:00,1,0,2024-07-17 09:28:30,0,2024-07-17 09:28:30,,,
2023-12-18,山西省,主焦煤,2400.00,到厂价,54,2023-12-18 00:00:00,1,0,2024-07-17 09:28:30,0,2024-07-17 09:28:30,,,
2023-12-11,河南省,1/3焦煤,2000.00,到厂价,55,2023-12-11 00:00:00,1,0,2024-07-17 09:28:30,0,2024-07-17 09:28:30,,,
2023-12-11,山西省,主焦煤,2400.00,到厂价,56,2023-12-11 00:00:00,1,0,2024-07-17 09:28:30,0,2024-07-17 09:28:30,,,
2023-12-04,河南省,1/3焦煤,2000.00,到厂价,57,2023-12-04 00:00:00,1,0,2024-07-17 09:28:30,0,2024-07-17 09:28:30,,,
2023-12-04,山西省,主焦煤,2400.00,到厂价,58,2023-12-04 00:00:00,1,0,2024-07-17 09:28:30,0,2024-07-17 09:28:30,,,
2023-11-27,河南省,1/3焦煤,1900.00,到厂价,59,2023-11-27 00:00:00,1,0,2024-07-17 09:28:30,0,2024-07-17 09:28:30,,,
2023-11-27,山西省,主焦煤,2300.00,到厂价,60,2023-11-27 00:00:00,1,0,2024-07-17 09:28:30,0,2024-07-17 09:28:30,,,
2023-11-20,河南省,1/3焦煤,1900.00,到厂价,61,2023-11-20 00:00:00,1,0,2024-07-17 09:28:33,0,2024-07-17 09:28:33,,,
2023-11-20,山西省,主焦煤,2300.00,到厂价,62,2023-11-20 00:00:00,1,0,2024-07-17 09:28:33,0,2024-07-17 09:28:33,,,
2023-11-13,河南省,1/3焦煤,1800.00,到厂价,63,2023-11-13 00:00:00,1,0,2024-07-17 09:28:33,0,2024-07-17 09:28:33,,,
2023-11-13,山西省,主焦煤,2300.00,到厂价,64,2023-11-13 00:00:00,1,0,2024-07-17 09:28:33,0,2024-07-17 09:28:33,,,
2023-11-06,河南省,1/3焦煤,1750.00,到厂价,65,2023-11-06 00:00:00,1,0,2024-07-17 09:28:33,0,2024-07-17 09:28:33,,,
2023-11-06,山西省,主焦煤,2200.00,到厂价,66,2023-11-06 00:00:00,1,0,2024-07-17 09:28:33,0,2024-07-17 09:28:33,,,
2023-10-30,河南省,1/3焦煤,1750.00,到厂价,67,2023-10-30 00:00:00,1,0,2024-07-17 09:28:33,0,2024-07-17 09:28:33,,,
2023-10-30,山西省,主焦煤,2200.00,到厂价,68,2023-10-30 00:00:00,1,0,2024-07-17 09:28:33,0,2024-07-17 09:28:33,,,
2023-10-23,河南省,1/3焦煤,1750.00,到厂价,69,2023-10-23 00:00:00,1,0,2024-07-17 09:28:33,0,2024-07-17 09:28:33,,,
2023-10-23,山西省,主焦煤,2200.00,到厂价,70,2023-10-23 00:00:00,1,0,2024-07-17 09:28:33,0,2024-07-17 09:28:33,,,
2023-10-16,河南省,1/3焦煤,1750.00,到厂价,71,2023-10-16 00:00:00,1,0,2024-07-17 09:28:33,0,2024-07-17 09:28:33,,,
2023-10-16,山西省,主焦煤,2200.00,到厂价,72,2023-10-16 00:00:00,1,0,2024-07-17 09:28:33,0,2024-07-17 09:28:33,,,
2023-10-09,河南省,1/3焦煤,1750.00,到厂价,73,2023-10-09 00:00:00,1,0,2024-07-17 09:28:33,0,2024-07-17 09:28:33,,,
2023-10-09,山西省,主焦煤,2200.00,到厂价,74,2023-10-09 00:00:00,1,0,2024-07-17 09:28:33,0,2024-07-17 09:28:33,,,
2023-09-25,河南省,1/3焦煤,1650.00,到厂价,75,2023-09-25 00:00:00,1,0,2024-07-17 09:28:33,0,2024-07-17 09:28:33,,,
2023-09-25,山西省,主焦煤,2200.00,到厂价,76,2023-09-25 00:00:00,1,0,2024-07-17 09:28:33,0,2024-07-17 09:28:33,,,
2023-09-18,河南省,1/3焦煤,1550.00,到厂价,77,2023-09-18 00:00:00,1,0,2024-07-17 09:28:33,0,2024-07-17 09:28:33,,,
2023-09-18,山西省,主焦煤,2050.00,到厂价,78,2023-09-18 00:00:00,1,0,2024-07-17 09:28:33,0,2024-07-17 09:28:33,,,
2023-09-11,河南省,1/3焦煤,1550.00,到厂价,79,2023-09-11 00:00:00,1,0,2024-07-17 09:28:33,0,2024-07-17 09:28:33,,,
2023-09-11,山西省,主焦煤,2050.00,到厂价,80,2023-09-11 00:00:00,1,0,2024-07-17 09:28:33,0,2024-07-17 09:28:33,,,
2023-09-04,河南省,1/3焦煤,1550.00,到厂价,81,2023-09-04 00:00:00,1,0,2024-07-17 09:28:33,0,2024-07-17 09:28:33,,,
2023-09-04,山西省,主焦煤,1950.00,到厂价,82,2023-09-04 00:00:00,1,0,2024-07-17 09:28:33,0,2024-07-17 09:28:33,,,
2023-08-28,河南省,1/3焦煤,1550.00,到厂价,83,2023-08-28 00:00:00,1,0,2024-07-17 09:28:33,0,2024-07-17 09:28:33,,,
2023-08-28,山西省,主焦煤,1950.00,到厂价,84,2023-08-28 00:00:00,1,0,2024-07-17 09:28:33,0,2024-07-17 09:28:33,,,
2023-08-21,河南省,1/3焦煤,1550.00,到厂价,85,2023-08-21 00:00:00,1,0,2024-07-17 09:28:33,0,2024-07-17 09:28:33,,,
2023-08-21,山西省,主焦煤,2000.00,到厂价,86,2023-08-21 00:00:00,1,0,2024-07-17 09:28:33,0,2024-07-17 09:28:33,,,
2023-08-14,河南省,1/3焦煤,1600.00,到厂价,87,2023-08-14 00:00:00,1,0,2024-07-17 09:28:33,0,2024-07-17 09:28:33,,,
2023-08-14,山西省,主焦煤,2000.00,到厂价,88,2023-08-14 00:00:00,1,0,2024-07-17 09:28:33,0,2024-07-17 09:28:33,,,
2023-08-07,河南省,1/3焦煤,1600.00,到厂价,89,2023-08-07 00:00:00,1,0,2024-07-17 09:28:33,0,2024-07-17 09:28:33,,,
2023-08-07,山西省,主焦煤,2000.00,到厂价,90,2023-08-07 00:00:00,1,0,2024-07-17 09:28:33,0,2024-07-17 09:28:33,,,
2023-07-31,河南省,1/3焦煤,1600.00,到厂价,91,2023-07-31 00:00:00,1,0,2024-07-17 09:28:36,0,2024-07-17 09:28:36,,,
2023-07-31,山西省,主焦煤,1875.00,到厂价,92,2023-07-31 00:00:00,1,0,2024-07-17 09:28:36,0,2024-07-17 09:28:36,,,
2023-07-24,河南省,1/3焦煤,1600.00,到厂价,93,2023-07-24 00:00:00,1,0,2024-07-17 09:28:36,0,2024-07-17 09:28:36,,,
2023-07-24,山西省,主焦煤,1875.00,到厂价,94,2023-07-24 00:00:00,1,0,2024-07-17 09:28:36,0,2024-07-17 09:28:36,,,
2023-07-17,河南省,1/3焦煤,1500.00,到厂价,95,2023-07-17 00:00:00,1,0,2024-07-17 09:28:36,0,2024-07-17 09:28:36,,,
2023-07-17,山西省,主焦煤,1700.00,到厂价,96,2023-07-17 00:00:00,1,0,2024-07-17 09:28:36,0,2024-07-17 09:28:36,,,
2023-07-10,河南省,1/3焦煤,1500.00,到厂价,97,2023-07-10 00:00:00,1,0,2024-07-17 09:28:36,0,2024-07-17 09:28:36,,,
2023-07-10,山西省,主焦煤,1700.00,到厂价,98,2023-07-10 00:00:00,1,0,2024-07-17 09:28:36,0,2024-07-17 09:28:36,,,
2023-07-03,河南省,1/3焦煤,1500.00,到厂价,99,2023-07-03 00:00:00,1,0,2024-07-17 09:28:36,0,2024-07-17 09:28:36,,,
2023-07-03,山西省,主焦煤,1700.00,到厂价,100,2023-07-03 00:00:00,1,0,2024-07-17 09:28:36,0,2024-07-17 09:28:36,,,
2023-06-26,河南省,1/3焦煤,1500.00,到厂价,101,2023-06-26 00:00:00,1,0,2024-07-17 09:28:36,0,2024-07-17 09:28:36,,,
2023-06-26,山西省,主焦煤,1700.00,到厂价,102,2023-06-26 00:00:00,1,0,2024-07-17 09:28:36,0,2024-07-17 09:28:36,,,
2023-06-19,河南省,1/3焦煤,1400.00,到厂价,103,2023-06-19 00:00:00,1,0,2024-07-17 09:28:36,0,2024-07-17 09:28:36,,,
2023-06-19,山西省,主焦煤,1590.00,到厂价,104,2023-06-19 00:00:00,1,0,2024-07-17 09:28:36,0,2024-07-17 09:28:36,,,
2023-06-12,河南省,1/3焦煤,1300.00,到厂价,105,2023-06-12 00:00:00,1,0,2024-07-17 09:28:36,0,2024-07-17 09:28:36,,,
2023-06-12,山西省,主焦煤,1590.00,到厂价,106,2023-06-12 00:00:00,1,0,2024-07-17 09:28:36,0,2024-07-17 09:28:36,,,
2023-06-05,河南省,1/3焦煤,1400.00,到厂价,107,2023-06-05 00:00:00,1,0,2024-07-17 09:28:36,0,2024-07-17 09:28:36,,,
2023-06-05,山西省,主焦煤,1590.00,到厂价,108,2023-06-05 00:00:00,1,0,2024-07-17 09:28:36,0,2024-07-17 09:28:36,,,
2023-05-29,河南省,1/3焦煤,1400.00,到厂价,109,2023-05-29 00:00:00,1,0,2024-07-17 09:28:36,0,2024-07-17 09:28:36,,,
2023-05-29,山西省,主焦煤,1650.00,到厂价,110,2023-05-29 00:00:00,1,0,2024-07-17 09:28:36,0,2024-07-17 09:28:36,,,
2023-05-22,河南省,1/3焦煤,1400.00,到厂价,111,2023-05-22 00:00:00,1,0,2024-07-17 09:28:36,0,2024-07-17 09:28:36,,,
2023-05-22,山西省,主焦煤,1650.00,到厂价,112,2023-05-22 00:00:00,1,0,2024-07-17 09:28:36,0,2024-07-17 09:28:36,,,
2023-05-15,河南省,1/3焦煤,1400.00,到厂价,113,2023-05-15 00:00:00,1,0,2024-07-17 09:28:36,0,2024-07-17 09:28:36,,,
2023-05-15,山西省,主焦煤,1650.00,到厂价,114,2023-05-15 00:00:00,1,0,2024-07-17 09:28:36,0,2024-07-17 09:28:36,,,
2023-05-08,河南省,1/3焦煤,1400.00,到厂价,115,2023-05-08 00:00:00,1,0,2024-07-17 09:28:36,0,2024-07-17 09:28:36,,,
2023-05-08,山西省,主焦煤,1650.00,到厂价,116,2023-05-08 00:00:00,1,0,2024-07-17 09:28:36,0,2024-07-17 09:28:36,,,
2023-04-24,河南省,1/3焦煤,1800.00,到厂价,117,2023-04-24 00:00:00,1,0,2024-07-17 09:28:36,0,2024-07-17 09:28:36,,,
2023-04-24,山西省,主焦煤,1800.00,到厂价,118,2023-04-24 00:00:00,1,0,2024-07-17 09:28:36,0,2024-07-17 09:28:36,,,
2023-04-17,河南省,1/3焦煤,1800.00,到厂价,119,2023-04-17 00:00:00,1,0,2024-07-17 09:28:36,0,2024-07-17 09:28:36,,,
2023-04-17,山西省,主焦煤,2060.00,到厂价,120,2023-04-17 00:00:00,1,0,2024-07-17 09:28:36,0,2024-07-17 09:28:36,,,
2023-04-10,河南省,1/3焦煤,1850.00,到厂价,121,2023-04-10 00:00:00,1,0,2024-07-17 09:28:40,0,2024-07-17 09:28:40,,,
2023-04-10,山西省,主焦煤,2150.00,到厂价,122,2023-04-10 00:00:00,1,0,2024-07-17 09:28:40,0,2024-07-17 09:28:40,,,
2023-04-03,河南省,1/3焦煤,1850.00,到厂价,123,2023-04-03 00:00:00,1,0,2024-07-17 09:28:40,0,2024-07-17 09:28:40,,,
2023-04-03,山西省,主焦煤,2250.00,到厂价,124,2023-04-03 00:00:00,1,0,2024-07-17 09:28:40,0,2024-07-17 09:28:40,,,
2023-03-27,河南省,1/3焦煤,2050.00,到厂价,125,2023-03-27 00:00:00,1,0,2024-07-17 09:28:40,0,2024-07-17 09:28:40,,,
2023-03-27,山西省,主焦煤,2400.00,到厂价,126,2023-03-27 00:00:00,1,0,2024-07-17 09:28:40,0,2024-07-17 09:28:40,,,
2023-03-20,河南省,1/3焦煤,2200.00,到厂价,127,2023-03-20 00:00:00,1,0,2024-07-17 09:28:40,0,2024-07-17 09:28:40,,,
2023-03-20,山西省,主焦煤,2500.00,到厂价,128,2023-03-20 00:00:00,1,0,2024-07-17 09:28:40,0,2024-07-17 09:28:40,,,
2023-03-13,河南省,1/3焦煤,2200.00,到厂价,129,2023-03-13 00:00:00,1,0,2024-07-17 09:28:40,0,2024-07-17 09:28:40,,,
2023-03-13,山西省,主焦煤,2500.00,到厂价,130,2023-03-13 00:00:00,1,0,2024-07-17 09:28:40,0,2024-07-17 09:28:40,,,
2023-03-06,河南省,1/3焦煤,2200.00,到厂价,131,2023-03-06 00:00:00,1,0,2024-07-17 09:28:40,0,2024-07-17 09:28:40,,,
2023-03-06,山西省,主焦煤,2500.00,到厂价,132,2023-03-06 00:00:00,1,0,2024-07-17 09:28:40,0,2024-07-17 09:28:40,,,
2023-02-27,河南省,1/3焦煤,2100.00,到厂价,133,2023-02-27 00:00:00,1,0,2024-07-17 09:28:40,0,2024-07-17 09:28:40,,,
2023-02-27,山西省,主焦煤,2350.00,到厂价,134,2023-02-27 00:00:00,1,0,2024-07-17 09:28:40,0,2024-07-17 09:28:40,,,
2023-02-20,河南省,1/3焦煤,2000.00,到厂价,135,2023-02-20 00:00:00,1,0,2024-07-17 09:28:40,0,2024-07-17 09:28:40,,,
2023-02-20,山西省,主焦煤,2350.00,到厂价,136,2023-02-20 00:00:00,1,0,2024-07-17 09:28:40,0,2024-07-17 09:28:40,,,
2023-02-13,河南省,1/3焦煤,2000.00,到厂价,137,2023-02-13 00:00:00,1,0,2024-07-17 09:28:40,0,2024-07-17 09:28:40,,,
2023-02-13,山西省,主焦煤,2350.00,到厂价,138,2023-02-13 00:00:00,1,0,2024-07-17 09:28:40,0,2024-07-17 09:28:40,,,
2023-02-06,河南省,1/3焦煤,2000.00,到厂价,139,2023-02-06 00:00:00,1,0,2024-07-17 09:28:40,0,2024-07-17 09:28:40,,,
2023-02-06,山西省,主焦煤,2350.00,到厂价,140,2023-02-06 00:00:00,1,0,2024-07-17 09:28:40,0,2024-07-17 09:28:40,,,
2023-01-30,河南省,1/3焦煤,2000.00,到厂价,141,2023-01-30 00:00:00,1,0,2024-07-17 09:28:40,0,2024-07-17 09:28:40,,,
2023-01-30,山西省,主焦煤,2350.00,到厂价,142,2023-01-30 00:00:00,1,0,2024-07-17 09:28:40,0,2024-07-17 09:28:40,,,
2023-01-16,河南省,1/3焦煤,2000.00,到厂价,143,2023-01-16 00:00:00,1,0,2024-07-17 09:28:40,0,2024-07-17 09:28:40,,,
2023-01-16,山西省,主焦煤,2350.00,到厂价,144,2023-01-16 00:00:00,1,0,2024-07-17 09:28:40,0,2024-07-17 09:28:40,,,
2023-01-09,河南省,1/3焦煤,2250.00,到厂价,145,2023-01-09 00:00:00,1,0,2024-07-17 09:28:40,0,2024-07-17 09:28:40,,,
2023-01-09,山西省,主焦煤,2560.00,到厂价,146,2023-01-09 00:00:00,1,0,2024-07-17 09:28:40,0,2024-07-17 09:28:40,,,
2022-12-26,河南省,1/3焦煤,2300.00,到厂价,147,2022-12-26 00:00:00,1,0,2024-07-17 09:28:40,0,2024-07-17 09:28:40,,,
2022-12-26,山西省,主焦煤,2590.00,到厂价,148,2022-12-26 00:00:00,1,0,2024-07-17 09:28:40,0,2024-07-17 09:28:40,,,
2022-12-19,河南省,1/3焦煤,2300.00,到厂价,149,2022-12-19 00:00:00,1,0,2024-07-17 09:28:40,0,2024-07-17 09:28:40,,,
2022-12-19,山西省,主焦煤,2590.00,到厂价,150,2022-12-19 00:00:00,1,0,2024-07-17 09:28:40,0,2024-07-17 09:28:40,,,
2022-12-12,河南省,1/3焦煤,2200.00,到厂价,151,2022-12-12 00:00:00,1,0,2024-07-17 09:28:44,0,2024-07-17 09:28:44,,,
2022-12-12,山西省,主焦煤,2390.00,到厂价,152,2022-12-12 00:00:00,1,0,2024-07-17 09:28:44,0,2024-07-17 09:28:44,,,
2022-12-05,河南省,1/3焦煤,2150.00,到厂价,153,2022-12-05 00:00:00,1,0,2024-07-17 09:28:44,0,2024-07-17 09:28:44,,,
2022-12-05,山西省,主焦煤,2390.00,到厂价,154,2022-12-05 00:00:00,1,0,2024-07-17 09:28:44,0,2024-07-17 09:28:44,,,
2022-11-28,河南省,1/3焦煤,2050.00,到厂价,155,2022-11-28 00:00:00,1,0,2024-07-17 09:28:44,0,2024-07-17 09:28:44,,,
2022-11-28,山西省,主焦煤,2390.00,到厂价,156,2022-11-28 00:00:00,1,0,2024-07-17 09:28:44,0,2024-07-17 09:28:44,,,
2022-11-21,河南省,1/3焦煤,2000.00,到厂价,157,2022-11-21 00:00:00,1,0,2024-07-17 09:28:44,0,2024-07-17 09:28:44,,,
2022-11-21,山西省,主焦煤,2350.00,到厂价,158,2022-11-21 00:00:00,1,0,2024-07-17 09:28:44,0,2024-07-17 09:28:44,,,
2022-11-14,河南省,1/3焦煤,1950.00,到厂价,159,2022-11-14 00:00:00,1,0,2024-07-17 09:28:44,0,2024-07-17 09:28:44,,,
2022-11-14,山西省,主焦煤,2260.00,到厂价,160,2022-11-14 00:00:00,1,0,2024-07-17 09:28:44,0,2024-07-17 09:28:44,,,
2022-11-07,河南省,1/3焦煤,1950.00,到厂价,161,2022-11-07 00:00:00,1,0,2024-07-17 09:28:44,0,2024-07-17 09:28:44,,,
2022-11-07,山西省,主焦煤,2400.00,到厂价,162,2022-11-07 00:00:00,1,0,2024-07-17 09:28:44,0,2024-07-17 09:28:44,,,
2022-10-31,河南省,1/3焦煤,2200.00,到厂价,163,2022-10-31 00:00:00,1,0,2024-07-17 09:28:44,0,2024-07-17 09:28:44,,,
2022-10-31,山西省,主焦煤,2480.00,到厂价,164,2022-10-31 00:00:00,1,0,2024-07-17 09:28:44,0,2024-07-17 09:28:44,,,
2022-10-24,河南省,1/3焦煤,2400.00,到厂价,165,2022-10-24 00:00:00,1,0,2024-07-17 09:28:44,0,2024-07-17 09:28:44,,,
2022-10-24,山西省,主焦煤,2480.00,到厂价,166,2022-10-24 00:00:00,1,0,2024-07-17 09:28:44,0,2024-07-17 09:28:44,,,
2022-10-17,河南省,1/3焦煤,2400.00,到厂价,167,2022-10-17 00:00:00,1,0,2024-07-17 09:28:44,0,2024-07-17 09:28:44,,,
2022-10-17,山西省,主焦煤,2480.00,到厂价,168,2022-10-17 00:00:00,1,0,2024-07-17 09:28:44,0,2024-07-17 09:28:44,,,
2022-10-10,河南省,1/3焦煤,2300.00,到厂价,169,2022-10-10 00:00:00,1,0,2024-07-17 09:28:44,0,2024-07-17 09:28:44,,,
2022-10-10,山西省,主焦煤,2420.00,到厂价,170,2022-10-10 00:00:00,1,0,2024-07-17 09:28:44,0,2024-07-17 09:28:44,,,
2022-09-26,河南省,1/3焦煤,2300.00,到厂价,171,2022-09-26 00:00:00,1,0,2024-07-17 09:28:44,0,2024-07-17 09:28:44,,,
2022-09-26,山西省,主焦煤,2420.00,到厂价,172,2022-09-26 00:00:00,1,0,2024-07-17 09:28:44,0,2024-07-17 09:28:44,,,
2022-09-19,河南省,1/3焦煤,2050.00,到厂价,173,2022-09-19 00:00:00,1,0,2024-07-17 09:28:44,0,2024-07-17 09:28:44,,,
2022-09-19,山西省,主焦煤,2400.00,到厂价,174,2022-09-19 00:00:00,1,0,2024-07-17 09:28:44,0,2024-07-17 09:28:44,,,
2022-09-05,河南省,1/3焦煤,2050.00,到厂价,175,2022-09-05 00:00:00,1,0,2024-07-17 09:28:44,0,2024-07-17 09:28:44,,,
2022-09-05,山西省,主焦煤,2350.00,到厂价,176,2022-09-05 00:00:00,1,0,2024-07-17 09:28:44,0,2024-07-17 09:28:44,,,
2022-08-29,河南省,1/3焦煤,2050.00,到厂价,177,2022-08-29 00:00:00,1,0,2024-07-17 09:28:44,0,2024-07-17 09:28:44,,,
2022-08-29,山西省,主焦煤,2350.00,到厂价,178,2022-08-29 00:00:00,1,0,2024-07-17 09:28:44,0,2024-07-17 09:28:44,,,
2022-08-22,河南省,1/3焦煤,2050.00,到厂价,179,2022-08-22 00:00:00,1,0,2024-07-17 09:28:44,0,2024-07-17 09:28:44,,,
2022-08-22,山西省,主焦煤,2350.00,到厂价,180,2022-08-22 00:00:00,1,0,2024-07-17 09:28:44,0,2024-07-17 09:28:44,,,
2022-08-15,河南省,1/3焦煤,2000.00,到厂价,181,2022-08-15 00:00:00,1,0,2024-07-17 09:28:47,0,2024-07-17 09:28:47,,,
2022-08-15,山西省,主焦煤,2200.00,到厂价,182,2022-08-15 00:00:00,1,0,2024-07-17 09:28:47,0,2024-07-17 09:28:47,,,
2022-08-08,河南省,1/3焦煤,1850.00,到厂价,183,2022-08-08 00:00:00,1,0,2024-07-17 09:28:47,0,2024-07-17 09:28:47,,,
2022-08-08,山西省,主焦煤,2200.00,到厂价,184,2022-08-08 00:00:00,1,0,2024-07-17 09:28:47,0,2024-07-17 09:28:47,,,
2022-08-01,河南省,1/3焦煤,1850.00,到厂价,185,2022-08-01 00:00:00,1,0,2024-07-17 09:28:47,0,2024-07-17 09:28:47,,,
2022-08-01,山西省,主焦煤,2200.00,到厂价,186,2022-08-01 00:00:00,1,0,2024-07-17 09:28:47,0,2024-07-17 09:28:47,,,
2022-07-25,河南省,1/3焦煤,1850.00,到厂价,187,2022-07-25 00:00:00,1,0,2024-07-17 09:28:47,0,2024-07-17 09:28:47,,,
2022-07-25,山西省,主焦煤,2500.00,到厂价,188,2022-07-25 00:00:00,1,0,2024-07-17 09:28:47,0,2024-07-17 09:28:47,,,
2022-07-18,河南省,1/3焦煤,2000.00,到厂价,189,2022-07-18 00:00:00,1,0,2024-07-17 09:28:47,0,2024-07-17 09:28:47,,,
2022-07-18,山西省,主焦煤,2600.00,到厂价,190,2022-07-18 00:00:00,1,0,2024-07-17 09:28:47,0,2024-07-17 09:28:47,,,
2022-07-11,河南省,1/3焦煤,2000.00,到厂价,191,2022-07-11 00:00:00,1,0,2024-07-17 09:28:47,0,2024-07-17 09:28:47,,,
2022-07-11,山西省,主焦煤,2800.00,到厂价,192,2022-07-11 00:00:00,1,0,2024-07-17 09:28:47,0,2024-07-17 09:28:47,,,
2022-07-04,河南省,1/3焦煤,2000.00,到厂价,193,2022-07-04 00:00:00,1,0,2024-07-17 09:28:47,0,2024-07-17 09:28:47,,,
2022-07-04,山西省,主焦煤,2900.00,到厂价,194,2022-07-04 00:00:00,1,0,2024-07-17 09:28:47,0,2024-07-17 09:28:47,,,
2022-06-27,河南省,1/3焦煤,2000.00,到厂价,195,2022-06-27 00:00:00,1,0,2024-07-17 09:28:47,0,2024-07-17 09:28:47,,,
2022-06-27,山西省,主焦煤,2800.00,到厂价,196,2022-06-27 00:00:00,1,0,2024-07-17 09:28:47,0,2024-07-17 09:28:47,,,
2022-06-20,河南省,1/3焦煤,2600.00,到厂价,197,2022-06-20 00:00:00,1,0,2024-07-17 09:28:47,0,2024-07-17 09:28:47,,,
2022-06-20,山西省,主焦煤,3150.00,到厂价,198,2022-06-20 00:00:00,1,0,2024-07-17 09:28:47,0,2024-07-17 09:28:47,,,
2022-06-13,河南省,1/3焦煤,2300.00,到厂价,199,2022-06-13 00:00:00,1,0,2024-07-17 09:28:47,0,2024-07-17 09:28:47,,,
2022-06-13,山西省,主焦煤,2900.00,到厂价,200,2022-06-13 00:00:00,1,0,2024-07-17 09:28:47,0,2024-07-17 09:28:47,,,
2022-06-06,河南省,1/3焦煤,2300.00,到厂价,201,2022-06-06 00:00:00,1,0,2024-07-17 09:28:47,0,2024-07-17 09:28:47,,,
2022-06-06,山西省,主焦煤,2900.00,到厂价,202,2022-06-06 00:00:00,1,0,2024-07-17 09:28:47,0,2024-07-17 09:28:47,,,
2022-05-30,河南省,1/3焦煤,2300.00,到厂价,203,2022-05-30 00:00:00,1,0,2024-07-17 09:28:47,0,2024-07-17 09:28:47,,,
2022-05-30,山西省,主焦煤,2900.00,到厂价,204,2022-05-30 00:00:00,1,0,2024-07-17 09:28:47,0,2024-07-17 09:28:47,,,
2022-05-23,河南省,1/3焦煤,2300.00,到厂价,205,2022-05-23 00:00:00,1,0,2024-07-17 09:28:47,0,2024-07-17 09:28:47,,,
2022-05-23,山西省,主焦煤,2900.00,到厂价,206,2022-05-23 00:00:00,1,0,2024-07-17 09:28:47,0,2024-07-17 09:28:47,,,
2022-05-16,河南省,1/3焦煤,2500.00,到厂价,207,2022-05-16 00:00:00,1,0,2024-07-17 09:28:47,0,2024-07-17 09:28:47,,,
2022-05-16,山西省,主焦煤,3210.00,到厂价,208,2022-05-16 00:00:00,1,0,2024-07-17 09:28:47,0,2024-07-17 09:28:47,,,
2022-05-09,河南省,1/3焦煤,2500.00,到厂价,209,2022-05-09 00:00:00,1,0,2024-07-17 09:28:47,0,2024-07-17 09:28:47,,,
2022-05-09,山西省,主焦煤,3000.00,到厂价,210,2022-05-09 00:00:00,1,0,2024-07-17 09:28:47,0,2024-07-17 09:28:47,,,
2022-04-25,河南省,1/3焦煤,2800.00,到厂价,211,2022-04-25 00:00:00,1,0,2024-07-17 09:28:51,0,2024-07-17 09:28:51,,,
2022-04-25,山西省,主焦煤,3210.00,到厂价,212,2022-04-25 00:00:00,1,0,2024-07-17 09:28:51,0,2024-07-17 09:28:51,,,
2022-04-18,河南省,1/3焦煤,2800.00,到厂价,213,2022-04-18 00:00:00,1,0,2024-07-17 09:28:51,0,2024-07-17 09:28:51,,,
2022-04-18,山西省,主焦煤,3140.00,到厂价,214,2022-04-18 00:00:00,1,0,2024-07-17 09:28:51,0,2024-07-17 09:28:51,,,
2022-04-11,河南省,1/3焦煤,2800.00,到厂价,215,2022-04-11 00:00:00,1,0,2024-07-17 09:28:51,0,2024-07-17 09:28:51,,,
2022-04-11,山西省,主焦煤,3140.00,到厂价,216,2022-04-11 00:00:00,1,0,2024-07-17 09:28:51,0,2024-07-17 09:28:51,,,
2022-03-28,河南省,1/3焦煤,2800.00,到厂价,217,2022-03-28 00:00:00,1,0,2024-07-17 09:28:51,0,2024-07-17 09:28:51,,,
2022-03-28,山西省,主焦煤,3200.00,到厂价,218,2022-03-28 00:00:00,1,0,2024-07-17 09:28:51,0,2024-07-17 09:28:51,,,
2022-03-21,河南省,1/3焦煤,2800.00,到厂价,219,2022-03-21 00:00:00,1,0,2024-07-17 09:28:51,0,2024-07-17 09:28:51,,,
2022-03-21,山西省,主焦煤,3200.00,到厂价,220,2022-03-21 00:00:00,1,0,2024-07-17 09:28:51,0,2024-07-17 09:28:51,,,
2022-03-14,河南省,1/3焦煤,2500.00,到厂价,221,2022-03-14 00:00:00,1,0,2024-07-17 09:28:51,0,2024-07-17 09:28:51,,,
2022-03-14,山西省,主焦煤,3200.00,到厂价,222,2022-03-14 00:00:00,1,0,2024-07-17 09:28:51,0,2024-07-17 09:28:51,,,
2022-03-07,河南省,1/3焦煤,2200.00,到厂价,223,2022-03-07 00:00:00,1,0,2024-07-17 09:28:51,0,2024-07-17 09:28:51,,,
2022-03-07,山西省,主焦煤,2730.00,到厂价,224,2022-03-07 00:00:00,1,0,2024-07-17 09:28:51,0,2024-07-17 09:28:51,,,
2022-02-28,河南省,1/3焦煤,2200.00,到厂价,225,2022-02-28 00:00:00,1,0,2024-07-17 09:28:51,0,2024-07-17 09:28:51,,,
2022-02-28,山西省,主焦煤,2650.00,到厂价,226,2022-02-28 00:00:00,1,0,2024-07-17 09:28:51,0,2024-07-17 09:28:51,,,
2022-02-21,河南省,1/3焦煤,2000.00,到厂价,227,2022-02-21 00:00:00,1,0,2024-07-17 09:28:51,0,2024-07-17 09:28:51,,,
2022-02-21,山西省,主焦煤,2350.00,到厂价,228,2022-02-21 00:00:00,1,0,2024-07-17 09:28:51,0,2024-07-17 09:28:51,,,
2022-02-14,河南省,1/3焦煤,2400.00,到厂价,229,2022-02-14 00:00:00,1,0,2024-07-17 09:28:51,0,2024-07-17 09:28:51,,,
2022-02-14,山西省,主焦煤,2680.00,到厂价,230,2022-02-14 00:00:00,1,0,2024-07-17 09:28:51,0,2024-07-17 09:28:51,,,
2022-02-07,河南省,1/3焦煤,2400.00,到厂价,231,2022-02-07 00:00:00,1,0,2024-07-17 09:28:51,0,2024-07-17 09:28:51,,,
2022-02-07,山西省,主焦煤,2680.00,到厂价,232,2022-02-07 00:00:00,1,0,2024-07-17 09:28:51,0,2024-07-17 09:28:51,,,
2022-01-24,河南省,1/3焦煤,2050.00,到厂价,233,2022-01-24 00:00:00,1,0,2024-07-17 09:28:51,0,2024-07-17 09:28:51,,,
2022-01-24,山西省,主焦煤,2500.00,到厂价,234,2022-01-24 00:00:00,1,0,2024-07-17 09:28:51,0,2024-07-17 09:28:51,,,
2022-01-17,河南省,1/3焦煤,2050.00,到厂价,235,2022-01-17 00:00:00,1,0,2024-07-17 09:28:51,0,2024-07-17 09:28:51,,,
2022-01-17,山西省,主焦煤,2500.00,到厂价,236,2022-01-17 00:00:00,1,0,2024-07-17 09:28:51,0,2024-07-17 09:28:51,,,
2022-01-10,河南省,1/3焦煤,2050.00,到厂价,237,2022-01-10 00:00:00,1,0,2024-07-17 09:28:51,0,2024-07-17 09:28:51,,,
2022-01-10,山西省,主焦煤,2500.00,到厂价,238,2022-01-10 00:00:00,1,0,2024-07-17 09:28:51,0,2024-07-17 09:28:51,,,
2021-12-27,河南省,1/3焦煤,1950.00,到厂价,239,2021-12-27 00:00:00,1,0,2024-07-17 09:28:51,0,2024-07-17 09:28:51,,,
2021-12-27,山西省,主焦煤,2330.00,到厂价,240,2021-12-27 00:00:00,1,0,2024-07-17 09:28:51,0,2024-07-17 09:28:51,,,
2021-12-20,河南省,1/3焦煤,1950.00,到厂价,241,2021-12-20 00:00:00,1,0,2024-07-17 09:28:53,0,2024-07-17 09:28:53,,,
2021-12-20,山西省,主焦煤,2250.00,到厂价,242,2021-12-20 00:00:00,1,0,2024-07-17 09:28:53,0,2024-07-17 09:28:53,,,
2021-12-13,河南省,1/3焦煤,3550.00,到厂价,243,2021-12-13 00:00:00,1,0,2024-07-17 09:28:53,0,2024-07-17 09:28:53,,,
2021-12-13,山西省,主焦煤,2250.00,到厂价,244,2021-12-13 00:00:00,1,0,2024-07-17 09:28:53,0,2024-07-17 09:28:53,,,
2021-12-06,河南省,1/3焦煤,3550.00,到厂价,245,2021-12-06 00:00:00,1,0,2024-07-17 09:28:53,0,2024-07-17 09:28:53,,,
2021-12-06,山西省,主焦煤,2250.00,到厂价,246,2021-12-06 00:00:00,1,0,2024-07-17 09:28:53,0,2024-07-17 09:28:53,,,
2021-11-29,河南省,1/3焦煤,3550.00,到厂价,247,2021-11-29 00:00:00,1,0,2024-07-17 09:28:53,0,2024-07-17 09:28:53,,,
2021-11-29,山西省,主焦煤,2250.00,到厂价,248,2021-11-29 00:00:00,1,0,2024-07-17 09:28:53,0,2024-07-17 09:28:53,,,
2021-11-22,河南省,1/3焦煤,3550.00,到厂价,249,2021-11-22 00:00:00,1,0,2024-07-17 09:28:53,0,2024-07-17 09:28:53,,,
2021-11-22,山西省,主焦煤,2650.00,到厂价,250,2021-11-22 00:00:00,1,0,2024-07-17 09:28:53,0,2024-07-17 09:28:53,,,
2021-11-15,河南省,1/3焦煤,3550.00,到厂价,251,2021-11-15 00:00:00,1,0,2024-07-17 09:28:53,0,2024-07-17 09:28:53,,,
2021-11-15,山西省,主焦煤,3650.00,到厂价,252,2021-11-15 00:00:00,1,0,2024-07-17 09:28:53,0,2024-07-17 09:28:53,,,
2021-11-08,河南省,1/3焦煤,3550.00,到厂价,253,2021-11-08 00:00:00,1,0,2024-07-17 09:28:53,0,2024-07-17 09:28:53,,,
2021-11-08,山西省,主焦煤,3650.00,到厂价,254,2021-11-08 00:00:00,1,0,2024-07-17 09:28:53,0,2024-07-17 09:28:53,,,
2021-11-01,河南省,1/3焦煤,3550.00,到厂价,255,2021-11-01 00:00:00,1,0,2024-07-17 09:28:53,0,2024-07-17 09:28:53,,,
2021-11-01,山西省,主焦煤,3650.00,到厂价,256,2021-11-01 00:00:00,1,0,2024-07-17 09:28:53,0,2024-07-17 09:28:53,,,
2021-10-25,河南省,1/3焦煤,3550.00,到厂价,257,2021-10-25 00:00:00,1,0,2024-07-17 09:28:53,0,2024-07-17 09:28:53,,,
2021-10-25,山西省,主焦煤,3650.00,到厂价,258,2021-10-25 00:00:00,1,0,2024-07-17 09:28:53,0,2024-07-17 09:28:53,,,
2021-10-18,河南省,1/3焦煤,3550.00,到厂价,259,2021-10-18 00:00:00,1,0,2024-07-17 09:28:53,0,2024-07-17 09:28:53,,,
2021-10-18,山西省,主焦煤,3650.00,到厂价,260,2021-10-18 00:00:00,1,0,2024-07-17 09:28:53,0,2024-07-17 09:28:53,,,
2021-10-11,河南省,1/3焦煤,3550.00,到厂价,261,2021-10-11 00:00:00,1,0,2024-07-17 09:28:53,0,2024-07-17 09:28:53,,,
2021-10-11,山西省,主焦煤,3850.00,到厂价,262,2021-10-11 00:00:00,1,0,2024-07-17 09:28:53,0,2024-07-17 09:28:53,,,
2021-09-27,河南省,1/3焦煤,2650.00,到厂价,263,2021-09-27 00:00:00,1,0,2024-07-17 09:28:53,0,2024-07-17 09:28:53,,,
2021-09-27,山西省,主焦煤,3650.00,到厂价,264,2021-09-27 00:00:00,1,0,2024-07-17 09:28:53,0,2024-07-17 09:28:53,,,
2021-09-13,河南省,1/3焦煤,2650.00,到厂价,265,2021-09-13 00:00:00,1,0,2024-07-17 09:28:53,0,2024-07-17 09:28:53,,,
2021-09-13,山西省,主焦煤,3650.00,到厂价,266,2021-09-13 00:00:00,1,0,2024-07-17 09:28:53,0,2024-07-17 09:28:53,,,
2021-09-06,河南省,1/3焦煤,2650.00,到厂价,267,2021-09-06 00:00:00,1,0,2024-07-17 09:28:53,0,2024-07-17 09:28:53,,,
2021-09-06,山西省,主焦煤,3200.00,到厂价,268,2021-09-06 00:00:00,1,0,2024-07-17 09:28:53,0,2024-07-17 09:28:53,,,
2021-08-30,河南省,1/3焦煤,2350.00,到厂价,269,2021-08-30 00:00:00,1,0,2024-07-17 09:28:53,0,2024-07-17 09:28:53,,,
2021-08-30,山西省,主焦煤,3200.00,到厂价,270,2021-08-30 00:00:00,1,0,2024-07-17 09:28:53,0,2024-07-17 09:28:53,,,
2021-08-23,河南省,1/3焦煤,2350.00,到厂价,271,2021-08-23 00:00:00,1,0,2024-07-17 09:28:56,0,2024-07-17 09:28:56,,,
2021-08-23,山西省,主焦煤,3000.00,到厂价,272,2021-08-23 00:00:00,1,0,2024-07-17 09:28:56,0,2024-07-17 09:28:56,,,
2021-08-16,河南省,1/3焦煤,2050.00,到厂价,273,2021-08-16 00:00:00,1,0,2024-07-17 09:28:56,0,2024-07-17 09:28:56,,,
2021-08-16,山西省,主焦煤,2500.00,到厂价,274,2021-08-16 00:00:00,1,0,2024-07-17 09:28:56,0,2024-07-17 09:28:56,,,
2021-08-09,河南省,1/3焦煤,1850.00,到厂价,275,2021-08-09 00:00:00,1,0,2024-07-17 09:28:56,0,2024-07-17 09:28:56,,,
2021-08-09,山西省,主焦煤,2300.00,到厂价,276,2021-08-09 00:00:00,1,0,2024-07-17 09:28:56,0,2024-07-17 09:28:56,,,
2021-08-02,河南省,1/3焦煤,1850.00,到厂价,277,2021-08-02 00:00:00,1,0,2024-07-17 09:28:56,0,2024-07-17 09:28:56,,,
2021-08-02,山西省,主焦煤,1980.00,到厂价,278,2021-08-02 00:00:00,1,0,2024-07-17 09:28:56,0,2024-07-17 09:28:56,,,
2021-07-26,河南省,1/3焦煤,1650.00,到厂价,279,2021-07-26 00:00:00,1,0,2024-07-17 09:28:56,0,2024-07-17 09:28:56,,,
2021-07-26,山西省,主焦煤,1980.00,到厂价,280,2021-07-26 00:00:00,1,0,2024-07-17 09:28:56,0,2024-07-17 09:28:56,,,
2021-07-19,河南省,1/3焦煤,1600.00,到厂价,281,2021-07-19 00:00:00,1,0,2024-07-17 09:28:56,0,2024-07-17 09:28:56,,,
2021-07-19,山西省,主焦煤,1980.00,到厂价,282,2021-07-19 00:00:00,1,0,2024-07-17 09:28:56,0,2024-07-17 09:28:56,,,
2021-07-12,河南省,1/3焦煤,1600.00,到厂价,283,2021-07-12 00:00:00,1,0,2024-07-17 09:28:56,0,2024-07-17 09:28:56,,,
2021-07-12,山西省,主焦煤,1980.00,到厂价,284,2021-07-12 00:00:00,1,0,2024-07-17 09:28:56,0,2024-07-17 09:28:56,,,
2021-07-05,河南省,1/3焦煤,1300.00,到厂价,285,2021-07-05 00:00:00,1,0,2024-07-17 09:28:56,0,2024-07-17 09:28:56,,,
2021-07-05,山西省,主焦煤,1800.00,到厂价,286,2021-07-05 00:00:00,1,0,2024-07-17 09:28:56,0,2024-07-17 09:28:56,,,
2021-06-28,河南省,1/3焦煤,1300.00,到厂价,287,2021-06-28 00:00:00,1,0,2024-07-17 09:28:56,0,2024-07-17 09:28:56,,,
2021-06-28,山西省,主焦煤,1800.00,到厂价,288,2021-06-28 00:00:00,1,0,2024-07-17 09:28:56,0,2024-07-17 09:28:56,,,
2021-06-21,河南省,1/3焦煤,1300.00,到厂价,289,2021-06-21 00:00:00,1,0,2024-07-17 09:28:56,0,2024-07-17 09:28:56,,,
2021-06-21,山西省,主焦煤,1730.00,到厂价,290,2021-06-21 00:00:00,1,0,2024-07-17 09:28:56,0,2024-07-17 09:28:56,,,
2021-06-07,河南省,1/3焦煤,1300.00,到厂价,291,2021-06-07 00:00:00,1,0,2024-07-17 09:28:56,0,2024-07-17 09:28:56,,,
2021-06-07,山西省,主焦煤,1730.00,到厂价,292,2021-06-07 00:00:00,1,0,2024-07-17 09:28:56,0,2024-07-17 09:28:56,,,
2021-05-31,河南省,1/3焦煤,1300.00,到厂价,293,2021-05-31 00:00:00,1,0,2024-07-17 09:28:56,0,2024-07-17 09:28:56,,,
2021-05-31,山西省,主焦煤,1730.00,到厂价,294,2021-05-31 00:00:00,1,0,2024-07-17 09:28:56,0,2024-07-17 09:28:56,,,
2021-05-24,河南省,1/3焦煤,1400.00,到厂价,295,2021-05-24 00:00:00,1,0,2024-07-17 09:28:56,0,2024-07-17 09:28:56,,,
2021-05-24,山西省,主焦煤,1580.00,到厂价,296,2021-05-24 00:00:00,1,0,2024-07-17 09:28:56,0,2024-07-17 09:28:56,,,
2021-05-17,河南省,1/3焦煤,1400.00,到厂价,297,2021-05-17 00:00:00,1,0,2024-07-17 09:28:56,0,2024-07-17 09:28:56,,,
2021-05-17,山西省,主焦煤,1580.00,到厂价,298,2021-05-17 00:00:00,1,0,2024-07-17 09:28:56,0,2024-07-17 09:28:56,,,
2021-05-10,河南省,1/3焦煤,1400.00,到厂价,299,2021-05-10 00:00:00,1,0,2024-07-17 09:28:56,0,2024-07-17 09:28:56,,,
2021-05-10,山西省,主焦煤,1550.00,到厂价,300,2021-05-10 00:00:00,1,0,2024-07-17 09:28:56,0,2024-07-17 09:28:56,,,
2021-04-26,河南省,1/3焦煤,1350.00,到厂价,301,2021-04-26 00:00:00,1,0,2024-07-17 09:28:59,0,2024-07-17 09:28:59,,,
2021-04-26,山西省,主焦煤,1500.00,到厂价,302,2021-04-26 00:00:00,1,0,2024-07-17 09:28:59,0,2024-07-17 09:28:59,,,
2021-04-19,河南省,1/3焦煤,1350.00,到厂价,303,2021-04-19 00:00:00,1,0,2024-07-17 09:28:59,0,2024-07-17 09:28:59,,,
2021-04-19,山西省,主焦煤,1500.00,到厂价,304,2021-04-19 00:00:00,1,0,2024-07-17 09:28:59,0,2024-07-17 09:28:59,,,
2021-04-12,河南省,1/3焦煤,1350.00,到厂价,305,2021-04-12 00:00:00,1,0,2024-07-17 09:28:59,0,2024-07-17 09:28:59,,,
2021-04-12,山西省,主焦煤,1500.00,到厂价,306,2021-04-12 00:00:00,1,0,2024-07-17 09:28:59,0,2024-07-17 09:28:59,,,
2021-03-29,河南省,1/3焦煤,1350.00,到厂价,307,2021-03-29 00:00:00,1,0,2024-07-17 09:28:59,0,2024-07-17 09:28:59,,,
2021-03-29,山西省,主焦煤,1500.00,到厂价,308,2021-03-29 00:00:00,1,0,2024-07-17 09:28:59,0,2024-07-17 09:28:59,,,
2021-03-22,河南省,1/3焦煤,1350.00,到厂价,309,2021-03-22 00:00:00,1,0,2024-07-17 09:28:59,0,2024-07-17 09:28:59,,,
2021-03-22,山西省,主焦煤,1500.00,到厂价,310,2021-03-22 00:00:00,1,0,2024-07-17 09:28:59,0,2024-07-17 09:28:59,,,
2021-03-15,河南省,1/3焦煤,1350.00,到厂价,311,2021-03-15 00:00:00,1,0,2024-07-17 09:28:59,0,2024-07-17 09:28:59,,,
2021-03-15,山西省,主焦煤,1500.00,到厂价,312,2021-03-15 00:00:00,1,0,2024-07-17 09:28:59,0,2024-07-17 09:28:59,,,
2021-03-08,河南省,1/3焦煤,1350.00,到厂价,313,2021-03-08 00:00:00,1,0,2024-07-17 09:28:59,0,2024-07-17 09:28:59,,,
2021-03-08,山西省,主焦煤,1500.00,到厂价,314,2021-03-08 00:00:00,1,0,2024-07-17 09:28:59,0,2024-07-17 09:28:59,,,
2021-03-01,河南省,1/3焦煤,1350.00,到厂价,315,2021-03-01 00:00:00,1,0,2024-07-17 09:28:59,0,2024-07-17 09:28:59,,,
2021-03-01,山西省,主焦煤,1500.00,到厂价,316,2021-03-01 00:00:00,1,0,2024-07-17 09:28:59,0,2024-07-17 09:28:59,,,
2021-02-22,河南省,1/3焦煤,1350.00,到厂价,317,2021-02-22 00:00:00,1,0,2024-07-17 09:28:59,0,2024-07-17 09:28:59,,,
2021-02-22,山西省,主焦煤,1500.00,到厂价,318,2021-02-22 00:00:00,1,0,2024-07-17 09:28:59,0,2024-07-17 09:28:59,,,
2021-02-08,河南省,1/3焦煤,1350.00,到厂价,319,2021-02-08 00:00:00,1,0,2024-07-17 09:28:59,0,2024-07-17 09:28:59,,,
2021-02-08,山西省,主焦煤,1500.00,到厂价,320,2021-02-08 00:00:00,1,0,2024-07-17 09:28:59,0,2024-07-17 09:28:59,,,
2021-02-01,河南省,1/3焦煤,1350.00,到厂价,321,2021-02-01 00:00:00,1,0,2024-07-17 09:28:59,0,2024-07-17 09:28:59,,,
2021-02-01,山西省,主焦煤,1500.00,到厂价,322,2021-02-01 00:00:00,1,0,2024-07-17 09:28:59,0,2024-07-17 09:28:59,,,
2021-01-25,河南省,1/3焦煤,1350.00,到厂价,323,2021-01-25 00:00:00,1,0,2024-07-17 09:28:59,0,2024-07-17 09:28:59,,,
2021-01-25,山西省,主焦煤,1500.00,到厂价,324,2021-01-25 00:00:00,1,0,2024-07-17 09:28:59,0,2024-07-17 09:28:59,,,
2021-01-18,河南省,1/3焦煤,1350.00,到厂价,325,2021-01-18 00:00:00,1,0,2024-07-17 09:28:59,0,2024-07-17 09:28:59,,,
2021-01-18,山西省,主焦煤,1500.00,到厂价,326,2021-01-18 00:00:00,1,0,2024-07-17 09:28:59,0,2024-07-17 09:28:59,,,
2021-01-11,河南省,1/3焦煤,1300.00,到厂价,327,2021-01-11 00:00:00,1,0,2024-07-17 09:28:59,0,2024-07-17 09:28:59,,,
2021-01-11,山西省,主焦煤,1500.00,到厂价,328,2021-01-11 00:00:00,1,0,2024-07-17 09:28:59,0,2024-07-17 09:28:59,,,
2021-01-04,河南省,1/3焦煤,1300.00,到厂价,329,2021-01-04 00:00:00,1,0,2024-07-17 09:28:59,0,2024-07-17 09:28:59,,,
2021-01-04,山西省,主焦煤,1500.00,到厂价,330,2021-01-04 00:00:00,1,0,2024-07-17 09:28:59,0,2024-07-17 09:28:59,,,
2020-12-28,河南省,1/3焦煤,1300.00,到厂价,331,2020-12-28 00:00:00,1,0,2024-07-17 09:29:02,0,2024-07-17 09:29:02,,,
2020-12-28,山西省,主焦煤,1500.00,到厂价,332,2020-12-28 00:00:00,1,0,2024-07-17 09:29:02,0,2024-07-17 09:29:02,,,
2020-12-21,河南省,1/3焦煤,1300.00,到厂价,333,2020-12-21 00:00:00,1,0,2024-07-17 09:29:02,0,2024-07-17 09:29:02,,,
2020-12-21,山西省,主焦煤,1500.00,到厂价,334,2020-12-21 00:00:00,1,0,2024-07-17 09:29:02,0,2024-07-17 09:29:02,,,
2020-12-14,河南省,1/3焦煤,1300.00,到厂价,335,2020-12-14 00:00:00,1,0,2024-07-17 09:29:02,0,2024-07-17 09:29:02,,,
2020-12-14,山西省,主焦煤,1500.00,到厂价,336,2020-12-14 00:00:00,1,0,2024-07-17 09:29:02,0,2024-07-17 09:29:02,,,
2020-12-07,河南省,1/3焦煤,1300.00,到厂价,337,2020-12-07 00:00:00,1,0,2024-07-17 09:29:02,0,2024-07-17 09:29:02,,,
2020-12-07,山西省,主焦煤,1500.00,到厂价,338,2020-12-07 00:00:00,1,0,2024-07-17 09:29:02,0,2024-07-17 09:29:02,,,
2020-11-30,河南省,1/3焦煤,1300.00,到厂价,339,2020-11-30 00:00:00,1,0,2024-07-17 09:29:02,0,2024-07-17 09:29:02,,,
2020-11-30,山西省,主焦煤,1500.00,到厂价,340,2020-11-30 00:00:00,1,0,2024-07-17 09:29:02,0,2024-07-17 09:29:02,,,
2020-11-23,河南省,1/3焦煤,1300.00,到厂价,341,2020-11-23 00:00:00,1,0,2024-07-17 09:29:02,0,2024-07-17 09:29:02,,,
2020-11-23,山西省,主焦煤,1500.00,到厂价,342,2020-11-23 00:00:00,1,0,2024-07-17 09:29:02,0,2024-07-17 09:29:02,,,
2020-11-16,河南省,1/3焦煤,1300.00,到厂价,343,2020-11-16 00:00:00,1,0,2024-07-17 09:29:02,0,2024-07-17 09:29:02,,,
2020-11-16,山西省,主焦煤,1500.00,到厂价,344,2020-11-16 00:00:00,1,0,2024-07-17 09:29:02,0,2024-07-17 09:29:02,,,
2020-11-09,河南省,1/3焦煤,1300.00,到厂价,345,2020-11-09 00:00:00,1,0,2024-07-17 09:29:02,0,2024-07-17 09:29:02,,,
2020-11-09,山西省,主焦煤,1500.00,到厂价,346,2020-11-09 00:00:00,1,0,2024-07-17 09:29:02,0,2024-07-17 09:29:02,,,
2020-11-02,河南省,1/3焦煤,1300.00,到厂价,347,2020-11-02 00:00:00,1,0,2024-07-17 09:29:02,0,2024-07-17 09:29:02,,,
2020-11-02,山西省,主焦煤,1500.00,到厂价,348,2020-11-02 00:00:00,1,0,2024-07-17 09:29:02,0,2024-07-17 09:29:02,,,
2020-10-26,河南省,1/3焦煤,1300.00,到厂价,349,2020-10-26 00:00:00,1,0,2024-07-17 09:29:02,0,2024-07-17 09:29:02,,,
2020-10-26,山西省,主焦煤,1500.00,到厂价,350,2020-10-26 00:00:00,1,0,2024-07-17 09:29:02,0,2024-07-17 09:29:02,,,
2020-10-19,河南省,1/3焦煤,1300.00,到厂价,351,2020-10-19 00:00:00,1,0,2024-07-17 09:29:02,0,2024-07-17 09:29:02,,,
2020-10-19,山西省,主焦煤,1500.00,到厂价,352,2020-10-19 00:00:00,1,0,2024-07-17 09:29:02,0,2024-07-17 09:29:02,,,
2020-10-12,河南省,1/3焦煤,1300.00,到厂价,353,2020-10-12 00:00:00,1,0,2024-07-17 09:29:02,0,2024-07-17 09:29:02,,,
2020-10-12,山西省,主焦煤,1500.00,到厂价,354,2020-10-12 00:00:00,1,0,2024-07-17 09:29:02,0,2024-07-17 09:29:02,,,
2020-09-28,河南省,1/3焦煤,1300.00,到厂价,355,2020-09-28 00:00:00,1,0,2024-07-17 09:29:02,0,2024-07-17 09:29:02,,,
2020-09-28,山西省,主焦煤,1500.00,到厂价,356,2020-09-28 00:00:00,1,0,2024-07-17 09:29:02,0,2024-07-17 09:29:02,,,
2020-09-21,河南省,1/3焦煤,1300.00,到厂价,357,2020-09-21 00:00:00,1,0,2024-07-17 09:29:02,0,2024-07-17 09:29:02,,,
2020-09-21,山西省,主焦煤,1500.00,到厂价,358,2020-09-21 00:00:00,1,0,2024-07-17 09:29:02,0,2024-07-17 09:29:02,,,
2020-09-14,河南省,1/3焦煤,1300.00,到厂价,359,2020-09-14 00:00:00,1,0,2024-07-17 09:29:02,0,2024-07-17 09:29:02,,,
2020-09-14,山西省,主焦煤,1500.00,到厂价,360,2020-09-14 00:00:00,1,0,2024-07-17 09:29:02,0,2024-07-17 09:29:02,,,
2020-09-07,河南省,1/3焦煤,1300.00,到厂价,361,2020-09-07 00:00:00,1,0,2024-07-17 09:29:05,0,2024-07-17 09:29:05,,,
2020-09-07,山西省,主焦煤,1500.00,到厂价,362,2020-09-07 00:00:00,1,0,2024-07-17 09:29:05,0,2024-07-17 09:29:05,,,
2020-08-31,河南省,1/3焦煤,1300.00,到厂价,363,2020-08-31 00:00:00,1,0,2024-07-17 09:29:05,0,2024-07-17 09:29:05,,,
2020-08-31,山西省,主焦煤,1500.00,到厂价,364,2020-08-31 00:00:00,1,0,2024-07-17 09:29:05,0,2024-07-17 09:29:05,,,
2020-08-24,河南省,1/3焦煤,1300.00,到厂价,365,2020-08-24 00:00:00,1,0,2024-07-17 09:29:05,0,2024-07-17 09:29:05,,,
2020-08-24,山西省,主焦煤,1500.00,到厂价,366,2020-08-24 00:00:00,1,0,2024-07-17 09:29:05,0,2024-07-17 09:29:05,,,
2020-08-17,河南省,1/3焦煤,1300.00,到厂价,367,2020-08-17 00:00:00,1,0,2024-07-17 09:29:05,0,2024-07-17 09:29:05,,,
2020-08-17,山西省,主焦煤,1500.00,到厂价,368,2020-08-17 00:00:00,1,0,2024-07-17 09:29:05,0,2024-07-17 09:29:05,,,
2020-08-10,河南省,1/3焦煤,1300.00,到厂价,369,2020-08-10 00:00:00,1,0,2024-07-17 09:29:05,0,2024-07-17 09:29:05,,,
2020-08-10,山西省,主焦煤,1500.00,到厂价,370,2020-08-10 00:00:00,1,0,2024-07-17 09:29:05,0,2024-07-17 09:29:05,,,
2020-08-03,河南省,1/3焦煤,1300.00,到厂价,371,2020-08-03 00:00:00,1,0,2024-07-17 09:29:05,0,2024-07-17 09:29:05,,,
2020-08-03,山西省,主焦煤,1500.00,到厂价,372,2020-08-03 00:00:00,1,0,2024-07-17 09:29:05,0,2024-07-17 09:29:05,,,
2020-07-27,河南省,1/3焦煤,1300.00,到厂价,373,2020-07-27 00:00:00,1,0,2024-07-17 09:29:05,0,2024-07-17 09:29:05,,,
2020-07-27,山西省,主焦煤,1500.00,到厂价,374,2020-07-27 00:00:00,1,0,2024-07-17 09:29:05,0,2024-07-17 09:29:05,,,
2020-07-20,河南省,1/3焦煤,1300.00,到厂价,375,2020-07-20 00:00:00,1,0,2024-07-17 09:29:05,0,2024-07-17 09:29:05,,,
2020-07-20,山西省,主焦煤,1500.00,到厂价,376,2020-07-20 00:00:00,1,0,2024-07-17 09:29:05,0,2024-07-17 09:29:05,,,
2020-07-13,河南省,1/3焦煤,1300.00,到厂价,377,2020-07-13 00:00:00,1,0,2024-07-17 09:29:05,0,2024-07-17 09:29:05,,,
2020-07-13,山西省,主焦煤,1500.00,到厂价,378,2020-07-13 00:00:00,1,0,2024-07-17 09:29:05,0,2024-07-17 09:29:05,,,
2020-07-06,河南省,1/3焦煤,1300.00,到厂价,379,2020-07-06 00:00:00,1,0,2024-07-17 09:29:05,0,2024-07-17 09:29:05,,,
2020-07-06,山西省,主焦煤,1500.00,到厂价,380,2020-07-06 00:00:00,1,0,2024-07-17 09:29:05,0,2024-07-17 09:29:05,,,
2020-06-29,河南省,1/3焦煤,1300.00,到厂价,381,2020-06-29 00:00:00,1,0,2024-07-17 09:29:05,0,2024-07-17 09:29:05,,,
2020-06-29,山西省,主焦煤,1500.00,到厂价,382,2020-06-29 00:00:00,1,0,2024-07-17 09:29:05,0,2024-07-17 09:29:05,,,
2020-06-22,山西省,主焦煤,1500.00,到厂价,383,2020-06-22 00:00:00,1,0,2024-07-17 09:29:05,0,2024-07-17 09:29:05,,,
2020-06-22,河南省,1/3焦煤,1300.00,到厂价,384,2020-06-22 00:00:00,1,0,2024-07-17 09:29:05,0,2024-07-17 09:29:05,,,
2020-06-15,山西省,主焦煤,1500.00,到厂价,385,2020-06-15 00:00:00,1,0,2024-07-17 09:29:05,0,2024-07-17 09:29:05,,,
2020-06-15,河南省,1/3焦煤,1300.00,到厂价,386,2020-06-15 00:00:00,1,0,2024-07-17 09:29:05,0,2024-07-17 09:29:05,,,
2020-06-08,山西省,主焦煤,1500.00,到厂价,387,2020-06-08 00:00:00,1,0,2024-07-17 09:29:05,0,2024-07-17 09:29:05,,,
2020-06-08,河南省,1/3焦煤,1300.00,到厂价,388,2020-06-08 00:00:00,1,0,2024-07-17 09:29:05,0,2024-07-17 09:29:05,,,
2020-06-01,山西省,主焦煤,1500.00,到厂价,389,2020-06-01 00:00:00,1,0,2024-07-17 09:29:05,0,2024-07-17 09:29:05,,,
2020-06-01,河南省,1/3焦煤,1300.00,到厂价,390,2020-06-01 00:00:00,1,0,2024-07-17 09:29:05,0,2024-07-17 09:29:05,,,
2020-05-25,山西省,主焦煤,1500.00,到厂价,391,2020-05-25 00:00:00,1,0,2024-07-17 09:29:08,0,2024-07-17 09:29:08,,,
2020-05-25,河南省,1/3焦煤,1300.00,到厂价,392,2020-05-25 00:00:00,1,0,2024-07-17 09:29:08,0,2024-07-17 09:29:08,,,
2020-05-18,山西省,主焦煤,1500.00,到厂价,393,2020-05-18 00:00:00,1,0,2024-07-17 09:29:08,0,2024-07-17 09:29:08,,,
2020-05-18,河南省,1/3焦煤,1300.00,到厂价,394,2020-05-18 00:00:00,1,0,2024-07-17 09:29:08,0,2024-07-17 09:29:08,,,
2020-05-11,山西省,主焦煤,1500.00,到厂价,395,2020-05-11 00:00:00,1,0,2024-07-17 09:29:08,0,2024-07-17 09:29:08,,,
2020-05-11,河南省,1/3焦煤,1300.00,到厂价,396,2020-05-11 00:00:00,1,0,2024-07-17 09:29:08,0,2024-07-17 09:29:08,,,
2020-04-27,山西省,主焦煤,1630.00,到厂价,397,2020-04-27 00:00:00,1,0,2024-07-17 09:29:08,0,2024-07-17 09:29:08,,,
2020-04-27,河南省,1/3焦煤,1430.00,到厂价,398,2020-04-27 00:00:00,1,0,2024-07-17 09:29:08,0,2024-07-17 09:29:08,,,
2020-04-20,山西省,主焦煤,1630.00,到厂价,399,2020-04-20 00:00:00,1,0,2024-07-17 09:29:08,0,2024-07-17 09:29:08,,,
2020-04-20,河南省,1/3焦煤,1430.00,到厂价,400,2020-04-20 00:00:00,1,0,2024-07-17 09:29:08,0,2024-07-17 09:29:08,,,
2020-04-13,山西省,主焦煤,1630.00,到厂价,401,2020-04-13 00:00:00,1,0,2024-07-17 09:29:08,0,2024-07-17 09:29:08,,,
2020-04-13,河南省,1/3焦煤,1430.00,到厂价,402,2020-04-13 00:00:00,1,0,2024-07-17 09:29:08,0,2024-07-17 09:29:08,,,
2020-03-30,山西省,主焦煤,1630.00,到厂价,403,2020-03-30 00:00:00,1,0,2024-07-17 09:29:08,0,2024-07-17 09:29:08,,,
2020-03-30,河南省,1/3焦煤,1430.00,到厂价,404,2020-03-30 00:00:00,1,0,2024-07-17 09:29:08,0,2024-07-17 09:29:08,,,
2020-03-23,山西省,主焦煤,1630.00,到厂价,405,2020-03-23 00:00:00,1,0,2024-07-17 09:29:08,0,2024-07-17 09:29:08,,,
2020-03-23,河南省,1/3焦煤,1430.00,到厂价,406,2020-03-23 00:00:00,1,0,2024-07-17 09:29:08,0,2024-07-17 09:29:08,,,
2020-03-16,山西省,主焦煤,1630.00,到厂价,407,2020-03-16 00:00:00,1,0,2024-07-17 09:29:08,0,2024-07-17 09:29:08,,,
2020-03-16,河南省,1/3焦煤,1430.00,到厂价,408,2020-03-16 00:00:00,1,0,2024-07-17 09:29:08,0,2024-07-17 09:29:08,,,
2020-03-09,山西省,主焦煤,1630.00,到厂价,409,2020-03-09 00:00:00,1,0,2024-07-17 09:29:08,0,2024-07-17 09:29:08,,,
2020-03-09,河南省,1/3焦煤,1430.00,到厂价,410,2020-03-09 00:00:00,1,0,2024-07-17 09:29:08,0,2024-07-17 09:29:08,,,
2020-03-02,山西省,主焦煤,1630.00,到厂价,411,2020-03-02 00:00:00,1,0,2024-07-17 09:29:08,0,2024-07-17 09:29:08,,,
2020-03-02,河南省,1/3焦煤,1430.00,到厂价,412,2020-03-02 00:00:00,1,0,2024-07-17 09:29:08,0,2024-07-17 09:29:08,,,
2020-02-17,山西省,主焦煤,1630.00,到厂价,413,2020-02-17 00:00:00,1,0,2024-07-17 09:29:08,0,2024-07-17 09:29:08,,,
2020-02-17,河南省,1/3焦煤,1430.00,到厂价,414,2020-02-17 00:00:00,1,0,2024-07-17 09:29:08,0,2024-07-17 09:29:08,,,
2020-02-10,山西省,主焦煤,1630.00,到厂价,415,2020-02-10 00:00:00,1,0,2024-07-17 09:29:08,0,2024-07-17 09:29:08,,,
2020-02-10,河南省,1/3焦煤,1430.00,到厂价,416,2020-02-10 00:00:00,1,0,2024-07-17 09:29:08,0,2024-07-17 09:29:08,,,
2020-02-03,山西省,主焦煤,1630.00,到厂价,417,2020-02-03 00:00:00,1,0,2024-07-17 09:29:08,0,2024-07-17 09:29:08,,,
2020-02-03,河南省,1/3焦煤,1430.00,到厂价,418,2020-02-03 00:00:00,1,0,2024-07-17 09:29:08,0,2024-07-17 09:29:08,,,
2020-01-20,山西省,主焦煤,1630.00,到厂价,419,2020-01-20 00:00:00,1,0,2024-07-17 09:29:08,0,2024-07-17 09:29:08,,,
2020-01-20,河南省,1/3焦煤,1430.00,到厂价,420,2020-01-20 00:00:00,1,0,2024-07-17 09:29:08,0,2024-07-17 09:29:08,,,
2020-01-13,山西省,主焦煤,1630.00,到厂价,421,2020-01-13 00:00:00,1,0,2024-07-17 09:29:11,0,2024-07-17 09:29:11,,,
2020-01-13,河南省,1/3焦煤,1430.00,到厂价,422,2020-01-13 00:00:00,1,0,2024-07-17 09:29:11,0,2024-07-17 09:29:11,,,
2020-01-06,山西省,主焦煤,1630.00,到厂价,423,2020-01-06 00:00:00,1,0,2024-07-17 09:29:11,0,2024-07-17 09:29:11,,,
2020-01-06,河南省,1/3焦煤,1430.00,到厂价,424,2020-01-06 00:00:00,1,0,2024-07-17 09:29:11,0,2024-07-17 09:29:11,,,
2019-12-30,山西省,主焦煤,1630.00,到厂价,425,2019-12-30 00:00:00,1,0,2024-07-17 09:29:11,0,2024-07-17 09:29:11,,,
2019-12-30,河南省,1/3焦煤,1430.00,到厂价,426,2019-12-30 00:00:00,1,0,2024-07-17 09:29:11,0,2024-07-17 09:29:11,,,
2019-12-23,山西省,主焦煤,1630.00,到厂价,427,2019-12-23 00:00:00,1,0,2024-07-17 09:29:11,0,2024-07-17 09:29:11,,,
2019-12-23,河南省,1/3焦煤,1430.00,到厂价,428,2019-12-23 00:00:00,1,0,2024-07-17 09:29:11,0,2024-07-17 09:29:11,,,
2019-12-16,山西省,主焦煤,1630.00,到厂价,429,2019-12-16 00:00:00,1,0,2024-07-17 09:29:11,0,2024-07-17 09:29:11,,,
2019-12-16,河南省,1/3焦煤,1430.00,到厂价,430,2019-12-16 00:00:00,1,0,2024-07-17 09:29:11,0,2024-07-17 09:29:11,,,
2019-12-09,山西省,主焦煤,1630.00,到厂价,431,2019-12-09 00:00:00,1,0,2024-07-17 09:29:11,0,2024-07-17 09:29:11,,,
2019-12-09,河南省,1/3焦煤,1430.00,到厂价,432,2019-12-09 00:00:00,1,0,2024-07-17 09:29:11,0,2024-07-17 09:29:11,,,
2019-12-02,山西省,主焦煤,1630.00,到厂价,433,2019-12-02 00:00:00,1,0,2024-07-17 09:29:11,0,2024-07-17 09:29:11,,,
2019-12-02,河南省,1/3焦煤,1430.00,到厂价,434,2019-12-02 00:00:00,1,0,2024-07-17 09:29:11,0,2024-07-17 09:29:11,,,
2019-11-25,山西省,主焦煤,1630.00,到厂价,435,2019-11-25 00:00:00,1,0,2024-07-17 09:29:11,0,2024-07-17 09:29:11,,,
2019-11-25,河南省,1/3焦煤,1430.00,到厂价,436,2019-11-25 00:00:00,1,0,2024-07-17 09:29:11,0,2024-07-17 09:29:11,,,
2019-11-18,山西省,主焦煤,1630.00,到厂价,437,2019-11-18 00:00:00,1,0,2024-07-17 09:29:11,0,2024-07-17 09:29:11,,,
2019-11-18,河南省,1/3焦煤,1430.00,到厂价,438,2019-11-18 00:00:00,1,0,2024-07-17 09:29:11,0,2024-07-17 09:29:11,,,
2019-11-11,山西省,主焦煤,1630.00,到厂价,439,2019-11-11 00:00:00,1,0,2024-07-17 09:29:11,0,2024-07-17 09:29:11,,,
2019-11-11,河南省,1/3焦煤,1430.00,到厂价,440,2019-11-11 00:00:00,1,0,2024-07-17 09:29:11,0,2024-07-17 09:29:11,,,
2019-11-04,山西省,主焦煤,1630.00,到厂价,441,2019-11-04 00:00:00,1,0,2024-07-17 09:29:11,0,2024-07-17 09:29:11,,,
2019-11-04,河南省,1/3焦煤,1430.00,到厂价,442,2019-11-04 00:00:00,1,0,2024-07-17 09:29:11,0,2024-07-17 09:29:11,,,
2019-10-28,山西省,主焦煤,1630.00,到厂价,443,2019-10-28 00:00:00,1,0,2024-07-17 09:29:11,0,2024-07-17 09:29:11,,,
2019-10-28,河南省,1/3焦煤,1430.00,到厂价,444,2019-10-28 00:00:00,1,0,2024-07-17 09:29:11,0,2024-07-17 09:29:11,,,
2019-10-21,山西省,主焦煤,1630.00,到厂价,445,2019-10-21 00:00:00,1,0,2024-07-17 09:29:11,0,2024-07-17 09:29:11,,,
2019-10-21,河南省,1/3焦煤,1430.00,到厂价,446,2019-10-21 00:00:00,1,0,2024-07-17 09:29:11,0,2024-07-17 09:29:11,,,
2019-10-14,山西省,主焦煤,1630.00,到厂价,447,2019-10-14 00:00:00,1,0,2024-07-17 09:29:11,0,2024-07-17 09:29:11,,,
2019-10-14,河南省,1/3焦煤,1430.00,到厂价,448,2019-10-14 00:00:00,1,0,2024-07-17 09:29:11,0,2024-07-17 09:29:11,,,
2019-09-30,山西省,主焦煤,1630.00,到厂价,449,2019-09-30 00:00:00,1,0,2024-07-17 09:29:11,0,2024-07-17 09:29:11,,,
2019-09-30,河南省,1/3焦煤,1430.00,到厂价,450,2019-09-30 00:00:00,1,0,2024-07-17 09:29:11,0,2024-07-17 09:29:11,,,
2019-09-23,山西省,主焦煤,1630.00,到厂价,451,2019-09-23 00:00:00,1,0,2024-07-17 09:29:14,0,2024-07-17 09:29:14,,,
2019-09-23,河南省,1/3焦煤,1430.00,到厂价,452,2019-09-23 00:00:00,1,0,2024-07-17 09:29:14,0,2024-07-17 09:29:14,,,
2019-09-16,山西省,主焦煤,1630.00,到厂价,453,2019-09-16 00:00:00,1,0,2024-07-17 09:29:14,0,2024-07-17 09:29:14,,,
2019-09-16,河南省,1/3焦煤,1430.00,到厂价,454,2019-09-16 00:00:00,1,0,2024-07-17 09:29:14,0,2024-07-17 09:29:14,,,
2019-09-09,山西省,主焦煤,1630.00,到厂价,455,2019-09-09 00:00:00,1,0,2024-07-17 09:29:14,0,2024-07-17 09:29:14,,,
2019-09-09,河南省,1/3焦煤,1430.00,到厂价,456,2019-09-09 00:00:00,1,0,2024-07-17 09:29:14,0,2024-07-17 09:29:14,,,
2019-09-02,山西省,主焦煤,1630.00,到厂价,457,2019-09-02 00:00:00,1,0,2024-07-17 09:29:14,0,2024-07-17 09:29:14,,,
2019-09-02,河南省,1/3焦煤,1430.00,到厂价,458,2019-09-02 00:00:00,1,0,2024-07-17 09:29:14,0,2024-07-17 09:29:14,,,
2019-08-26,山西省,主焦煤,1630.00,到厂价,459,2019-08-26 00:00:00,1,0,2024-07-17 09:29:14,0,2024-07-17 09:29:14,,,
2019-08-26,河南省,1/3焦煤,1430.00,到厂价,460,2019-08-26 00:00:00,1,0,2024-07-17 09:29:14,0,2024-07-17 09:29:14,,,
2019-08-19,山西省,主焦煤,1630.00,到厂价,461,2019-08-19 00:00:00,1,0,2024-07-17 09:29:14,0,2024-07-17 09:29:14,,,
2019-08-19,河南省,1/3焦煤,1430.00,到厂价,462,2019-08-19 00:00:00,1,0,2024-07-17 09:29:14,0,2024-07-17 09:29:14,,,
2019-08-12,山西省,主焦煤,1630.00,到厂价,463,2019-08-12 00:00:00,1,0,2024-07-17 09:29:14,0,2024-07-17 09:29:14,,,
2019-08-12,河南省,1/3焦煤,1430.00,到厂价,464,2019-08-12 00:00:00,1,0,2024-07-17 09:29:14,0,2024-07-17 09:29:14,,,
2019-08-05,山西省,主焦煤,1630.00,到厂价,465,2019-08-05 00:00:00,1,0,2024-07-17 09:29:14,0,2024-07-17 09:29:14,,,
2019-08-05,河南省,1/3焦煤,1430.00,到厂价,466,2019-08-05 00:00:00,1,0,2024-07-17 09:29:14,0,2024-07-17 09:29:14,,,
2019-07-29,山西省,主焦煤,1630.00,到厂价,467,2019-07-29 00:00:00,1,0,2024-07-17 09:29:14,0,2024-07-17 09:29:14,,,
2019-07-29,河南省,1/3焦煤,1430.00,到厂价,468,2019-07-29 00:00:00,1,0,2024-07-17 09:29:14,0,2024-07-17 09:29:14,,,
2019-07-22,山西省,主焦煤,1630.00,到厂价,469,2019-07-22 00:00:00,1,0,2024-07-17 09:29:14,0,2024-07-17 09:29:14,,,
2019-07-22,河南省,1/3焦煤,1430.00,到厂价,470,2019-07-22 00:00:00,1,0,2024-07-17 09:29:14,0,2024-07-17 09:29:14,,,
2019-07-15,山西省,主焦煤,1630.00,到厂价,471,2019-07-15 00:00:00,1,0,2024-07-17 09:29:14,0,2024-07-17 09:29:14,,,
2019-07-15,河南省,1/3焦煤,1430.00,到厂价,472,2019-07-15 00:00:00,1,0,2024-07-17 09:29:14,0,2024-07-17 09:29:14,,,
2019-07-08,山西省,主焦煤,1630.00,到厂价,473,2019-07-08 00:00:00,1,0,2024-07-17 09:29:14,0,2024-07-17 09:29:14,,,
2019-07-08,河南省,1/3焦煤,1430.00,到厂价,474,2019-07-08 00:00:00,1,0,2024-07-17 09:29:14,0,2024-07-17 09:29:14,,,
2019-07-01,山西省,主焦煤,1630.00,到厂价,475,2019-07-01 00:00:00,1,0,2024-07-17 09:29:14,0,2024-07-17 09:29:14,,,
2019-07-01,河南省,1/3焦煤,1430.00,到厂价,476,2019-07-01 00:00:00,1,0,2024-07-17 09:29:14,0,2024-07-17 09:29:14,,,
2019-06-24,山西省,主焦煤,1630.00,到厂价,477,2019-06-24 00:00:00,1,0,2024-07-17 09:29:14,0,2024-07-17 09:29:14,,,
2019-06-24,河南省,1/3焦煤,1430.00,到厂价,478,2019-06-24 00:00:00,1,0,2024-07-17 09:29:14,0,2024-07-17 09:29:14,,,
2019-06-17,山西省,主焦煤,1630.00,到厂价,479,2019-06-17 00:00:00,1,0,2024-07-17 09:29:14,0,2024-07-17 09:29:14,,,
2019-06-17,河南省,1/3焦煤,1430.00,到厂价,480,2019-06-17 00:00:00,1,0,2024-07-17 09:29:14,0,2024-07-17 09:29:14,,,
2019-06-10,山西省,主焦煤,1630.00,到厂价,481,2019-06-10 00:00:00,1,0,2024-07-17 09:29:18,0,2024-07-17 09:29:18,,,
2019-06-10,河南省,1/3焦煤,1430.00,到厂价,482,2019-06-10 00:00:00,1,0,2024-07-17 09:29:18,0,2024-07-17 09:29:18,,,
2019-06-03,山西省,主焦煤,1630.00,到厂价,483,2019-06-03 00:00:00,1,0,2024-07-17 09:29:18,0,2024-07-17 09:29:18,,,
2019-06-03,河南省,1/3焦煤,1430.00,到厂价,484,2019-06-03 00:00:00,1,0,2024-07-17 09:29:18,0,2024-07-17 09:29:18,,,
2019-05-27,山西省,主焦煤,1630.00,到厂价,485,2019-05-27 00:00:00,1,0,2024-07-17 09:29:18,0,2024-07-17 09:29:18,,,
2019-05-27,河南省,1/3焦煤,1430.00,到厂价,486,2019-05-27 00:00:00,1,0,2024-07-17 09:29:18,0,2024-07-17 09:29:18,,,
2019-05-20,山西省,主焦煤,1630.00,到厂价,487,2019-05-20 00:00:00,1,0,2024-07-17 09:29:18,0,2024-07-17 09:29:18,,,
2019-05-20,河南省,1/3焦煤,1430.00,到厂价,488,2019-05-20 00:00:00,1,0,2024-07-17 09:29:18,0,2024-07-17 09:29:18,,,
2019-05-13,山西省,主焦煤,1560.00,到厂价,489,2019-05-13 00:00:00,1,0,2024-07-17 09:29:18,0,2024-07-17 09:29:18,,,
2019-05-13,河南省,1/3焦煤,1430.00,到厂价,490,2019-05-13 00:00:00,1,0,2024-07-17 09:29:18,0,2024-07-17 09:29:18,,,
2019-05-06,山西省,主焦煤,1560.00,到厂价,491,2019-05-06 00:00:00,1,0,2024-07-17 09:29:18,0,2024-07-17 09:29:18,,,
2019-05-06,河南省,1/3焦煤,1430.00,到厂价,492,2019-05-06 00:00:00,1,0,2024-07-17 09:29:18,0,2024-07-17 09:29:18,,,
2019-04-29,山西省,主焦煤,1560.00,到厂价,493,2019-04-29 00:00:00,1,0,2024-07-17 09:29:18,0,2024-07-17 09:29:18,,,
2019-04-29,河南省,1/3焦煤,1430.00,到厂价,494,2019-04-29 00:00:00,1,0,2024-07-17 09:29:18,0,2024-07-17 09:29:18,,,
2019-04-22,山西省,主焦煤,1560.00,到厂价,495,2019-04-22 00:00:00,1,0,2024-07-17 09:29:18,0,2024-07-17 09:29:18,,,
2019-04-22,河南省,1/3焦煤,1430.00,到厂价,496,2019-04-22 00:00:00,1,0,2024-07-17 09:29:18,0,2024-07-17 09:29:18,,,
2019-04-15,山西省,主焦煤,1560.00,到厂价,497,2019-04-15 00:00:00,1,0,2024-07-17 09:29:18,0,2024-07-17 09:29:18,,,
2019-04-15,河南省,1/3焦煤,1430.00,到厂价,498,2019-04-15 00:00:00,1,0,2024-07-17 09:29:18,0,2024-07-17 09:29:18,,,
2019-04-01,山西省,主焦煤,1560.00,到厂价,499,2019-04-01 00:00:00,1,0,2024-07-17 09:29:18,0,2024-07-17 09:29:18,,,
2019-04-01,河南省,1/3焦煤,1430.00,到厂价,500,2019-04-01 00:00:00,1,0,2024-07-17 09:29:18,0,2024-07-17 09:29:18,,,
2019-03-25,山西省,主焦煤,1560.00,到厂价,501,2019-03-25 00:00:00,1,0,2024-07-17 09:29:18,0,2024-07-17 09:29:18,,,
2019-03-25,河南省,1/3焦煤,1430.00,到厂价,502,2019-03-25 00:00:00,1,0,2024-07-17 09:29:18,0,2024-07-17 09:29:18,,,
2019-03-18,山西省,主焦煤,1560.00,到厂价,503,2019-03-18 00:00:00,1,0,2024-07-17 09:29:18,0,2024-07-17 09:29:18,,,
2019-03-18,河南省,1/3焦煤,1430.00,到厂价,504,2019-03-18 00:00:00,1,0,2024-07-17 09:29:18,0,2024-07-17 09:29:18,,,
2019-03-11,山西省,主焦煤,1560.00,到厂价,505,2019-03-11 00:00:00,1,0,2024-07-17 09:29:18,0,2024-07-17 09:29:18,,,
2019-03-11,河南省,1/3焦煤,1430.00,到厂价,506,2019-03-11 00:00:00,1,0,2024-07-17 09:29:18,0,2024-07-17 09:29:18,,,
2019-03-04,山西省,主焦煤,1560.00,到厂价,507,2019-03-04 00:00:00,1,0,2024-07-17 09:29:18,0,2024-07-17 09:29:18,,,
2019-03-04,河南省,1/3焦煤,1430.00,到厂价,508,2019-03-04 00:00:00,1,0,2024-07-17 09:29:18,0,2024-07-17 09:29:18,,,
2019-02-25,山西省,主焦煤,1560.00,到厂价,509,2019-02-25 00:00:00,1,0,2024-07-17 09:29:18,0,2024-07-17 09:29:18,,,
2019-02-25,河南省,1/3焦煤,1430.00,到厂价,510,2019-02-25 00:00:00,1,0,2024-07-17 09:29:18,0,2024-07-17 09:29:18,,,
2019-02-18,山西省,主焦煤,1560.00,到厂价,511,2019-02-18 00:00:00,1,0,2024-07-17 09:29:20,0,2024-07-17 09:29:20,,,
2019-02-18,河南省,1/3焦煤,1430.00,到厂价,512,2019-02-18 00:00:00,1,0,2024-07-17 09:29:20,0,2024-07-17 09:29:20,,,
2019-02-11,山西省,主焦煤,1560.00,到厂价,513,2019-02-11 00:00:00,1,0,2024-07-17 09:29:20,0,2024-07-17 09:29:20,,,
2019-02-11,河南省,1/3焦煤,1430.00,到厂价,514,2019-02-11 00:00:00,1,0,2024-07-17 09:29:20,0,2024-07-17 09:29:20,,,
2019-01-28,山西省,主焦煤,1560.00,到厂价,515,2019-01-28 00:00:00,1,0,2024-07-17 09:29:20,0,2024-07-17 09:29:20,,,
2019-01-28,河南省,1/3焦煤,1430.00,到厂价,516,2019-01-28 00:00:00,1,0,2024-07-17 09:29:20,0,2024-07-17 09:29:20,,,
2019-01-21,山西省,主焦煤,1560.00,到厂价,517,2019-01-21 00:00:00,1,0,2024-07-17 09:29:20,0,2024-07-17 09:29:20,,,
2019-01-21,河南省,1/3焦煤,1430.00,到厂价,518,2019-01-21 00:00:00,1,0,2024-07-17 09:29:20,0,2024-07-17 09:29:20,,,
2019-01-14,山西省,主焦煤,1560.00,到厂价,519,2019-01-14 00:00:00,1,0,2024-07-17 09:29:20,0,2024-07-17 09:29:20,,,
2019-01-14,河南省,1/3焦煤,1430.00,到厂价,520,2019-01-14 00:00:00,1,0,2024-07-17 09:29:20,0,2024-07-17 09:29:20,,,
2019-01-07,山西省,主焦煤,1560.00,到厂价,521,2019-01-07 00:00:00,1,0,2024-07-17 09:29:20,0,2024-07-17 09:29:20,,,
2019-01-07,河南省,1/3焦煤,1430.00,到厂价,522,2019-01-07 00:00:00,1,0,2024-07-17 09:29:20,0,2024-07-17 09:29:20,,,
2018-12-24,山西省,主焦煤,1560.00,到厂价,523,2018-12-24 00:00:00,1,0,2024-07-17 09:29:20,0,2024-07-17 09:29:20,,,
2018-12-24,河南省,1/3焦煤,1430.00,到厂价,524,2018-12-24 00:00:00,1,0,2024-07-17 09:29:20,0,2024-07-17 09:29:20,,,
2018-12-17,山西省,主焦煤,1560.00,到厂价,525,2018-12-17 00:00:00,1,0,2024-07-17 09:29:20,0,2024-07-17 09:29:20,,,
2018-12-17,河南省,1/3焦煤,1430.00,到厂价,526,2018-12-17 00:00:00,1,0,2024-07-17 09:29:20,0,2024-07-17 09:29:20,,,
2018-12-10,山西省,主焦煤,1560.00,到厂价,527,2018-12-10 00:00:00,1,0,2024-07-17 09:29:20,0,2024-07-17 09:29:20,,,
2018-12-10,河南省,1/3焦煤,1430.00,到厂价,528,2018-12-10 00:00:00,1,0,2024-07-17 09:29:20,0,2024-07-17 09:29:20,,,
2018-12-03,山西省,主焦煤,1560.00,到厂价,529,2018-12-03 00:00:00,1,0,2024-07-17 09:29:20,0,2024-07-17 09:29:20,,,
2018-12-03,河南省,1/3焦煤,1430.00,到厂价,530,2018-12-03 00:00:00,1,0,2024-07-17 09:29:20,0,2024-07-17 09:29:20,,,
2018-11-26,山西省,主焦煤,1560.00,到厂价,531,2018-11-26 00:00:00,1,0,2024-07-17 09:29:20,0,2024-07-17 09:29:20,,,
2018-11-26,河南省,1/3焦煤,1430.00,到厂价,532,2018-11-26 00:00:00,1,0,2024-07-17 09:29:20,0,2024-07-17 09:29:20,,,
2018-11-19,山西省,主焦煤,1560.00,到厂价,533,2018-11-19 00:00:00,1,0,2024-07-17 09:29:20,0,2024-07-17 09:29:20,,,
2018-11-19,河南省,1/3焦煤,1430.00,到厂价,534,2018-11-19 00:00:00,1,0,2024-07-17 09:29:20,0,2024-07-17 09:29:20,,,
2018-11-12,山西省,主焦煤,1560.00,到厂价,535,2018-11-12 00:00:00,1,0,2024-07-17 09:29:20,0,2024-07-17 09:29:20,,,
2018-11-12,河南省,1/3焦煤,1430.00,到厂价,536,2018-11-12 00:00:00,1,0,2024-07-17 09:29:20,0,2024-07-17 09:29:20,,,
2018-11-05,山西省,主焦煤,1560.00,到厂价,537,2018-11-05 00:00:00,1,0,2024-07-17 09:29:20,0,2024-07-17 09:29:20,,,
2018-11-05,河南省,1/3焦煤,1430.00,到厂价,538,2018-11-05 00:00:00,1,0,2024-07-17 09:29:20,0,2024-07-17 09:29:20,,,
2018-10-29,山西省,主焦煤,1560.00,到厂价,539,2018-10-29 00:00:00,1,0,2024-07-17 09:29:20,0,2024-07-17 09:29:20,,,
2018-10-29,河南省,1/3焦煤,1430.00,到厂价,540,2018-10-29 00:00:00,1,0,2024-07-17 09:29:20,0,2024-07-17 09:29:20,,,
2018-10-22,山西省,主焦煤,1560.00,到厂价,541,2018-10-22 00:00:00,1,0,2024-07-17 09:29:24,0,2024-07-17 09:29:24,,,
2018-10-22,河南省,1/3焦煤,1430.00,到厂价,542,2018-10-22 00:00:00,1,0,2024-07-17 09:29:24,0,2024-07-17 09:29:24,,,
2018-10-15,山西省,主焦煤,1560.00,到厂价,543,2018-10-15 00:00:00,1,0,2024-07-17 09:29:24,0,2024-07-17 09:29:24,,,
2018-10-15,河南省,1/3焦煤,1430.00,到厂价,544,2018-10-15 00:00:00,1,0,2024-07-17 09:29:24,0,2024-07-17 09:29:24,,,
2018-10-08,山西省,主焦煤,1560.00,到厂价,545,2018-10-08 00:00:00,1,0,2024-07-17 09:29:24,0,2024-07-17 09:29:24,,,
2018-10-08,河南省,1/3焦煤,1430.00,到厂价,546,2018-10-08 00:00:00,1,0,2024-07-17 09:29:24,0,2024-07-17 09:29:24,,,
2018-09-24,山西省,主焦煤,1560.00,到厂价,547,2018-09-24 00:00:00,1,0,2024-07-17 09:29:24,0,2024-07-17 09:29:24,,,
2018-09-24,河南省,1/3焦煤,1430.00,到厂价,548,2018-09-24 00:00:00,1,0,2024-07-17 09:29:24,0,2024-07-17 09:29:24,,,
2018-09-17,山西省,主焦煤,1560.00,到厂价,549,2018-09-17 00:00:00,1,0,2024-07-17 09:29:24,0,2024-07-17 09:29:24,,,
2018-09-17,河南省,1/3焦煤,1430.00,到厂价,550,2018-09-17 00:00:00,1,0,2024-07-17 09:29:24,0,2024-07-17 09:29:24,,,
2018-09-10,山西省,主焦煤,1560.00,到厂价,551,2018-09-10 00:00:00,1,0,2024-07-17 09:29:24,0,2024-07-17 09:29:24,,,
2018-09-10,河南省,1/3焦煤,1430.00,到厂价,552,2018-09-10 00:00:00,1,0,2024-07-17 09:29:24,0,2024-07-17 09:29:24,,,
2018-09-03,山西省,主焦煤,1560.00,到厂价,553,2018-09-03 00:00:00,1,0,2024-07-17 09:29:24,0,2024-07-17 09:29:24,,,
2018-09-03,河南省,1/3焦煤,1430.00,到厂价,554,2018-09-03 00:00:00,1,0,2024-07-17 09:29:24,0,2024-07-17 09:29:24,,,
2018-08-27,山西省,主焦煤,1560.00,到厂价,555,2018-08-27 00:00:00,1,0,2024-07-17 09:29:24,0,2024-07-17 09:29:24,,,
2018-08-27,河南省,1/3焦煤,1430.00,到厂价,556,2018-08-27 00:00:00,1,0,2024-07-17 09:29:24,0,2024-07-17 09:29:24,,,
2018-08-20,山西省,主焦煤,1560.00,到厂价,557,2018-08-20 00:00:00,1,0,2024-07-17 09:29:24,0,2024-07-17 09:29:24,,,
2018-08-20,河南省,1/3焦煤,1430.00,到厂价,558,2018-08-20 00:00:00,1,0,2024-07-17 09:29:24,0,2024-07-17 09:29:24,,,
2018-08-13,山西省,主焦煤,1560.00,到厂价,559,2018-08-13 00:00:00,1,0,2024-07-17 09:29:24,0,2024-07-17 09:29:24,,,
2018-08-13,河南省,1/3焦煤,1430.00,到厂价,560,2018-08-13 00:00:00,1,0,2024-07-17 09:29:24,0,2024-07-17 09:29:24,,,
2018-08-06,山西省,主焦煤,1560.00,到厂价,561,2018-08-06 00:00:00,1,0,2024-07-17 09:29:24,0,2024-07-17 09:29:24,,,
2018-08-06,河南省,1/3焦煤,1430.00,到厂价,562,2018-08-06 00:00:00,1,0,2024-07-17 09:29:24,0,2024-07-17 09:29:24,,,
2018-07-30,山西省,主焦煤,1560.00,到厂价,563,2018-07-30 00:00:00,1,0,2024-07-17 09:29:24,0,2024-07-17 09:29:24,,,
2018-07-30,河南省,1/3焦煤,1430.00,到厂价,564,2018-07-30 00:00:00,1,0,2024-07-17 09:29:24,0,2024-07-17 09:29:24,,,
2018-07-23,山西省,主焦煤,1560.00,到厂价,565,2018-07-23 00:00:00,1,0,2024-07-17 09:29:24,0,2024-07-17 09:29:24,,,
2018-07-23,河南省,1/3焦煤,1430.00,到厂价,566,2018-07-23 00:00:00,1,0,2024-07-17 09:29:24,0,2024-07-17 09:29:24,,,
2018-07-16,山西省,主焦煤,1560.00,到厂价,567,2018-07-16 00:00:00,1,0,2024-07-17 09:29:24,0,2024-07-17 09:29:24,,,
2018-07-16,河南省,1/3焦煤,1430.00,到厂价,568,2018-07-16 00:00:00,1,0,2024-07-17 09:29:24,0,2024-07-17 09:29:24,,,
2018-07-09,山西省,主焦煤,1560.00,到厂价,569,2018-07-09 00:00:00,1,0,2024-07-17 09:29:24,0,2024-07-17 09:29:24,,,
2018-07-09,河南省,1/3焦煤,1430.00,到厂价,570,2018-07-09 00:00:00,1,0,2024-07-17 09:29:24,0,2024-07-17 09:29:24,,,
2018-07-02,山西省,主焦煤,1560.00,到厂价,571,2018-07-02 00:00:00,1,0,2024-07-17 09:29:26,0,2024-07-17 09:29:26,,,
2018-07-02,河南省,1/3焦煤,1430.00,到厂价,572,2018-07-02 00:00:00,1,0,2024-07-17 09:29:26,0,2024-07-17 09:29:26,,,
2018-06-25,山西省,主焦煤,1560.00,到厂价,573,2018-06-25 00:00:00,1,0,2024-07-17 09:29:26,0,2024-07-17 09:29:26,,,
2018-06-25,河南省,1/3焦煤,1430.00,到厂价,574,2018-06-25 00:00:00,1,0,2024-07-17 09:29:26,0,2024-07-17 09:29:26,,,
2018-06-18,山西省,主焦煤,1560.00,到厂价,575,2018-06-18 00:00:00,1,0,2024-07-17 09:29:26,0,2024-07-17 09:29:26,,,
2018-06-18,河南省,1/3焦煤,1430.00,到厂价,576,2018-06-18 00:00:00,1,0,2024-07-17 09:29:26,0,2024-07-17 09:29:26,,,
2018-06-11,山西省,主焦煤,1560.00,到厂价,577,2018-06-11 00:00:00,1,0,2024-07-17 09:29:26,0,2024-07-17 09:29:26,,,
2018-06-11,河南省,1/3焦煤,1430.00,到厂价,578,2018-06-11 00:00:00,1,0,2024-07-17 09:29:26,0,2024-07-17 09:29:26,,,
2018-05-28,山西省,主焦煤,1560.00,到厂价,579,2018-05-28 00:00:00,1,0,2024-07-17 09:29:26,0,2024-07-17 09:29:26,,,
2018-05-28,河南省,1/3焦煤,1430.00,到厂价,580,2018-05-28 00:00:00,1,0,2024-07-17 09:29:26,0,2024-07-17 09:29:26,,,
2018-05-21,山西省,主焦煤,1560.00,到厂价,581,2018-05-21 00:00:00,1,0,2024-07-17 09:29:26,0,2024-07-17 09:29:26,,,
2018-05-21,河南省,1/3焦煤,1430.00,到厂价,582,2018-05-21 00:00:00,1,0,2024-07-17 09:29:26,0,2024-07-17 09:29:26,,,
2018-05-14,山西省,主焦煤,1560.00,到厂价,583,2018-05-14 00:00:00,1,0,2024-07-17 09:29:26,0,2024-07-17 09:29:26,,,
2018-05-14,河南省,1/3焦煤,1430.00,到厂价,584,2018-05-14 00:00:00,1,0,2024-07-17 09:29:26,0,2024-07-17 09:29:26,,,
2018-05-07,山西省,主焦煤,1560.00,到厂价,585,2018-05-07 00:00:00,1,0,2024-07-17 09:29:26,0,2024-07-17 09:29:26,,,
2018-05-07,河南省,1/3焦煤,1430.00,到厂价,586,2018-05-07 00:00:00,1,0,2024-07-17 09:29:26,0,2024-07-17 09:29:26,,,
2018-04-23,山西省,主焦煤,1560.00,到厂价,587,2018-04-23 00:00:00,1,0,2024-07-17 09:29:26,0,2024-07-17 09:29:26,,,
2018-04-23,河南省,1/3焦煤,1430.00,到厂价,588,2018-04-23 00:00:00,1,0,2024-07-17 09:29:26,0,2024-07-17 09:29:26,,,
2018-04-16,山西省,主焦煤,1560.00,到厂价,589,2018-04-16 00:00:00,1,0,2024-07-17 09:29:26,0,2024-07-17 09:29:26,,,
2018-04-16,河南省,1/3焦煤,1430.00,到厂价,590,2018-04-16 00:00:00,1,0,2024-07-17 09:29:26,0,2024-07-17 09:29:26,,,
2018-04-02,山西省,主焦煤,1560.00,到厂价,591,2018-04-02 00:00:00,1,0,2024-07-17 09:29:26,0,2024-07-17 09:29:26,,,
2018-04-02,河南省,1/3焦煤,1430.00,到厂价,592,2018-04-02 00:00:00,1,0,2024-07-17 09:29:26,0,2024-07-17 09:29:26,,,
2018-03-26,山西省,主焦煤,1560.00,到厂价,593,2018-03-26 00:00:00,1,0,2024-07-17 09:29:26,0,2024-07-17 09:29:26,,,
2018-03-26,河南省,1/3焦煤,1430.00,到厂价,594,2018-03-26 00:00:00,1,0,2024-07-17 09:29:26,0,2024-07-17 09:29:26,,,
2018-03-19,山西省,主焦煤,1560.00,到厂价,595,2018-03-19 00:00:00,1,0,2024-07-17 09:29:26,0,2024-07-17 09:29:26,,,
2018-03-19,河南省,1/3焦煤,1430.00,到厂价,596,2018-03-19 00:00:00,1,0,2024-07-17 09:29:26,0,2024-07-17 09:29:26,,,
2018-03-12,山西省,主焦煤,1560.00,到厂价,597,2018-03-12 00:00:00,1,0,2024-07-17 09:29:26,0,2024-07-17 09:29:26,,,
2018-03-12,河南省,1/3焦煤,1430.00,到厂价,598,2018-03-12 00:00:00,1,0,2024-07-17 09:29:26,0,2024-07-17 09:29:26,,,
2018-03-05,山西省,主焦煤,1560.00,到厂价,599,2018-03-05 00:00:00,1,0,2024-07-17 09:29:26,0,2024-07-17 09:29:26,,,
2018-03-05,河南省,1/3焦煤,1430.00,到厂价,600,2018-03-05 00:00:00,1,0,2024-07-17 09:29:26,0,2024-07-17 09:29:26,,,
2018-02-26,山西省,主焦煤,1560.00,到厂价,601,2018-02-26 00:00:00,1,0,2024-07-17 09:29:29,0,2024-07-17 09:29:29,,,
2018-02-26,河南省,1/3焦煤,1430.00,到厂价,602,2018-02-26 00:00:00,1,0,2024-07-17 09:29:29,0,2024-07-17 09:29:29,,,
2018-02-12,山西省,主焦煤,1560.00,到厂价,603,2018-02-12 00:00:00,1,0,2024-07-17 09:29:29,0,2024-07-17 09:29:29,,,
2018-02-12,河南省,1/3焦煤,1430.00,到厂价,604,2018-02-12 00:00:00,1,0,2024-07-17 09:29:29,0,2024-07-17 09:29:29,,,
2018-02-05,山西省,主焦煤,1560.00,到厂价,605,2018-02-05 00:00:00,1,0,2024-07-17 09:29:29,0,2024-07-17 09:29:29,,,
2018-02-05,河南省,1/3焦煤,1430.00,到厂价,606,2018-02-05 00:00:00,1,0,2024-07-17 09:29:29,0,2024-07-17 09:29:29,,,
2018-01-29,山西省,主焦煤,1560.00,到厂价,607,2018-01-29 00:00:00,1,0,2024-07-17 09:29:29,0,2024-07-17 09:29:29,,,
2018-01-29,河南省,1/3焦煤,1430.00,到厂价,608,2018-01-29 00:00:00,1,0,2024-07-17 09:29:29,0,2024-07-17 09:29:29,,,
2018-01-22,山西省,主焦煤,1560.00,到厂价,609,2018-01-22 00:00:00,1,0,2024-07-17 09:29:29,0,2024-07-17 09:29:29,,,
2018-01-22,河南省,1/3焦煤,1430.00,到厂价,610,2018-01-22 00:00:00,1,0,2024-07-17 09:29:29,0,2024-07-17 09:29:29,,,
2018-01-15,山西省,主焦煤,1560.00,到厂价,611,2018-01-15 00:00:00,1,0,2024-07-17 09:29:29,0,2024-07-17 09:29:29,,,
2018-01-15,河南省,1/3焦煤,1430.00,到厂价,612,2018-01-15 00:00:00,1,0,2024-07-17 09:29:29,0,2024-07-17 09:29:29,,,
2018-01-08,山西省,主焦煤,1560.00,到厂价,613,2018-01-08 00:00:00,1,0,2024-07-17 09:29:29,0,2024-07-17 09:29:29,,,
2018-01-08,河南省,1/3焦煤,1430.00,到厂价,614,2018-01-08 00:00:00,1,0,2024-07-17 09:29:29,0,2024-07-17 09:29:29,,,
2018-01-01,山西省,主焦煤,1460.00,到厂价,615,2018-01-01 00:00:00,1,0,2024-07-17 09:29:29,0,2024-07-17 09:29:29,,,
2018-01-01,河南省,1/3焦煤,1430.00,到厂价,616,2018-01-01 00:00:00,1,0,2024-07-17 09:29:29,0,2024-07-17 09:29:29,,,
2017-12-25,山西省,主焦煤,1460.00,到厂价,617,2017-12-25 00:00:00,1,0,2024-07-17 09:29:29,0,2024-07-17 09:29:29,,,
2017-12-25,河南省,1/3焦煤,1330.00,到厂价,618,2017-12-25 00:00:00,1,0,2024-07-17 09:29:29,0,2024-07-17 09:29:29,,,
2017-12-18,山西省,主焦煤,1460.00,到厂价,619,2017-12-18 00:00:00,1,0,2024-07-17 09:29:29,0,2024-07-17 09:29:29,,,
2017-12-18,河南省,1/3焦煤,1330.00,到厂价,620,2017-12-18 00:00:00,1,0,2024-07-17 09:29:29,0,2024-07-17 09:29:29,,,
2017-12-11,山西省,主焦煤,1460.00,到厂价,621,2017-12-11 00:00:00,1,0,2024-07-17 09:29:29,0,2024-07-17 09:29:29,,,
2017-12-11,河南省,1/3焦煤,1280.00,到厂价,622,2017-12-11 00:00:00,1,0,2024-07-17 09:29:29,0,2024-07-17 09:29:29,,,
2017-12-04,山西省,主焦煤,1460.00,到厂价,623,2017-12-04 00:00:00,1,0,2024-07-17 09:29:29,0,2024-07-17 09:29:29,,,
2017-12-04,河南省,1/3焦煤,1280.00,到厂价,624,2017-12-04 00:00:00,1,0,2024-07-17 09:29:29,0,2024-07-17 09:29:29,,,
2017-11-27,山西省,主焦煤,1460.00,到厂价,625,2017-11-27 00:00:00,1,0,2024-07-17 09:29:29,0,2024-07-17 09:29:29,,,
2017-11-27,河南省,1/3焦煤,1280.00,到厂价,626,2017-11-27 00:00:00,1,0,2024-07-17 09:29:29,0,2024-07-17 09:29:29,,,
2017-11-20,山西省,主焦煤,1460.00,到厂价,627,2017-11-20 00:00:00,1,0,2024-07-17 09:29:29,0,2024-07-17 09:29:29,,,
2017-11-20,河南省,1/3焦煤,1280.00,到厂价,628,2017-11-20 00:00:00,1,0,2024-07-17 09:29:29,0,2024-07-17 09:29:29,,,
2017-11-13,山西省,主焦煤,1560.00,到厂价,629,2017-11-13 00:00:00,1,0,2024-07-17 09:29:29,0,2024-07-17 09:29:29,,,
2017-11-13,河南省,1/3焦煤,1480.00,到厂价,630,2017-11-13 00:00:00,1,0,2024-07-17 09:29:29,0,2024-07-17 09:29:29,,,
2017-11-06,河南省,1/3焦煤,1480.00,到厂价,631,2017-11-06 00:00:00,1,0,2024-07-17 09:29:33,0,2024-07-17 09:29:33,,,
2017-11-06,山西省,主焦煤,1610.00,到厂价,632,2017-11-06 00:00:00,1,0,2024-07-17 09:29:33,0,2024-07-17 09:29:33,,,
2017-10-30,河南省,1/3焦煤,1480.00,到厂价,633,2017-10-30 00:00:00,1,0,2024-07-17 09:29:33,0,2024-07-17 09:29:33,,,
2017-10-30,山西省,主焦煤,1610.00,到厂价,634,2017-10-30 00:00:00,1,0,2024-07-17 09:29:33,0,2024-07-17 09:29:33,,,
2017-10-23,河南省,1/3焦煤,1480.00,到厂价,635,2017-10-23 00:00:00,1,0,2024-07-17 09:29:33,0,2024-07-17 09:29:33,,,
2017-10-23,山西省,主焦煤,1610.00,到厂价,636,2017-10-23 00:00:00,1,0,2024-07-17 09:29:33,0,2024-07-17 09:29:33,,,
2017-10-16,河南省,1/3焦煤,1480.00,到厂价,637,2017-10-16 00:00:00,1,0,2024-07-17 09:29:33,0,2024-07-17 09:29:33,,,
2017-10-16,山西省,主焦煤,1610.00,到厂价,638,2017-10-16 00:00:00,1,0,2024-07-17 09:29:33,0,2024-07-17 09:29:33,,,
2017-10-09,河南省,1/3焦煤,1430.00,到厂价,639,2017-10-09 00:00:00,1,0,2024-07-17 09:29:33,0,2024-07-17 09:29:33,,,
2017-10-09,山西省,主焦煤,1610.00,到厂价,640,2017-10-09 00:00:00,1,0,2024-07-17 09:29:33,0,2024-07-17 09:29:33,,,
2017-09-25,河南省,1/3焦煤,1430.00,到厂价,641,2017-09-25 00:00:00,1,0,2024-07-17 09:29:33,0,2024-07-17 09:29:33,,,
2017-09-25,山西省,主焦煤,1610.00,到厂价,642,2017-09-25 00:00:00,1,0,2024-07-17 09:29:33,0,2024-07-17 09:29:33,,,
2017-09-18,河南省,1/3焦煤,1330.00,到厂价,643,2017-09-18 00:00:00,1,0,2024-07-17 09:29:33,0,2024-07-17 09:29:33,,,
2017-09-18,山西省,主焦煤,1510.00,到厂价,644,2017-09-18 00:00:00,1,0,2024-07-17 09:29:33,0,2024-07-17 09:29:33,,,
2017-09-11,河南省,1/3焦煤,1330.00,到厂价,645,2017-09-11 00:00:00,1,0,2024-07-17 09:29:33,0,2024-07-17 09:29:33,,,
2017-09-11,山西省,主焦煤,1510.00,到厂价,646,2017-09-11 00:00:00,1,0,2024-07-17 09:29:33,0,2024-07-17 09:29:33,,,
2017-09-04,河南省,1/3焦煤,1330.00,到厂价,647,2017-09-04 00:00:00,1,0,2024-07-17 09:29:33,0,2024-07-17 09:29:33,,,
2017-09-04,山西省,主焦煤,1510.00,到厂价,648,2017-09-04 00:00:00,1,0,2024-07-17 09:29:33,0,2024-07-17 09:29:33,,,
2017-08-28,河南省,1/3焦煤,1330.00,到厂价,649,2017-08-28 00:00:00,1,0,2024-07-17 09:29:33,0,2024-07-17 09:29:33,,,
2017-08-28,山西省,主焦煤,1460.00,到厂价,650,2017-08-28 00:00:00,1,0,2024-07-17 09:29:33,0,2024-07-17 09:29:33,,,
2017-08-21,河南省,1/3焦煤,1330.00,到厂价,651,2017-08-21 00:00:00,1,0,2024-07-17 09:29:33,0,2024-07-17 09:29:33,,,
2017-08-21,山西省,主焦煤,1460.00,到厂价,652,2017-08-21 00:00:00,1,0,2024-07-17 09:29:33,0,2024-07-17 09:29:33,,,
2017-08-14,河南省,1/3焦煤,1330.00,到厂价,653,2017-08-14 00:00:00,1,0,2024-07-17 09:29:33,0,2024-07-17 09:29:33,,,
2017-08-14,山西省,主焦煤,1460.00,到厂价,654,2017-08-14 00:00:00,1,0,2024-07-17 09:29:33,0,2024-07-17 09:29:33,,,
2017-08-07,河南省,1/3焦煤,1330.00,到厂价,655,2017-08-07 00:00:00,1,0,2024-07-17 09:29:33,0,2024-07-17 09:29:33,,,
2017-08-07,山西省,主焦煤,1460.00,到厂价,656,2017-08-07 00:00:00,1,0,2024-07-17 09:29:33,0,2024-07-17 09:29:33,,,
2017-07-31,河南省,1/3焦煤,1315.00,到厂价,657,2017-07-31 00:00:00,1,0,2024-07-17 09:29:33,0,2024-07-17 09:29:33,,,
2017-07-31,山西省,主焦煤,1460.00,到厂价,658,2017-07-31 00:00:00,1,0,2024-07-17 09:29:33,0,2024-07-17 09:29:33,,,
2017-07-24,河南省,1/3焦煤,1315.00,到厂价,659,2017-07-24 00:00:00,1,0,2024-07-17 09:29:33,0,2024-07-17 09:29:33,,,
2017-07-24,山西省,主焦煤,1460.00,到厂价,660,2017-07-24 00:00:00,1,0,2024-07-17 09:29:33,0,2024-07-17 09:29:33,,,
2017-07-17,河南省,1/3焦煤,1315.00,到厂价,661,2017-07-17 00:00:00,1,0,2024-07-17 09:29:36,0,2024-07-17 09:29:36,,,
2017-07-17,山西省,主焦煤,1460.00,到厂价,662,2017-07-17 00:00:00,1,0,2024-07-17 09:29:36,0,2024-07-17 09:29:36,,,
2017-07-10,河南省,1/3焦煤,1315.00,到厂价,663,2017-07-10 00:00:00,1,0,2024-07-17 09:29:36,0,2024-07-17 09:29:36,,,
2017-07-10,山西省,主焦煤,1460.00,到厂价,664,2017-07-10 00:00:00,1,0,2024-07-17 09:29:36,0,2024-07-17 09:29:36,,,
2017-07-03,河南省,1/3焦煤,1315.00,到厂价,665,2017-07-03 00:00:00,1,0,2024-07-17 09:29:36,0,2024-07-17 09:29:36,,,
2017-07-03,山西省,主焦煤,1460.00,到厂价,666,2017-07-03 00:00:00,1,0,2024-07-17 09:29:36,0,2024-07-17 09:29:36,,,
2017-06-26,河南省,1/3焦煤,1315.00,到厂价,667,2017-06-26 00:00:00,1,0,2024-07-17 09:29:36,0,2024-07-17 09:29:36,,,
2017-06-26,山西省,主焦煤,1460.00,到厂价,668,2017-06-26 00:00:00,1,0,2024-07-17 09:29:36,0,2024-07-17 09:29:36,,,
2017-06-19,河南省,1/3焦煤,1215.00,到厂价,669,2017-06-19 00:00:00,1,0,2024-07-17 09:29:36,0,2024-07-17 09:29:36,,,
2017-06-19,山西省,主焦煤,1360.00,到厂价,670,2017-06-19 00:00:00,1,0,2024-07-17 09:29:36,0,2024-07-17 09:29:36,,,
2017-06-12,河南省,1/3焦煤,1215.00,到厂价,671,2017-06-12 00:00:00,1,0,2024-07-17 09:29:36,0,2024-07-17 09:29:36,,,
2017-06-12,山西省,主焦煤,1360.00,到厂价,672,2017-06-12 00:00:00,1,0,2024-07-17 09:29:36,0,2024-07-17 09:29:36,,,
2017-06-05,河南省,1/3焦煤,1215.00,到厂价,673,2017-06-05 00:00:00,1,0,2024-07-17 09:29:36,0,2024-07-17 09:29:36,,,
2017-06-05,山西省,主焦煤,1360.00,到厂价,674,2017-06-05 00:00:00,1,0,2024-07-17 09:29:36,0,2024-07-17 09:29:36,,,
2017-05-29,河南省,1/3焦煤,1215.00,到厂价,675,2017-05-29 00:00:00,1,0,2024-07-17 09:29:36,0,2024-07-17 09:29:36,,,
2017-05-29,山西省,主焦煤,1360.00,到厂价,676,2017-05-29 00:00:00,1,0,2024-07-17 09:29:36,0,2024-07-17 09:29:36,,,
2017-05-22,河南省,1/3焦煤,1215.00,到厂价,677,2017-05-22 00:00:00,1,0,2024-07-17 09:29:36,0,2024-07-17 09:29:36,,,
2017-05-22,山西省,主焦煤,1360.00,到厂价,678,2017-05-22 00:00:00,1,0,2024-07-17 09:29:36,0,2024-07-17 09:29:36,,,
2017-05-15,河南省,1/3焦煤,1295.00,到厂价,679,2017-05-15 00:00:00,1,0,2024-07-17 09:29:36,0,2024-07-17 09:29:36,,,
2017-05-15,山西省,主焦煤,1410.00,到厂价,680,2017-05-15 00:00:00,1,0,2024-07-17 09:29:36,0,2024-07-17 09:29:36,,,
2017-05-08,河南省,1/3焦煤,1295.00,到厂价,681,2017-05-08 00:00:00,1,0,2024-07-17 09:29:36,0,2024-07-17 09:29:36,,,
2017-05-08,山西省,主焦煤,1410.00,到厂价,682,2017-05-08 00:00:00,1,0,2024-07-17 09:29:36,0,2024-07-17 09:29:36,,,
2017-05-01,河南省,1/3焦煤,1295.00,到厂价,683,2017-05-01 00:00:00,1,0,2024-07-17 09:29:36,0,2024-07-17 09:29:36,,,
2017-05-01,山西省,主焦煤,1410.00,到厂价,684,2017-05-01 00:00:00,1,0,2024-07-17 09:29:36,0,2024-07-17 09:29:36,,,
2017-04-24,河南省,1/3焦煤,1295.00,到厂价,685,2017-04-24 00:00:00,1,0,2024-07-17 09:29:36,0,2024-07-17 09:29:36,,,
2017-04-24,山西省,主焦煤,1410.00,到厂价,686,2017-04-24 00:00:00,1,0,2024-07-17 09:29:36,0,2024-07-17 09:29:36,,,
2017-04-17,山西省,主焦煤,1410.00,到厂价,687,2017-04-17 00:00:00,1,0,2024-07-17 09:29:36,0,2024-07-17 09:29:36,,,
2017-04-10,山西省,主焦煤,1410.00,到厂价,688,2017-04-10 00:00:00,1,0,2024-07-17 09:29:36,0,2024-07-17 09:29:36,,,
2017-04-03,山西省,主焦煤,1410.00,到厂价,689,2017-04-03 00:00:00,1,0,2024-07-17 09:29:36,0,2024-07-17 09:29:36,,,
2017-03-27,山西省,主焦煤,1410.00,到厂价,690,2017-03-27 00:00:00,1,0,2024-07-17 09:29:36,0,2024-07-17 09:29:36,,,
2017-03-20,山西省,主焦煤,1410.00,到厂价,691,2017-03-20 00:00:00,1,0,2024-07-17 09:29:39,0,2024-07-17 09:29:39,,,
2017-03-13,山西省,主焦煤,1410.00,到厂价,692,2017-03-13 00:00:00,1,0,2024-07-17 09:29:39,0,2024-07-17 09:29:39,,,
2017-03-06,山西省,主焦煤,1410.00,到厂价,693,2017-03-06 00:00:00,1,0,2024-07-17 09:29:39,0,2024-07-17 09:29:39,,,
2017-02-27,山西省,主焦煤,1410.00,到厂价,694,2017-02-27 00:00:00,1,0,2024-07-17 09:29:39,0,2024-07-17 09:29:39,,,
2017-02-20,山西省,主焦煤,1410.00,到厂价,695,2017-02-20 00:00:00,1,0,2024-07-17 09:29:39,0,2024-07-17 09:29:39,,,
2017-02-13,山西省,主焦煤,1410.00,到厂价,696,2017-02-13 00:00:00,1,0,2024-07-17 09:29:39,0,2024-07-17 09:29:39,,,
2017-02-06,山西省,主焦煤,1410.00,到厂价,697,2017-02-06 00:00:00,1,0,2024-07-17 09:29:39,0,2024-07-17 09:29:39,,,
2017-01-23,山西省,主焦煤,1410.00,到厂价,698,2017-01-23 00:00:00,1,0,2024-07-17 09:29:39,0,2024-07-17 09:29:39,,,
2017-01-16,山西省,主焦煤,1410.00,到厂价,699,2017-01-16 00:00:00,1,0,2024-07-17 09:29:39,0,2024-07-17 09:29:39,,,
2017-01-09,山西省,主焦煤,1410.00,到厂价,700,2017-01-09 00:00:00,1,0,2024-07-17 09:29:39,0,2024-07-17 09:29:39,,,
2017-01-02,山西省,主焦煤,1410.00,到厂价,701,2017-01-02 00:00:00,1,0,2024-07-17 09:29:39,0,2024-07-17 09:29:39,,,
2024-07-29,河南省,1/3焦煤,1520.00,到厂价,754,2024-07-29 00:00:00,1,0,2024-08-01 10:23:30,0,2024-08-01 10:23:30,,,
2024-07-29,山西省,主焦煤,1750.00,到厂价,755,2024-07-29 00:00:00,1,0,2024-08-01 10:23:30,0,2024-08-01 10:23:30,,,
2024-07-22,河南省,1/3焦煤,1550.00,到厂价,756,2024-07-22 00:00:00,1,0,2024-08-01 10:23:30,0,2024-08-01 10:23:30,,,
2024-07-22,山西省,主焦煤,1800.00,到厂价,757,2024-07-22 00:00:00,1,0,2024-08-01 10:23:30,0,2024-08-01 10:23:30,,,
2024-07-15,河南省,1/3焦煤,1550.00,到厂价,758,2024-07-15 00:00:00,1,0,2024-08-01 10:23:30,0,2024-08-01 10:23:30,,,
2024-07-15,山西省,主焦煤,1800.00,到厂价,759,2024-07-15 00:00:00,1,0,2024-08-01 10:23:30,0,2024-08-01 10:23:30,,,
