时间,港口合计(万吨),沿海港口(万吨),内河港口(万吨),北方港口(万吨),南方港口(万吨),华东港口(万吨),华南港口(万吨),_ID,_DATA_TIME,_ACTIVE,_CREATE_ID,_CREATE_TIME,_UPDATE_ID,_UPDATE_TIME,_REMARK,_CHANGE_LOG,_RESERVE
2024-07-15,7275.70,6090.90,1184.90,3326.70,3949.10,2335.20,2089.20,1,2024-07-15 00:00:00,1,0,2024-07-20 11:26:15,0,2024-07-20 11:26:15,,,
2024-07-08,7409.90,6205.80,1204.10,3439.30,3970.70,2371.50,2067.50,2,2024-07-08 00:00:00,1,0,2024-07-20 11:26:15,0,2024-07-20 11:26:15,,,
2024-07-01,7403.30,6221.50,1181.80,3421.70,3981.60,2398.40,2058.20,3,2024-07-01 00:00:00,1,0,2024-07-20 11:26:15,0,2024-07-20 11:26:15,,,
2024-06-24,7320.10,6132.30,1187.80,3472.00,3848.10,2375.40,1970.80,4,2024-06-24 00:00:00,1,0,2024-07-20 11:26:15,0,2024-07-20 11:26:15,,,
2024-06-17,7156.60,5960.80,1195.80,3436.00,3720.60,2351.20,1871.90,5,2024-06-17 00:00:00,1,0,2024-07-20 11:26:15,0,2024-07-20 11:26:15,,,
2024-06-10,6928.30,5747.60,1180.70,3330.40,3597.90,2310.90,1794.00,6,2024-06-10 00:00:00,1,0,2024-07-20 11:26:15,0,2024-07-20 11:26:15,,,
2024-06-03,6741.20,5606.90,1134.40,3233.00,3508.30,2207.50,1788.70,7,2024-06-03 00:00:00,1,0,2024-07-20 11:26:15,0,2024-07-20 11:26:15,,,
2024-05-27,6667.60,5568.00,1099.50,3329.40,3338.20,2177.50,1648.40,8,2024-05-27 00:00:00,1,0,2024-07-20 11:26:15,0,2024-07-20 11:26:15,,,
2024-05-20,6445.20,5386.50,1058.70,3181.50,3263.80,2092.80,1598.50,9,2024-05-20 00:00:00,1,0,2024-07-20 11:26:15,0,2024-07-20 11:26:15,,,
2024-05-13,6282.10,5251.70,1030.40,3085.20,3196.90,2046.40,1558.60,10,2024-05-13 00:00:00,1,0,2024-07-20 11:26:15,0,2024-07-20 11:26:15,,,
2024-05-06,6053.30,5118.80,934.50,2935.70,3117.50,1941.10,1550.30,11,2024-05-06 00:00:00,1,0,2024-07-20 11:26:15,0,2024-07-20 11:26:15,,,
2024-04-29,6098.10,5179.30,918.70,3080.50,3017.60,1939.30,1477.40,12,2024-04-29 00:00:00,1,0,2024-07-20 11:26:15,0,2024-07-20 11:26:15,,,
2024-04-22,6004.90,5130.00,875.00,3018.40,2986.60,1905.20,1478.20,13,2024-04-22 00:00:00,1,0,2024-07-20 11:26:15,0,2024-07-20 11:26:15,,,
2024-04-15,5871.70,4974.70,897.00,2875.90,2995.80,1875.20,1504.40,14,2024-04-15 00:00:00,1,0,2024-07-20 11:26:15,0,2024-07-20 11:26:15,,,
2024-04-08,5770.30,4916.20,854.10,2898.90,2871.40,1847.30,1419.60,15,2024-04-08 00:00:00,1,0,2024-07-20 11:26:15,0,2024-07-20 11:26:15,,,
2024-04-01,5781.30,4913.10,868.20,2918.50,2862.80,1819.20,1413.60,16,2024-04-01 00:00:00,1,0,2024-07-20 11:26:15,0,2024-07-20 11:26:15,,,
2024-03-25,5754.60,4877.60,877.00,2832.40,2922.20,1779.90,1491.90,17,2024-03-25 00:00:00,1,0,2024-07-20 11:26:15,0,2024-07-20 11:26:15,,,
2024-03-18,5649.60,4748.30,901.30,2700.40,2949.20,1794.10,1500.40,18,2024-03-18 00:00:00,1,0,2024-07-20 11:26:15,0,2024-07-20 11:26:15,,,
2024-03-11,5674.80,4742.50,932.30,2734.90,2939.90,1847.00,1435.80,19,2024-03-11 00:00:00,1,0,2024-07-20 11:26:15,0,2024-07-20 11:26:15,,,
2024-03-04,5645.30,4745.90,899.40,2744.10,2901.10,1791.20,1420.70,20,2024-03-04 00:00:00,1,0,2024-07-20 11:26:15,0,2024-07-20 11:26:15,,,
2024-02-26,5774.20,4954.40,819.70,2790.80,2983.30,1728.50,1583.00,21,2024-02-26 00:00:00,1,0,2024-07-20 11:26:15,0,2024-07-20 11:26:15,,,
2024-02-19,5280.60,4496.30,784.30,2622.20,2658.40,1711.40,1269.30,22,2024-02-19 00:00:00,1,0,2024-07-20 11:26:15,0,2024-07-20 11:26:15,,,
2024-02-05,5321.10,4569.10,752.00,2797.60,2523.50,1603.50,1277.50,23,2024-02-05 00:00:00,1,0,2024-07-20 11:26:15,0,2024-07-20 11:26:15,,,
2024-01-29,5598.30,4797.50,800.80,2940.50,2657.80,1684.40,1349.90,24,2024-01-29 00:00:00,1,0,2024-07-20 11:26:15,0,2024-07-20 11:26:15,,,
2024-01-22,5762.30,4897.90,864.50,2993.90,2768.40,1718.00,1424.20,25,2024-01-22 00:00:00,1,0,2024-07-20 11:26:15,0,2024-07-20 11:26:15,,,
2024-01-15,5843.70,4975.90,867.80,3034.10,2809.50,1737.50,1475.80,26,2024-01-15 00:00:00,1,0,2024-07-20 11:26:15,0,2024-07-20 11:26:15,,,
2024-01-08,6001.60,5109.20,892.50,3167.30,2834.30,1788.00,1456.30,27,2024-01-08 00:00:00,1,0,2024-07-20 11:26:15,0,2024-07-20 11:26:15,,,
2024-01-01,6311.90,5371.80,940.10,3363.40,2948.50,1882.40,1510.10,28,2024-01-01 00:00:00,1,0,2024-07-20 11:26:15,0,2024-07-20 11:26:15,,,
2023-12-25,6607.10,5644.60,962.50,3607.90,2999.20,1961.60,1529.80,29,2023-12-25 00:00:00,1,0,2024-07-20 11:26:15,0,2024-07-20 11:26:15,,,
2023-12-18,7067.10,6061.20,1005.90,3951.70,3115.40,2074.30,1547.90,30,2023-12-18 00:00:00,1,0,2024-07-20 11:26:15,0,2024-07-20 11:26:15,,,
2023-12-11,7122.90,6086.90,1035.90,3917.10,3205.80,2129.60,1590.90,31,2023-12-11 00:00:00,1,0,2024-07-20 11:26:17,0,2024-07-20 11:26:17,,,
2023-12-04,7052.90,6011.70,1041.20,3807.30,3245.70,2153.60,1629.20,32,2023-12-04 00:00:00,1,0,2024-07-20 11:26:17,0,2024-07-20 11:26:17,,,
2023-11-27,6983.30,5975.70,1007.60,3824.40,3158.90,2091.40,1604.70,33,2023-11-27 00:00:00,1,0,2024-07-20 11:26:17,0,2024-07-20 11:26:17,,,
2023-11-20,6996.50,6017.20,979.30,3916.60,3079.80,2001.50,1610.60,34,2023-11-20 00:00:00,1,0,2024-07-20 11:26:17,0,2024-07-20 11:26:17,,,
2023-11-13,7038.10,6067.20,970.90,3895.60,3142.50,1992.90,1673.10,35,2023-11-13 00:00:00,1,0,2024-07-20 11:26:17,0,2024-07-20 11:26:17,,,
2023-11-06,7005.20,6030.60,974.60,3808.60,3196.60,2027.70,1681.70,36,2023-11-06 00:00:00,1,0,2024-07-20 11:26:17,0,2024-07-20 11:26:17,,,
2023-10-30,6708.90,5724.00,984.90,3522.20,3186.80,1938.80,1686.30,37,2023-10-30 00:00:00,1,0,2024-07-20 11:26:17,0,2024-07-20 11:26:17,,,
2023-10-23,6574.30,5583.00,991.30,3383.20,3191.10,1888.60,1696.10,38,2023-10-23 00:00:00,1,0,2024-07-20 11:26:17,0,2024-07-20 11:26:17,,,
2023-10-16,6290.00,5343.80,946.20,3155.00,3135.00,1848.00,1641.00,39,2023-10-16 00:00:00,1,0,2024-07-20 11:26:17,0,2024-07-20 11:26:17,,,
2023-10-09,6088.90,5278.60,810.30,3046.20,3042.70,1691.50,1663.80,40,2023-10-09 00:00:00,1,0,2024-07-20 11:26:17,0,2024-07-20 11:26:17,,,
2023-09-25,5886.10,5081.80,804.30,2867.40,3018.70,1641.20,1676.20,41,2023-09-25 00:00:00,1,0,2024-07-20 11:26:17,0,2024-07-20 11:26:17,,,
2023-09-18,5827.70,4973.20,854.50,2746.80,3080.90,1731.80,1652.60,42,2023-09-18 00:00:00,1,0,2024-07-20 11:26:17,0,2024-07-20 11:26:17,,,
2023-09-11,5763.90,4930.70,833.20,2694.70,3069.20,1706.20,1660.80,43,2023-09-11 00:00:00,1,0,2024-07-20 11:26:17,0,2024-07-20 11:26:17,,,
2023-09-04,5845.80,5014.30,831.50,2796.70,3049.10,1706.20,1643.40,44,2023-09-04 00:00:00,1,0,2024-07-20 11:26:17,0,2024-07-20 11:26:17,,,
2023-08-28,6133.20,5259.30,873.90,2928.20,3205.00,1809.10,1708.00,45,2023-08-28 00:00:00,1,0,2024-07-20 11:26:17,0,2024-07-20 11:26:17,,,
2023-08-21,6548.90,5580.40,968.50,3156.90,3392.00,1915.60,1811.90,46,2023-08-21 00:00:00,1,0,2024-07-20 11:26:17,0,2024-07-20 11:26:17,,,
2023-08-14,6670.80,5634.30,1036.50,3300.00,3370.80,1987.40,1767.90,47,2023-08-14 00:00:00,1,0,2024-07-20 11:26:17,0,2024-07-20 11:26:17,,,
2023-08-07,6842.60,5697.60,1145.00,3366.20,3476.40,2231.10,1706.80,48,2023-08-07 00:00:00,1,0,2024-07-20 11:26:17,0,2024-07-20 11:26:17,,,
2023-07-31,7100.00,5919.10,1180.90,3447.00,3653.00,2340.30,1786.70,49,2023-07-31 00:00:00,1,0,2024-07-20 11:26:17,0,2024-07-20 11:26:17,,,
2023-07-24,7229.80,6014.30,1215.50,3520.80,3709.00,2439.70,1809.80,50,2023-07-24 00:00:00,1,0,2024-07-20 11:26:17,0,2024-07-20 11:26:17,,,
2023-07-17,7335.30,6091.80,1243.50,3574.30,3761.00,2535.00,1787.50,51,2023-07-17 00:00:00,1,0,2024-07-20 11:26:17,0,2024-07-20 11:26:17,,,
2023-07-10,7409.20,6136.70,1272.50,3619.90,3789.30,2582.80,1781.00,52,2023-07-10 00:00:00,1,0,2024-07-20 11:26:17,0,2024-07-20 11:26:17,,,
2023-07-03,7420.10,6185.10,1235.00,3709.50,3710.60,2515.70,1791.40,53,2023-07-03 00:00:00,1,0,2024-07-20 11:26:17,0,2024-07-20 11:26:17,,,
2023-06-26,7502.30,6286.40,1215.90,3811.70,3690.60,2500.90,1792.20,54,2023-06-26 00:00:00,1,0,2024-07-20 11:26:17,0,2024-07-20 11:26:17,,,
2023-06-19,7560.80,6317.50,1243.30,3881.10,3679.70,2469.00,1791.40,55,2023-06-19 00:00:00,1,0,2024-07-20 11:26:17,0,2024-07-20 11:26:17,,,
2023-06-12,7678.10,6455.10,1223.00,4025.80,3652.30,2480.10,1782.20,56,2023-06-12 00:00:00,1,0,2024-07-20 11:26:17,0,2024-07-20 11:26:17,,,
2023-06-05,7795.50,6535.50,1260.00,4087.80,3707.70,2533.90,1801.80,57,2023-06-05 00:00:00,1,0,2024-07-20 11:26:17,0,2024-07-20 11:26:17,,,
2023-05-29,7629.80,6379.80,1250.00,3963.10,3666.70,2531.90,1751.80,58,2023-05-29 00:00:00,1,0,2024-07-20 11:26:17,0,2024-07-20 11:26:17,,,
2023-05-22,7395.90,6175.90,1220.00,3872.00,3523.90,2520.90,1627.00,59,2023-05-22 00:00:00,1,0,2024-07-20 11:26:17,0,2024-07-20 11:26:17,,,
2023-05-15,7264.80,6059.20,1205.60,3813.60,3451.20,2487.30,1589.30,60,2023-05-15 00:00:00,1,0,2024-07-20 11:26:17,0,2024-07-20 11:26:17,,,
2023-05-08,6851.60,5704.60,1147.00,3626.70,3224.90,2437.90,1430.00,61,2023-05-08 00:00:00,1,0,2024-07-20 11:26:21,0,2024-07-20 11:26:21,,,
2023-05-01,6641.50,5552.50,1089.00,3590.90,3050.60,2271.40,1384.20,62,2023-05-01 00:00:00,1,0,2024-07-20 11:26:21,0,2024-07-20 11:26:21,,,
2023-04-24,6619.20,5579.20,1040.00,3657.50,2961.70,2210.50,1364.20,63,2023-04-24 00:00:00,1,0,2024-07-20 11:26:21,0,2024-07-20 11:26:21,,,
2023-04-17,6617.60,5566.60,1051.00,3663.40,2954.20,2162.90,1341.30,64,2023-04-17 00:00:00,1,0,2024-07-20 11:26:21,0,2024-07-20 11:26:21,,,
2023-04-10,6622.70,5615.70,1007.00,3771.90,2850.80,2026.20,1328.60,65,2023-04-10 00:00:00,1,0,2024-07-20 11:26:21,0,2024-07-20 11:26:21,,,
2023-04-03,6337.50,5322.50,1015.00,3559.80,2777.70,2001.70,1246.00,66,2023-04-03 00:00:00,1,0,2024-07-20 11:26:21,0,2024-07-20 11:26:21,,,
2023-03-27,6270.70,5282.10,988.60,3516.20,2754.50,1990.90,1225.00,67,2023-03-27 00:00:00,1,0,2024-07-20 11:26:21,0,2024-07-20 11:26:21,,,
2023-03-20,6236.70,5270.30,966.40,3568.80,2667.90,1944.50,1175.00,68,2023-03-20 00:00:00,1,0,2024-07-20 11:26:21,0,2024-07-20 11:26:21,,,
2023-03-13,6198.80,5267.10,931.70,3599.00,2599.80,1884.60,1146.50,69,2023-03-13 00:00:00,1,0,2024-07-20 11:26:21,0,2024-07-20 11:26:21,,,
2023-03-06,6030.80,5125.30,905.50,3435.10,2595.70,1848.20,1159.00,70,2023-03-06 00:00:00,1,0,2024-07-20 11:26:21,0,2024-07-20 11:26:21,,,
2023-02-27,6219.20,5332.20,887.00,3529.70,2689.50,1846.80,1236.70,71,2023-02-27 00:00:00,1,0,2024-07-20 11:26:21,0,2024-07-20 11:26:21,,,
2023-02-20,6409.80,5467.80,942.00,3593.90,2815.90,1913.50,1270.40,72,2023-02-20 00:00:00,1,0,2024-07-20 11:26:21,0,2024-07-20 11:26:21,,,
2023-02-13,6402.40,5461.40,941.00,3595.50,2806.90,1971.70,1246.20,73,2023-02-13 00:00:00,1,0,2024-07-20 11:26:21,0,2024-07-20 11:26:21,,,
2023-02-06,6099.40,5186.40,913.00,3464.60,2634.80,1949.10,1094.70,74,2023-02-06 00:00:00,1,0,2024-07-20 11:26:21,0,2024-07-20 11:26:21,,,
2023-01-23,5517.90,4787.70,730.20,3357.10,2160.80,1660.80,962.00,75,2023-01-23 00:00:00,1,0,2024-07-20 11:26:21,0,2024-07-20 11:26:21,,,
2023-01-16,5501.00,4767.00,734.00,3294.50,2206.50,1687.00,992.50,76,2023-01-16 00:00:00,1,0,2024-07-20 11:26:21,0,2024-07-20 11:26:21,,,
2023-01-09,5622.50,4905.50,717.00,3322.70,2299.80,1698.80,1072.00,77,2023-01-09 00:00:00,1,0,2024-07-20 11:26:21,0,2024-07-20 11:26:21,,,
2023-01-02,5482.00,4745.00,737.00,3253.90,2228.10,1720.10,1001.00,78,2023-01-02 00:00:00,1,0,2024-07-20 11:26:21,0,2024-07-20 11:26:21,,,
2022-12-26,5529.70,4779.70,750.00,3245.80,2283.90,1754.70,1064.20,79,2022-12-26 00:00:00,1,0,2024-07-20 11:26:21,0,2024-07-20 11:26:21,,,
2022-12-19,5458.50,4701.50,757.00,3128.50,2330.00,1773.70,1088.30,80,2022-12-19 00:00:00,1,0,2024-07-20 11:26:21,0,2024-07-20 11:26:21,,,
2022-12-12,5506.00,4766.00,740.00,3153.30,2352.70,1790.70,1130.00,81,2022-12-12 00:00:00,1,0,2024-07-20 11:26:21,0,2024-07-20 11:26:21,,,
2022-12-05,5744.10,4998.10,746.00,3317.10,2427.00,1832.70,1197.30,82,2022-12-05 00:00:00,1,0,2024-07-20 11:26:21,0,2024-07-20 11:26:21,,,
2022-11-28,5645.30,4888.30,757.00,3190.20,2455.10,1847.60,1245.50,83,2022-11-28 00:00:00,1,0,2024-07-20 11:26:21,0,2024-07-20 11:26:21,,,
2022-11-21,5419.90,4711.90,708.00,3023.90,2396.00,1811.90,1232.10,84,2022-11-21 00:00:00,1,0,2024-07-20 11:26:21,0,2024-07-20 11:26:21,,,
2022-11-14,5118.40,4383.40,735.00,2810.10,2308.30,1773.30,1130.00,85,2022-11-14 00:00:00,1,0,2024-07-20 11:26:21,0,2024-07-20 11:26:21,,,
2022-11-07,5073.00,4334.30,738.70,2805.20,2267.80,1790.70,1085.40,86,2022-11-07 00:00:00,1,0,2024-07-20 11:26:21,0,2024-07-20 11:26:21,,,
2022-10-31,5184.00,4435.00,749.00,2885.50,2298.50,1881.40,1064.10,87,2022-10-31 00:00:00,1,0,2024-07-20 11:26:21,0,2024-07-20 11:26:21,,,
2022-10-24,5437.20,4727.60,709.60,3259.10,2178.10,1819.00,1040.50,88,2022-10-24 00:00:00,1,0,2024-07-20 11:26:21,0,2024-07-20 11:26:21,,,
2022-10-17,5576.50,4913.50,663.00,3338.20,2238.30,1855.00,1084.30,89,2022-10-17 00:00:00,1,0,2024-07-20 11:26:21,0,2024-07-20 11:26:21,,,
2022-10-10,5580.60,4940.60,640.00,3377.60,2203.00,1807.00,1086.00,90,2022-10-10 00:00:00,1,0,2024-07-20 11:26:21,0,2024-07-20 11:26:21,,,
2022-10-03,5535.00,4936.00,599.00,3390.60,2144.40,1748.00,1067.40,91,2022-10-03 00:00:00,1,0,2024-07-20 11:26:25,0,2024-07-20 11:26:25,,,
2022-09-26,5527.90,4919.90,608.00,3418.10,2109.80,1765.60,1031.20,92,2022-09-26 00:00:00,1,0,2024-07-20 11:26:25,0,2024-07-20 11:26:25,,,
2022-09-19,5324.10,4715.10,609.00,3174.90,2149.20,1726.40,1069.80,93,2022-09-19 00:00:00,1,0,2024-07-20 11:26:25,0,2024-07-20 11:26:25,,,
2022-09-12,5214.30,4611.30,603.00,3091.60,2122.70,1715.70,1044.00,94,2022-09-12 00:00:00,1,0,2024-07-20 11:26:25,0,2024-07-20 11:26:25,,,
2022-09-05,5320.10,4660.60,659.50,3100.40,2219.70,1795.40,1027.80,95,2022-09-05 00:00:00,1,0,2024-07-20 11:26:25,0,2024-07-20 11:26:25,,,
2022-08-29,5502.70,4793.70,709.00,3198.40,2304.30,1902.70,1020.60,96,2022-08-29 00:00:00,1,0,2024-07-20 11:26:25,0,2024-07-20 11:26:25,,,
2022-08-22,5641.00,4892.00,749.00,3219.50,2421.50,1978.00,1055.50,97,2022-08-22 00:00:00,1,0,2024-07-20 11:26:25,0,2024-07-20 11:26:25,,,
2022-08-15,5940.50,5111.50,829.00,3403.90,2536.60,2102.80,1069.80,98,2022-08-15 00:00:00,1,0,2024-07-20 11:26:25,0,2024-07-20 11:26:25,,,
2022-08-08,6045.20,5205.40,839.80,3489.10,2556.10,2134.00,1116.30,99,2022-08-08 00:00:00,1,0,2024-07-20 11:26:25,0,2024-07-20 11:26:25,,,
2022-08-01,6178.80,5261.80,917.00,3432.00,2746.80,2158.00,1228.80,100,2022-08-01 00:00:00,1,0,2024-07-20 11:26:25,0,2024-07-20 11:26:25,,,
2022-07-25,6308.10,5348.10,960.00,3488.40,2819.70,2135.70,1278.00,101,2022-07-25 00:00:00,1,0,2024-07-20 11:26:25,0,2024-07-20 11:26:25,,,
2022-07-18,6394.30,5399.30,995.00,3526.50,2867.80,2118.20,1310.60,102,2022-07-18 00:00:00,1,0,2024-07-20 11:26:25,0,2024-07-20 11:26:25,,,
2022-07-11,6403.30,5405.30,998.00,3462.00,2941.30,2152.40,1333.90,103,2022-07-11 00:00:00,1,0,2024-07-20 11:26:25,0,2024-07-20 11:26:25,,,
2022-07-04,6490.40,5483.40,1007.00,3513.20,2977.20,2184.10,1369.10,104,2022-07-04 00:00:00,1,0,2024-07-20 11:26:25,0,2024-07-20 11:26:25,,,
2022-06-27,6370.70,5349.70,1021.00,3421.70,2949.00,2190.20,1334.80,105,2022-06-27 00:00:00,1,0,2024-07-20 11:26:25,0,2024-07-20 11:26:25,,,
2022-06-20,6117.60,5127.60,990.00,3318.60,2799.00,2089.00,1271.00,106,2022-06-20 00:00:00,1,0,2024-07-20 11:26:25,0,2024-07-20 11:26:25,,,
2022-06-13,5919.50,4966.50,953.00,3184.40,2735.10,2067.00,1256.10,107,2022-06-13 00:00:00,1,0,2024-07-20 11:26:25,0,2024-07-20 11:26:25,,,
2022-06-06,5865.70,4985.20,880.50,3154.70,2711.00,1975.00,1316.00,108,2022-06-06 00:00:00,1,0,2024-07-20 11:26:25,0,2024-07-20 11:26:25,,,
2022-05-30,5615.70,4798.70,817.00,3015.00,2600.70,1880.00,1270.70,109,2022-05-30 00:00:00,1,0,2024-07-20 11:26:25,0,2024-07-20 11:26:25,,,
2022-05-23,5457.40,4643.70,813.70,2882.20,2575.20,1846.90,1272.60,110,2022-05-23 00:00:00,1,0,2024-07-20 11:26:25,0,2024-07-20 11:26:25,,,
2022-05-16,5280.20,4529.80,750.40,2838.30,2441.90,1758.70,1215.80,111,2022-05-16 00:00:00,1,0,2024-07-20 11:26:25,0,2024-07-20 11:26:25,,,
2022-05-09,5350.40,4662.00,688.40,2830.90,2519.50,1704.00,1321.10,112,2022-05-09 00:00:00,1,0,2024-07-20 11:26:25,0,2024-07-20 11:26:25,,,
2022-05-02,5204.20,4567.70,636.50,2826.70,2377.50,1615.20,1280.80,113,2022-05-02 00:00:00,1,0,2024-07-20 11:26:25,0,2024-07-20 11:26:25,,,
2022-04-25,5045.70,4456.20,589.50,2770.80,2274.90,1557.80,1228.60,114,2022-04-25 00:00:00,1,0,2024-07-20 11:26:25,0,2024-07-20 11:26:25,,,
2022-04-18,5054.10,4463.20,590.90,2851.10,2203.00,1512.30,1211.80,115,2022-04-18 00:00:00,1,0,2024-07-20 11:26:25,0,2024-07-20 11:26:25,,,
2022-04-11,5074.80,4485.80,589.00,2870.00,2204.80,1510.40,1215.40,116,2022-04-11 00:00:00,1,0,2024-07-20 11:26:25,0,2024-07-20 11:26:25,,,
2022-04-04,4848.40,4278.40,570.00,2837.20,2011.20,1456.60,1057.60,117,2022-04-04 00:00:00,1,0,2024-07-20 11:26:25,0,2024-07-20 11:26:25,,,
2022-03-28,4722.50,4175.20,547.30,2788.40,1934.10,1411.20,1017.60,118,2022-03-28 00:00:00,1,0,2024-07-20 11:26:25,0,2024-07-20 11:26:25,,,
2022-03-21,4559.50,4046.00,513.50,2602.50,1957.00,1321.60,1074.90,119,2022-03-21 00:00:00,1,0,2024-07-20 11:26:25,0,2024-07-20 11:26:25,,,
2022-03-14,4406.20,3900.20,506.00,2409.70,1996.50,1291.30,1122.20,120,2022-03-14 00:00:00,1,0,2024-07-20 11:26:25,0,2024-07-20 11:26:25,,,
2022-03-07,4619.00,4058.00,561.00,2476.80,2142.20,1379.20,1196.00,121,2022-03-07 00:00:00,1,0,2024-07-20 11:26:29,0,2024-07-20 11:26:29,,,
2022-02-28,4659.00,4091.00,568.00,2463.10,2195.90,1390.90,1239.00,122,2022-02-28 00:00:00,1,0,2024-07-20 11:26:29,0,2024-07-20 11:26:29,,,
2022-02-21,4716.70,4162.20,554.50,2473.10,2243.60,1367.20,1289.90,123,2022-02-21 00:00:00,1,0,2024-07-20 11:26:29,0,2024-07-20 11:26:29,,,
2022-02-14,4713.00,4163.50,549.50,2493.00,2220.00,1381.00,1245.50,124,2022-02-14 00:00:00,1,0,2024-07-20 11:26:29,0,2024-07-20 11:26:29,,,
2022-01-31,4688.30,4166.80,521.50,2619.40,2068.90,1346.90,1156.50,125,2022-01-31 00:00:00,1,0,2024-07-20 11:26:29,0,2024-07-20 11:26:29,,,
2022-01-24,5069.20,4503.20,566.00,2823.00,2246.20,1452.40,1259.80,126,2022-01-24 00:00:00,1,0,2024-07-20 11:26:29,0,2024-07-20 11:26:29,,,
2022-01-17,5396.00,4782.00,614.00,2995.10,2400.90,1563.10,1341.80,127,2022-01-17 00:00:00,1,0,2024-07-20 11:26:29,0,2024-07-20 11:26:29,,,
2022-01-10,5643.20,5046.20,597.00,3201.30,2441.90,1638.40,1349.50,128,2022-01-10 00:00:00,1,0,2024-07-20 11:26:29,0,2024-07-20 11:26:29,,,
2022-01-03,5731.20,5116.20,615.00,3314.10,2417.10,1679.10,1286.00,129,2022-01-03 00:00:00,1,0,2024-07-20 11:26:29,0,2024-07-20 11:26:29,,,
2021-12-27,5930.60,5287.40,643.20,3421.40,2509.20,1759.00,1323.00,130,2021-12-27 00:00:00,1,0,2024-07-20 11:26:29,0,2024-07-20 11:26:29,,,
2021-12-20,5750.20,5149.40,600.80,3306.40,2443.80,1688.30,1328.70,131,2021-12-20 00:00:00,1,0,2024-07-20 11:26:29,0,2024-07-20 11:26:29,,,
2021-12-13,5809.10,5247.60,561.50,3391.20,2417.90,1590.00,1385.40,132,2021-12-13 00:00:00,1,0,2024-07-20 11:26:29,0,2024-07-20 11:26:29,,,
2021-12-06,5862.70,5358.20,504.50,3476.90,2385.80,1479.80,1431.50,133,2021-12-06 00:00:00,1,0,2024-07-20 11:26:29,0,2024-07-20 11:26:29,,,
2021-11-29,5981.50,5520.50,461.00,3559.00,2422.50,1422.60,1486.90,134,2021-11-29 00:00:00,1,0,2024-07-20 11:26:29,0,2024-07-20 11:26:29,,,
2021-11-22,5878.20,5434.60,443.60,3511.30,2366.90,1384.10,1463.20,135,2021-11-22 00:00:00,1,0,2024-07-20 11:26:29,0,2024-07-20 11:26:29,,,
2021-11-15,5811.80,5353.60,458.20,3444.30,2367.50,1409.80,1429.10,136,2021-11-15 00:00:00,1,0,2024-07-20 11:26:29,0,2024-07-20 11:26:29,,,
2021-11-08,5364.20,4904.20,460.00,3096.60,2267.60,1323.00,1375.80,137,2021-11-08 00:00:00,1,0,2024-07-20 11:26:29,0,2024-07-20 11:26:29,,,
2021-11-01,5256.30,4832.60,423.70,2956.60,2299.70,1267.30,1445.80,138,2021-11-01 00:00:00,1,0,2024-07-20 11:26:29,0,2024-07-20 11:26:29,,,
2021-10-25,5240.20,4815.20,425.00,2965.00,2275.20,1266.10,1403.10,139,2021-10-25 00:00:00,1,0,2024-07-20 11:26:29,0,2024-07-20 11:26:29,,,
2021-10-18,5280.70,4830.70,450.00,2906.60,2374.10,1294.90,1474.20,140,2021-10-18 00:00:00,1,0,2024-07-20 11:26:29,0,2024-07-20 11:26:29,,,
2021-10-04,5215.50,4772.40,443.10,2775.70,2439.80,1266.60,1554.20,141,2021-10-04 00:00:00,1,0,2024-07-20 11:26:29,0,2024-07-20 11:26:29,,,
2021-09-27,5234.40,4779.40,455.00,2790.90,2443.50,1320.50,1537.00,142,2021-09-27 00:00:00,1,0,2024-07-20 11:26:29,0,2024-07-20 11:26:29,,,
2021-09-20,5116.60,4643.30,473.30,2572.20,2544.40,1344.40,1592.00,143,2021-09-20 00:00:00,1,0,2024-07-20 11:26:29,0,2024-07-20 11:26:29,,,
2021-09-13,5114.30,4631.20,483.10,2538.70,2575.60,1354.20,1619.40,144,2021-09-13 00:00:00,1,0,2024-07-20 11:26:29,0,2024-07-20 11:26:29,,,
2021-09-06,5151.00,4681.20,469.80,2583.80,2567.20,1405.20,1567.00,145,2021-09-06 00:00:00,1,0,2024-07-20 11:26:29,0,2024-07-20 11:26:29,,,
2021-08-30,5225.60,4775.20,450.40,2669.30,2556.30,1415.50,1556.40,146,2021-08-30 00:00:00,1,0,2024-07-20 11:26:29,0,2024-07-20 11:26:29,,,
2021-08-23,5423.70,4935.90,487.80,2802.70,2621.00,1471.20,1579.80,147,2021-08-23 00:00:00,1,0,2024-07-20 11:26:29,0,2024-07-20 11:26:29,,,
2021-08-16,5515.40,4944.40,571.00,2814.60,2700.80,1558.00,1560.80,148,2021-08-16 00:00:00,1,0,2024-07-20 11:26:29,0,2024-07-20 11:26:29,,,
2021-08-09,5645.50,5091.00,554.50,2865.50,2780.00,1587.40,1630.60,149,2021-08-09 00:00:00,1,0,2024-07-20 11:26:29,0,2024-07-20 11:26:29,,,
2021-08-02,5690.90,5085.00,605.90,2816.40,2874.50,1649.20,1671.30,150,2021-08-02 00:00:00,1,0,2024-07-20 11:26:29,0,2024-07-20 11:26:29,,,
2021-07-26,5779.10,5127.10,652.00,2805.40,2973.70,1725.60,1727.10,151,2021-07-26 00:00:00,1,0,2024-07-20 11:26:32,0,2024-07-20 11:26:32,,,
2021-07-19,6002.00,5321.20,680.80,2930.60,3071.40,1786.40,1792.00,152,2021-07-19 00:00:00,1,0,2024-07-20 11:26:32,0,2024-07-20 11:26:32,,,
2021-07-12,6112.50,5389.00,723.50,3015.30,3097.20,1854.60,1775.00,153,2021-07-12 00:00:00,1,0,2024-07-20 11:26:32,0,2024-07-20 11:26:32,,,
2021-07-05,6302.70,5519.20,783.50,3112.60,3190.10,1947.50,1790.60,154,2021-07-05 00:00:00,1,0,2024-07-20 11:26:32,0,2024-07-20 11:26:32,,,
2021-06-28,6297.60,5495.50,802.10,3089.00,3208.60,1905.20,1805.50,155,2021-06-28 00:00:00,1,0,2024-07-20 11:26:32,0,2024-07-20 11:26:32,,,
2021-06-21,6405.50,5624.30,781.20,3244.60,3160.90,1845.60,1788.30,156,2021-06-21 00:00:00,1,0,2024-07-20 11:26:32,0,2024-07-20 11:26:32,,,
2021-06-14,6560.00,5751.40,808.60,3314.80,3245.20,1858.90,1845.30,157,2021-06-14 00:00:00,1,0,2024-07-20 11:26:32,0,2024-07-20 11:26:32,,,
2021-06-07,6567.50,5754.60,812.90,3398.50,3169.00,1815.70,1816.90,158,2021-06-07 00:00:00,1,0,2024-07-20 11:26:32,0,2024-07-20 11:26:32,,,
2021-05-31,6576.80,5768.70,808.10,3407.10,3169.70,1814.70,1845.00,159,2021-05-31 00:00:00,1,0,2024-07-20 11:26:32,0,2024-07-20 11:26:32,,,
2021-05-24,6624.70,5818.60,806.10,3418.30,3206.40,1844.30,1882.10,160,2021-05-24 00:00:00,1,0,2024-07-20 11:26:32,0,2024-07-20 11:26:32,,,
2021-05-17,6575.94,5777.04,798.90,3397.94,3178.00,1813.50,1852.00,161,2021-05-17 00:00:00,1,0,2024-07-20 11:26:32,0,2024-07-20 11:26:32,,,
2021-05-10,6522.00,5724.50,797.50,3346.80,3175.20,1854.90,1808.30,162,2021-05-10 00:00:00,1,0,2024-07-20 11:26:32,0,2024-07-20 11:26:32,,,
2021-04-26,6402.80,5580.10,822.70,3174.60,3228.20,1895.70,1810.00,163,2021-04-26 00:00:00,1,0,2024-07-20 11:26:32,0,2024-07-20 11:26:32,,,
2021-04-19,6392.30,5593.60,798.70,3202.00,3190.30,1861.30,1798.00,164,2021-04-19 00:00:00,1,0,2024-07-20 11:26:32,0,2024-07-20 11:26:32,,,
2021-04-12,6443.30,5672.30,771.00,3229.30,3214.00,1809.80,1841.20,165,2021-04-12 00:00:00,1,0,2024-07-20 11:26:32,0,2024-07-20 11:26:32,,,
2021-04-05,6393.10,5679.00,714.10,3281.40,3111.70,1711.80,1798.40,166,2021-04-05 00:00:00,1,0,2024-07-20 11:26:32,0,2024-07-20 11:26:32,,,
2021-03-29,6304.70,5605.90,698.80,3297.90,3006.80,1703.90,1686.90,167,2021-03-29 00:00:00,1,0,2024-07-20 11:26:32,0,2024-07-20 11:26:32,,,
2021-03-22,6343.50,5684.40,659.10,3267.20,3076.30,1640.20,1801.10,168,2021-03-22 00:00:00,1,0,2024-07-20 11:26:32,0,2024-07-20 11:26:32,,,
2021-03-15,6317.70,5740.30,577.40,3390.80,2926.90,1550.50,1730.80,169,2021-03-15 00:00:00,1,0,2024-07-20 11:26:32,0,2024-07-20 11:26:32,,,
2021-03-08,6153.20,5641.10,512.10,3349.90,2803.30,1472.50,1670.00,170,2021-03-08 00:00:00,1,0,2024-07-20 11:26:32,0,2024-07-20 11:26:32,,,
2021-03-01,6025.30,5544.40,480.90,3200.60,2824.70,1472.00,1690.50,171,2021-03-01 00:00:00,1,0,2024-07-20 11:26:32,0,2024-07-20 11:26:32,,,
2021-02-22,5761.30,5347.30,414.00,3069.50,2691.80,1379.50,1643.50,172,2021-02-22 00:00:00,1,0,2024-07-20 11:26:32,0,2024-07-20 11:26:32,,,
2021-02-08,4646.50,4382.30,264.20,2434.80,2211.70,1015.40,1520.00,173,2021-02-08 00:00:00,1,0,2024-07-20 11:26:32,0,2024-07-20 11:26:32,,,
2021-02-01,4673.20,4385.70,287.50,2491.30,2181.90,1021.60,1484.40,174,2021-02-01 00:00:00,1,0,2024-07-20 11:26:32,0,2024-07-20 11:26:32,,,
2021-01-25,4695.40,4407.70,287.70,2568.40,2127.00,1001.40,1453.70,175,2021-01-25 00:00:00,1,0,2024-07-20 11:26:32,0,2024-07-20 11:26:32,,,
2021-01-18,4817.70,4488.60,329.10,2575.00,2242.70,1051.60,1509.80,176,2021-01-18 00:00:00,1,0,2024-07-20 11:26:32,0,2024-07-20 11:26:32,,,
2021-01-11,4895.60,4548.40,347.20,2589.80,2305.80,1115.70,1527.00,177,2021-01-11 00:00:00,1,0,2024-07-20 11:26:32,0,2024-07-20 11:26:32,,,
2021-01-04,5083.00,4667.20,415.80,2688.50,2394.50,1208.10,1530.20,178,2021-01-04 00:00:00,1,0,2024-07-20 11:26:32,0,2024-07-20 11:26:32,,,
2020-12-28,4986.50,4545.60,440.90,2601.90,2384.60,1244.30,1495.10,179,2020-12-28 00:00:00,1,0,2024-07-20 11:26:32,0,2024-07-20 11:26:32,,,
2020-12-21,5039.40,4554.20,485.20,2632.30,2407.10,1270.90,1482.10,180,2020-12-21 00:00:00,1,0,2024-07-20 11:26:32,0,2024-07-20 11:26:32,,,
2020-12-14,5071.20,4572.20,499.00,2674.20,2397.00,1282.30,1459.90,181,2020-12-14 00:00:00,1,0,2024-07-20 11:26:35,0,2024-07-20 11:26:35,,,
2020-12-07,5187.10,4563.40,623.70,2664.50,2522.60,1467.00,1417.90,182,2020-12-07 00:00:00,1,0,2024-07-20 11:26:35,0,2024-07-20 11:26:35,,,
2020-11-26,5373.60,4684.10,689.50,2829.60,2544.00,1510.90,1372.70,183,2020-11-26 00:00:00,1,0,2024-07-20 11:26:35,0,2024-07-20 11:26:35,,,
2020-11-19,5572.80,4836.50,736.30,2886.90,2685.90,1609.50,1431.40,184,2020-11-19 00:00:00,1,0,2024-07-20 11:26:35,0,2024-07-20 11:26:35,,,
2020-11-12,5619.70,4839.50,780.20,2821.50,2798.20,1675.30,1493.60,185,2020-11-12 00:00:00,1,0,2024-07-20 11:26:35,0,2024-07-20 11:26:35,,,
2020-11-05,5715.50,4934.30,781.20,2836.20,2879.30,1698.80,1565.30,186,2020-11-05 00:00:00,1,0,2024-07-20 11:26:35,0,2024-07-20 11:26:35,,,
2020-10-29,5775.20,4918.10,857.10,2775.90,2999.30,1753.50,1615.00,187,2020-10-29 00:00:00,1,0,2024-07-20 11:26:35,0,2024-07-20 11:26:35,,,
2020-10-22,6014.80,5122.10,892.70,2941.10,3073.70,1863.80,1662.10,188,2020-10-22 00:00:00,1,0,2024-07-20 11:26:35,0,2024-07-20 11:26:35,,,
2020-10-15,6202.30,5229.70,972.60,2958.10,3244.20,1974.10,1730.10,189,2020-10-15 00:00:00,1,0,2024-07-20 11:26:35,0,2024-07-20 11:26:35,,,
2020-10-08,6336.60,5316.60,1020.00,2970.40,3366.20,2030.30,1787.50,190,2020-10-08 00:00:00,1,0,2024-07-20 11:26:35,0,2024-07-20 11:26:35,,,
2020-09-24,6412.60,5372.30,1040.30,3017.90,3394.70,2051.80,1775.60,191,2020-09-24 00:00:00,1,0,2024-07-20 11:26:35,0,2024-07-20 11:26:35,,,
2020-09-17,6460.40,5436.80,1023.60,3091.90,3368.50,2033.20,1780.20,192,2020-09-17 00:00:00,1,0,2024-07-20 11:26:35,0,2024-07-20 11:26:35,,,
2020-09-10,6503.40,5471.90,1031.50,3038.40,3465.00,2050.10,1866.70,193,2020-09-10 00:00:00,1,0,2024-07-20 11:26:35,0,2024-07-20 11:26:35,,,
2020-09-03,6606.00,5547.70,1058.30,3143.00,3463.00,2063.80,1847.60,194,2020-09-03 00:00:00,1,0,2024-07-20 11:26:35,0,2024-07-20 11:26:35,,,
2020-08-27,6889.90,5785.50,1104.40,3247.10,3642.80,2140.50,1953.60,195,2020-08-27 00:00:00,1,0,2024-07-20 11:26:35,0,2024-07-20 11:26:35,,,
2020-08-20,7137.90,5984.20,1153.70,3295.90,3842.00,2222.70,2066.20,196,2020-08-20 00:00:00,1,0,2024-07-20 11:26:35,0,2024-07-20 11:26:35,,,
2020-08-13,7200.60,6002.70,1197.90,3384.80,3815.80,2278.00,2002.50,197,2020-08-13 00:00:00,1,0,2024-07-20 11:26:35,0,2024-07-20 11:26:35,,,
2020-08-06,7198.40,6003.60,1194.80,3307.40,3891.00,2283.40,2082.30,198,2020-08-06 00:00:00,1,0,2024-07-20 11:26:35,0,2024-07-20 11:26:35,,,
2020-07-30,7265.50,6088.40,1177.10,3334.20,3931.30,2287.00,2152.50,199,2020-07-30 00:00:00,1,0,2024-07-20 11:26:35,0,2024-07-20 11:26:35,,,
2020-07-23,7264.20,6037.10,1227.10,3252.90,4011.30,2356.10,2173.20,200,2020-07-23 00:00:00,1,0,2024-07-20 11:26:35,0,2024-07-20 11:26:35,,,
2020-07-16,7123.90,5906.70,1217.20,3244.20,3879.70,2353.90,2054.40,201,2020-07-16 00:00:00,1,0,2024-07-20 11:26:35,0,2024-07-20 11:26:35,,,
2020-07-09,7101.20,5948.00,1153.20,3260.70,3840.50,2295.60,2075.80,202,2020-07-09 00:00:00,1,0,2024-07-20 11:26:35,0,2024-07-20 11:26:35,,,
2020-07-02,6968.50,5918.10,1050.40,3317.20,3651.30,2170.00,2004.40,203,2020-07-02 00:00:00,1,0,2024-07-20 11:26:35,0,2024-07-20 11:26:35,,,
2020-06-25,6868.60,5819.70,1048.90,3282.50,3586.10,2137.90,1980.20,204,2020-06-25 00:00:00,1,0,2024-07-20 11:26:35,0,2024-07-20 11:26:35,,,
2020-06-18,6822.80,5785.90,1036.90,3194.00,3628.80,2143.70,2015.60,205,2020-06-18 00:00:00,1,0,2024-07-20 11:26:35,0,2024-07-20 11:26:35,,,
2020-06-11,6790.60,5781.70,1008.90,3135.00,3655.60,2066.70,2090.60,206,2020-06-11 00:00:00,1,0,2024-07-20 11:26:35,0,2024-07-20 11:26:35,,,
2020-06-04,6683.20,5630.40,1052.80,2985.70,3697.50,2128.50,2068.80,207,2020-06-04 00:00:00,1,0,2024-07-20 11:26:35,0,2024-07-20 11:26:35,,,
2020-05-28,6827.30,5751.70,1075.60,3055.40,3771.90,2178.60,2091.40,208,2020-05-28 00:00:00,1,0,2024-07-20 11:26:35,0,2024-07-20 11:26:35,,,
2020-05-21,6913.60,5823.30,1090.30,3112.30,3801.30,2189.40,2112.70,209,2020-05-21 00:00:00,1,0,2024-07-20 11:26:35,0,2024-07-20 11:26:35,,,
2020-05-14,7136.30,6072.70,1063.60,3289.60,3846.70,2177.70,2163.70,210,2020-05-14 00:00:00,1,0,2024-07-20 11:26:35,0,2024-07-20 11:26:35,,,
2020-05-07,7151.80,6130.80,1021.00,3368.70,3783.10,2159.70,2138.00,211,2020-05-07 00:00:00,1,0,2024-07-20 11:26:38,0,2024-07-20 11:26:38,,,
2020-04-30,7363.30,6310.80,1052.50,3618.90,3744.40,2198.20,2085.20,212,2020-04-30 00:00:00,1,0,2024-07-20 11:26:38,0,2024-07-20 11:26:38,,,
2020-04-23,7654.40,6599.80,1054.60,3926.40,3728.00,2223.50,2026.50,213,2020-04-23 00:00:00,1,0,2024-07-20 11:26:38,0,2024-07-20 11:26:38,,,
2020-04-16,7757.10,6661.30,1095.80,3896.00,3861.10,2277.40,2102.70,214,2020-04-16 00:00:00,1,0,2024-07-20 11:26:38,0,2024-07-20 11:26:38,,,
2020-04-09,7803.10,6655.50,1147.60,3820.50,3982.60,2366.00,2153.30,215,2020-04-09 00:00:00,1,0,2024-07-20 11:26:38,0,2024-07-20 11:26:38,,,
2020-04-02,7572.50,6414.70,1157.80,3523.70,4048.80,2337.40,2205.80,216,2020-04-02 00:00:00,1,0,2024-07-20 11:26:38,0,2024-07-20 11:26:38,,,
2020-03-26,7303.00,6150.50,1152.50,3260.10,4042.90,2274.70,2187.90,217,2020-03-26 00:00:00,1,0,2024-07-20 11:26:38,0,2024-07-20 11:26:38,,,
2020-03-19,7073.90,5941.90,1132.00,3092.50,3981.40,2232.10,2149.30,218,2020-03-19 00:00:00,1,0,2024-07-20 11:26:38,0,2024-07-20 11:26:38,,,
2020-03-12,7021.50,5826.50,1195.00,2944.60,4076.90,2319.00,2136.90,219,2020-03-12 00:00:00,1,0,2024-07-20 11:26:38,0,2024-07-20 11:26:38,,,
2020-03-05,6769.30,5602.60,1166.70,2635.00,4134.30,2311.50,2168.80,220,2020-03-05 00:00:00,1,0,2024-07-20 11:26:38,0,2024-07-20 11:26:38,,,
2020-02-27,6551.90,5468.60,1083.30,2599.10,3952.80,2246.50,2093.30,221,2020-02-27 00:00:00,1,0,2024-07-20 11:26:38,0,2024-07-20 11:26:38,,,
2020-02-20,6523.70,5455.30,1068.40,2537.90,3985.80,2247.40,2150.40,222,2020-02-20 00:00:00,1,0,2024-07-20 11:26:38,0,2024-07-20 11:26:38,,,
2020-02-13,6369.00,5343.80,1025.20,2510.00,3859.00,2225.00,2081.00,223,2020-02-13 00:00:00,1,0,2024-07-20 11:26:38,0,2024-07-20 11:26:38,,,
2020-02-06,6481.90,5520.40,961.50,2751.30,3730.60,2199.00,2041.60,224,2020-02-06 00:00:00,1,0,2024-07-20 11:26:38,0,2024-07-20 11:26:38,,,
2020-01-16,6273.30,5427.10,846.20,3030.30,3243.00,2063.00,1799.00,225,2020-01-16 00:00:00,1,0,2024-07-20 11:26:38,0,2024-07-20 11:26:38,,,
2020-01-09,6402.30,5552.70,849.60,3119.00,3283.30,2076.10,1831.70,226,2020-01-09 00:00:00,1,0,2024-07-20 11:26:38,0,2024-07-20 11:26:38,,,
2020-01-02,6748.40,5838.00,910.40,3291.30,3457.10,2160.60,1917.80,227,2020-01-02 00:00:00,1,0,2024-07-20 11:26:38,0,2024-07-20 11:26:38,,,
2019-12-26,6854.20,5918.00,936.20,3352.90,3501.30,2171.30,1942.50,228,2019-12-26 00:00:00,1,0,2024-07-20 11:26:38,0,2024-07-20 11:26:38,,,
2019-12-19,7075.70,6034.70,1041.10,3514.60,3561.10,2349.70,1863.50,229,2019-12-19 00:00:00,1,0,2024-07-20 11:26:38,0,2024-07-20 11:26:38,,,
2019-12-12,7339.20,6249.90,1089.30,3709.10,3630.10,2386.00,1892.30,230,2019-12-12 00:00:00,1,0,2024-07-20 11:26:38,0,2024-07-20 11:26:38,,,
2019-12-05,7448.50,6333.20,1115.30,3766.60,3681.90,2419.90,1911.30,231,2019-12-05 00:00:00,1,0,2024-07-20 11:26:38,0,2024-07-20 11:26:38,,,
2019-11-28,7747.50,6576.50,1171.00,3947.40,3800.10,2503.70,1950.70,232,2019-11-28 00:00:00,1,0,2024-07-20 11:26:38,0,2024-07-20 11:26:38,,,
2019-11-21,7968.10,6805.40,1162.70,4107.10,3861.00,2628.00,1976.30,233,2019-11-21 00:00:00,1,0,2024-07-20 11:26:38,0,2024-07-20 11:26:38,,,
2019-11-14,8106.40,6913.00,1193.40,4108.40,3998.00,2767.70,1987.90,234,2019-11-14 00:00:00,1,0,2024-07-20 11:26:38,0,2024-07-20 11:26:38,,,
2019-11-07,8112.80,6936.10,1176.70,4073.30,4039.50,2771.90,2016.90,235,2019-11-07 00:00:00,1,0,2024-07-20 11:26:38,0,2024-07-20 11:26:38,,,
2019-10-31,8305.40,7160.20,1145.20,4214.80,4090.60,2782.90,2079.10,236,2019-10-31 00:00:00,1,0,2024-07-20 11:26:38,0,2024-07-20 11:26:38,,,
2019-10-24,8356.80,7214.20,1142.60,4247.80,4109.00,2760.00,2133.40,237,2019-10-24 00:00:00,1,0,2024-07-20 11:26:38,0,2024-07-20 11:26:38,,,
2019-10-17,8429.90,7254.50,1175.40,4201.00,4229.00,2797.00,2200.50,238,2019-10-17 00:00:00,1,0,2024-07-20 11:26:38,0,2024-07-20 11:26:38,,,
2019-10-10,8498.70,7320.90,1177.80,4165.90,4332.80,2815.00,2280.00,239,2019-10-10 00:00:00,1,0,2024-07-20 11:26:38,0,2024-07-20 11:26:38,,,
2019-09-26,8313.30,7172.10,1141.20,4008.70,4304.60,2802.10,2281.40,240,2019-09-26 00:00:00,1,0,2024-07-20 11:26:38,0,2024-07-20 11:26:38,,,
2019-09-19,8389.40,7218.10,1171.30,3995.70,4393.70,2810.60,2354.80,241,2019-09-19 00:00:00,1,0,2024-07-20 11:26:40,0,2024-07-20 11:26:40,,,
2019-09-12,8538.60,7366.90,1171.70,4109.60,4429.00,2807.90,2379.70,242,2019-09-12 00:00:00,1,0,2024-07-20 11:26:40,0,2024-07-20 11:26:40,,,
2019-09-05,8515.20,7371.80,1143.40,4088.50,4426.70,2736.40,2408.30,243,2019-09-05 00:00:00,1,0,2024-07-20 11:26:40,0,2024-07-20 11:26:40,,,
2019-08-29,8596.90,7397.70,1199.20,4157.50,4439.40,2745.50,2396.20,244,2019-08-29 00:00:00,1,0,2024-07-20 11:26:40,0,2024-07-20 11:26:40,,,
2019-08-22,8788.30,7524.60,1263.70,4179.60,4608.70,2780.50,2489.00,245,2019-08-22 00:00:00,1,0,2024-07-20 11:26:40,0,2024-07-20 11:26:40,,,
2019-08-15,8926.00,7624.80,1301.20,4250.60,4675.40,2829.30,2501.20,246,2019-08-15 00:00:00,1,0,2024-07-20 11:26:40,0,2024-07-20 11:26:40,,,
2019-08-08,8753.40,7383.40,1370.00,4051.10,4702.30,2892.50,2443.30,247,2019-08-08 00:00:00,1,0,2024-07-20 11:26:40,0,2024-07-20 11:26:40,,,
2019-08-01,8733.20,7354.70,1378.50,4007.20,4726.00,2916.50,2442.50,248,2019-08-01 00:00:00,1,0,2024-07-20 11:26:40,0,2024-07-20 11:26:40,,,
2019-07-25,8753.50,7341.50,1412.00,4008.30,4745.20,2889.40,2461.20,249,2019-07-25 00:00:00,1,0,2024-07-20 11:26:40,0,2024-07-20 11:26:40,,,
2019-07-18,8441.50,7055.40,1386.10,3835.40,4606.10,2802.40,2383.00,250,2019-07-18 00:00:00,1,0,2024-07-20 11:26:40,0,2024-07-20 11:26:40,,,
2019-07-11,8266.80,6888.00,1378.80,3750.80,4516.00,2760.50,2317.20,251,2019-07-11 00:00:00,1,0,2024-07-20 11:26:40,0,2024-07-20 11:26:40,,,
2019-07-04,8072.40,6714.00,1358.40,3614.40,4458.00,2688.50,2291.60,252,2019-07-04 00:00:00,1,0,2024-07-20 11:26:40,0,2024-07-20 11:26:40,,,
2019-06-27,8002.70,6669.10,1333.60,3618.10,4384.60,2623.60,2276.00,253,2019-06-27 00:00:00,1,0,2024-07-20 11:26:40,0,2024-07-20 11:26:40,,,
2019-06-20,8001.70,6679.60,1322.10,3626.00,4375.70,2626.50,2256.60,254,2019-06-20 00:00:00,1,0,2024-07-20 11:26:40,0,2024-07-20 11:26:40,,,
2019-06-13,7918.10,6649.80,1268.30,3710.50,4207.60,2543.80,2160.30,255,2019-06-13 00:00:00,1,0,2024-07-20 11:26:40,0,2024-07-20 11:26:40,,,
2019-06-06,7812.00,6575.60,1236.40,3719.30,4092.70,2472.70,2078.30,256,2019-06-06 00:00:00,1,0,2024-07-20 11:26:40,0,2024-07-20 11:26:40,,,
2019-05-30,7770.90,6561.50,1209.40,3797.80,3973.10,2437.60,2006.50,257,2019-05-30 00:00:00,1,0,2024-07-20 11:26:40,0,2024-07-20 11:26:40,,,
2019-05-23,7653.50,6472.20,1181.30,3712.40,3941.10,2340.50,2045.50,258,2019-05-23 00:00:00,1,0,2024-07-20 11:26:40,0,2024-07-20 11:26:40,,,
2019-05-16,7540.10,6353.40,1186.70,3657.70,3882.40,2318.10,1992.70,259,2019-05-16 00:00:00,1,0,2024-07-20 11:26:40,0,2024-07-20 11:26:40,,,
2019-05-09,7324.40,6183.10,1141.30,3593.20,3731.20,2199.70,1967.90,260,2019-05-09 00:00:00,1,0,2024-07-20 11:26:40,0,2024-07-20 11:26:40,,,
2019-05-02,7254.60,6124.80,1129.80,3522.80,3731.80,2183.40,1979.00,261,2019-05-02 00:00:00,1,0,2024-07-20 11:26:40,0,2024-07-20 11:26:40,,,
2019-04-25,7005.40,5893.20,1112.20,3343.20,3662.20,2046.00,1939.00,262,2019-04-25 00:00:00,1,0,2024-07-20 11:26:40,0,2024-07-20 11:26:40,,,
2019-04-18,7051.80,5966.40,1085.40,3366.40,3685.40,2157.00,1970.00,263,2019-04-18 00:00:00,1,0,2024-07-20 11:26:40,0,2024-07-20 11:26:40,,,
2019-04-11,6956.90,5860.70,1096.20,3323.80,3633.10,2147.90,1918.00,264,2019-04-11 00:00:00,1,0,2024-07-20 11:26:40,0,2024-07-20 11:26:40,,,
2019-04-04,6860.40,5818.60,1041.80,3327.40,3533.00,2071.00,1889.70,265,2019-04-04 00:00:00,1,0,2024-07-20 11:26:40,0,2024-07-20 11:26:40,,,
2019-03-28,6739.30,5718.50,1020.80,3367.70,3371.60,2054.10,1721.30,266,2019-03-28 00:00:00,1,0,2024-07-20 11:26:40,0,2024-07-20 11:26:40,,,
2019-03-21,6614.20,5612.80,1001.40,3248.30,3365.90,2054.80,1710.00,267,2019-03-21 00:00:00,1,0,2024-07-20 11:26:40,0,2024-07-20 11:26:40,,,
2019-03-14,6631.70,5585.30,1046.40,3202.80,3428.90,2119.10,1724.00,268,2019-03-14 00:00:00,1,0,2024-07-20 11:26:40,0,2024-07-20 11:26:40,,,
2019-03-07,6641.40,5569.20,1072.20,3171.40,3470.00,2183.80,1707.80,269,2019-03-07 00:00:00,1,0,2024-07-20 11:26:40,0,2024-07-20 11:26:40,,,
2019-02-28,6834.50,5676.50,1158.00,3251.10,3583.40,2322.60,1714.00,270,2019-02-28 00:00:00,1,0,2024-07-20 11:26:40,0,2024-07-20 11:26:40,,,
2019-02-21,6960.20,5793.70,1166.50,3320.70,3639.50,2366.30,1754.00,271,2019-02-21 00:00:00,1,0,2024-07-20 11:26:43,0,2024-07-20 11:26:43,,,
2019-02-14,6825.00,5693.40,1131.60,3371.90,3453.10,2230.60,1695.00,272,2019-02-14 00:00:00,1,0,2024-07-20 11:26:43,0,2024-07-20 11:26:43,,,
2019-01-31,6377.00,5415.00,962.00,3329.50,3047.50,2111.60,1444.00,273,2019-01-31 00:00:00,1,0,2024-07-20 11:26:43,0,2024-07-20 11:26:43,,,
2019-01-24,6540.80,5607.70,933.20,3481.40,3059.40,2149.00,1437.50,274,2019-01-24 00:00:00,1,0,2024-07-20 11:26:43,0,2024-07-20 11:26:43,,,
2019-01-17,6662.10,5660.70,1001.40,3616.30,3045.80,2161.90,1389.40,275,2019-01-17 00:00:00,1,0,2024-07-20 11:26:43,0,2024-07-20 11:26:43,,,
2019-01-10,6634.10,5622.00,1012.10,3507.70,3126.40,2190.60,1435.60,276,2019-01-10 00:00:00,1,0,2024-07-20 11:26:43,0,2024-07-20 11:26:43,,,
2019-01-03,6761.30,5695.50,1065.80,3532.90,3228.40,2336.80,1416.60,277,2019-01-03 00:00:00,1,0,2024-07-20 11:26:43,0,2024-07-20 11:26:43,,,
2018-12-27,6985.60,5819.40,1166.20,3592.00,3393.60,2539.40,1446.40,278,2018-12-27 00:00:00,1,0,2024-07-20 11:26:43,0,2024-07-20 11:26:43,,,
2018-12-20,7032.70,5852.80,1180.00,3648.00,3384.70,2536.20,1444.80,279,2018-12-20 00:00:00,1,0,2024-07-20 11:26:43,0,2024-07-20 11:26:43,,,
2018-12-13,7181.50,5969.70,1211.80,3631.60,3549.90,2602.80,1522.60,280,2018-12-13 00:00:00,1,0,2024-07-20 11:26:43,0,2024-07-20 11:26:43,,,
2018-12-06,7259.80,6051.80,1208.00,3633.70,3626.10,2633.70,1587.10,281,2018-12-06 00:00:00,1,0,2024-07-20 11:26:43,0,2024-07-20 11:26:43,,,
2018-11-29,7154.00,5951.20,1202.90,3527.60,3626.40,2565.00,1600.60,282,2018-11-29 00:00:00,1,0,2024-07-20 11:26:43,0,2024-07-20 11:26:43,,,
2018-11-22,7176.10,5963.40,1212.70,3546.20,3629.90,2553.60,1576.20,283,2018-11-22 00:00:00,1,0,2024-07-20 11:26:43,0,2024-07-20 11:26:43,,,
2018-11-15,7012.50,5824.00,1188.50,3464.90,3547.60,2495.20,1531.10,284,2018-11-15 00:00:00,1,0,2024-07-20 11:26:43,0,2024-07-20 11:26:43,,,
2018-11-08,6764.40,5600.20,1164.20,3303.50,3460.90,2332.20,1491.70,285,2018-11-08 00:00:00,1,0,2024-07-20 11:26:43,0,2024-07-20 11:26:43,,,
2018-11-01,6709.20,5566.90,1142.30,3181.50,3527.70,2320.50,1547.40,286,2018-11-01 00:00:00,1,0,2024-07-20 11:26:43,0,2024-07-20 11:26:43,,,
2018-10-25,6506.90,5357.90,1149.00,2989.40,3517.50,2321.30,1551.50,287,2018-10-25 00:00:00,1,0,2024-07-20 11:26:43,0,2024-07-20 11:26:43,,,
2018-10-18,6727.20,5585.30,1141.80,3171.10,3556.10,2365.00,1607.20,288,2018-10-18 00:00:00,1,0,2024-07-20 11:26:43,0,2024-07-20 11:26:43,,,
2018-10-11,6687.20,5532.90,1154.30,3182.40,3504.70,2300.40,1602.50,289,2018-10-11 00:00:00,1,0,2024-07-20 11:26:43,0,2024-07-20 11:26:43,,,
2018-09-27,6960.80,5839.90,1120.90,3462.10,3498.70,2294.30,1614.80,290,2018-09-27 00:00:00,1,0,2024-07-20 11:26:43,0,2024-07-20 11:26:43,,,
2018-09-20,7035.30,5929.10,1106.20,3536.30,3499.00,2262.10,1647.80,291,2018-09-20 00:00:00,1,0,2024-07-20 11:26:43,0,2024-07-20 11:26:43,,,
2018-09-13,6880.60,5776.60,1104.00,3364.10,3516.50,2237.50,1652.50,292,2018-09-13 00:00:00,1,0,2024-07-20 11:26:43,0,2024-07-20 11:26:43,,,
2018-09-06,6745.70,5642.50,1103.20,3276.40,3469.30,2172.10,1637.10,293,2018-09-06 00:00:00,1,0,2024-07-20 11:26:43,0,2024-07-20 11:26:43,,,
2018-08-30,6761.60,5638.30,1123.30,3276.60,3485.00,2184.80,1632.70,294,2018-08-30 00:00:00,1,0,2024-07-20 11:26:43,0,2024-07-20 11:26:43,,,
2018-08-23,6876.30,5736.50,1139.80,3326.50,3549.80,2240.80,1636.00,295,2018-08-23 00:00:00,1,0,2024-07-20 11:26:43,0,2024-07-20 11:26:43,,,
2018-08-16,6952.20,5806.30,1145.90,3396.10,3556.10,2236.40,1649.20,296,2018-08-16 00:00:00,1,0,2024-07-20 11:26:43,0,2024-07-20 11:26:43,,,
2018-08-09,6938.80,5786.30,1152.50,3350.20,3588.60,2246.20,1670.10,297,2018-08-09 00:00:00,1,0,2024-07-20 11:26:43,0,2024-07-20 11:26:43,,,
2018-08-02,7057.80,5928.20,1129.60,3472.00,3585.80,2270.50,1663.20,298,2018-08-02 00:00:00,1,0,2024-07-20 11:26:43,0,2024-07-20 11:26:43,,,
2018-07-26,6839.80,5688.40,1151.40,3344.30,3495.50,2260.10,1556.10,299,2018-07-26 00:00:00,1,0,2024-07-20 11:26:43,0,2024-07-20 11:26:43,,,
2018-07-19,6655.40,5497.10,1158.30,3197.00,3458.40,2272.50,1522.10,300,2018-07-19 00:00:00,1,0,2024-07-20 11:26:43,0,2024-07-20 11:26:43,,,
2018-07-12,6591.00,5430.00,1161.00,3133.00,3458.00,2289.60,1513.00,301,2018-07-12 00:00:00,1,0,2024-07-20 11:26:47,0,2024-07-20 11:26:47,,,
2018-07-05,6549.70,5406.80,1142.90,3111.30,3438.40,2244.80,1531.50,302,2018-07-05 00:00:00,1,0,2024-07-20 11:26:47,0,2024-07-20 11:26:47,,,
2018-06-28,6376.60,5212.60,1164.00,3026.50,3350.10,2220.60,1451.10,303,2018-06-28 00:00:00,1,0,2024-07-20 11:26:47,0,2024-07-20 11:26:47,,,
2018-06-21,6208.50,5073.20,1135.30,2922.90,3285.60,2193.40,1427.30,304,2018-06-21 00:00:00,1,0,2024-07-20 11:26:47,0,2024-07-20 11:26:47,,,
2018-06-14,6164.30,5040.70,1123.70,2855.50,3308.80,2172.50,1450.10,305,2018-06-14 00:00:00,1,0,2024-07-20 11:26:47,0,2024-07-20 11:26:47,,,
2018-06-07,6077.70,4964.60,1113.10,2798.50,3279.20,2181.20,1441.10,306,2018-06-07 00:00:00,1,0,2024-07-20 11:26:47,0,2024-07-20 11:26:47,,,
2018-05-31,5863.20,4764.90,1098.30,2700.10,3163.10,2127.80,1400.80,307,2018-05-31 00:00:00,1,0,2024-07-20 11:26:47,0,2024-07-20 11:26:47,,,
2018-05-24,5975.00,4879.30,1095.70,2806.40,3168.60,2092.00,1431.90,308,2018-05-24 00:00:00,1,0,2024-07-20 11:26:47,0,2024-07-20 11:26:47,,,
2018-05-17,5938.40,4874.40,1064.00,2806.70,3131.70,2024.50,1448.70,309,2018-05-17 00:00:00,1,0,2024-07-20 11:26:47,0,2024-07-20 11:26:47,,,
2018-05-10,5728.20,4708.90,1019.30,2660.90,3067.30,1946.00,1481.00,310,2018-05-10 00:00:00,1,0,2024-07-20 11:26:47,0,2024-07-20 11:26:47,,,
2018-05-03,5739.60,4758.50,981.10,2723.50,3016.10,1927.00,1461.00,311,2018-05-03 00:00:00,1,0,2024-07-20 11:26:47,0,2024-07-20 11:26:47,,,
2018-04-26,5742.30,4785.50,956.80,2783.70,2958.60,1905.10,1406.80,312,2018-04-26 00:00:00,1,0,2024-07-20 11:26:47,0,2024-07-20 11:26:47,,,
2018-04-19,5804.70,4867.50,937.20,2812.00,2992.70,1840.40,1489.50,313,2018-04-19 00:00:00,1,0,2024-07-20 11:26:47,0,2024-07-20 11:26:47,,,
2018-04-12,5990.30,5048.10,942.20,2917.80,3072.50,1835.40,1560.30,314,2018-04-12 00:00:00,1,0,2024-07-20 11:26:47,0,2024-07-20 11:26:47,,,
2018-04-05,5818.50,4916.70,901.80,2786.60,3031.90,1743.60,1579.10,315,2018-04-05 00:00:00,1,0,2024-07-20 11:26:47,0,2024-07-20 11:26:47,,,
2018-03-29,5468.10,4605.90,862.20,2547.40,2920.70,1694.80,1499.50,316,2018-03-29 00:00:00,1,0,2024-07-20 11:26:47,0,2024-07-20 11:26:47,,,
2018-03-22,5548.80,4726.40,822.40,2622.60,2926.20,1639.50,1548.80,317,2018-03-22 00:00:00,1,0,2024-07-20 11:26:47,0,2024-07-20 11:26:47,,,
2018-03-15,5233.30,4380.30,853.00,2370.10,2863.20,1690.60,1434.20,318,2018-03-15 00:00:00,1,0,2024-07-20 11:26:47,0,2024-07-20 11:26:47,,,
2018-03-08,5292.60,4453.40,839.20,2404.30,2888.30,1711.30,1432.10,319,2018-03-08 00:00:00,1,0,2024-07-20 11:26:47,0,2024-07-20 11:26:47,,,
2018-03-01,5070.30,4267.70,802.60,2264.60,2805.70,1686.80,1372.10,320,2018-03-01 00:00:00,1,0,2024-07-20 11:26:47,0,2024-07-20 11:26:47,,,
2018-02-22,4725.70,4011.50,714.20,2197.20,2528.50,1474.60,1289.90,321,2018-02-22 00:00:00,1,0,2024-07-20 11:26:47,0,2024-07-20 11:26:47,,,
2018-02-08,4520.30,3911.80,608.50,2206.30,2314.00,1329.00,1217.50,322,2018-02-08 00:00:00,1,0,2024-07-20 11:26:47,0,2024-07-20 11:26:47,,,
2018-02-01,4641.60,4025.70,615.90,2300.60,2341.00,1366.10,1206.10,323,2018-02-01 00:00:00,1,0,2024-07-20 11:26:47,0,2024-07-20 11:26:47,,,
2018-01-25,4738.50,4117.40,621.10,2380.10,2358.40,1403.30,1186.80,324,2018-01-25 00:00:00,1,0,2024-07-20 11:26:47,0,2024-07-20 11:26:47,,,
2018-01-18,4672.40,4028.20,644.20,2267.90,2404.50,1453.70,1194.30,325,2018-01-18 00:00:00,1,0,2024-07-20 11:26:47,0,2024-07-20 11:26:47,,,
2018-01-11,4673.70,4006.50,667.20,2246.40,2427.30,1516.20,1164.10,326,2018-01-11 00:00:00,1,0,2024-07-20 11:26:47,0,2024-07-20 11:26:47,,,
2018-01-04,4720.90,4029.90,691.00,2227.00,2493.90,1574.80,1186.90,327,2018-01-04 00:00:00,1,0,2024-07-20 11:26:47,0,2024-07-20 11:26:47,,,
2017-12-29,4848.80,4146.70,702.10,2373.10,2475.70,1629.10,1143.60,328,2017-12-29 00:00:00,1,0,2024-07-20 11:26:47,0,2024-07-20 11:26:47,,,
2017-12-22,4858.10,4131.50,726.60,2323.10,2535.00,1650.60,1182.40,329,2017-12-22 00:00:00,1,0,2024-07-20 11:26:47,0,2024-07-20 11:26:47,,,
2017-12-14,4914.10,4157.70,756.40,2339.60,2574.50,1738.40,1145.10,330,2017-12-14 00:00:00,1,0,2024-07-20 11:26:47,0,2024-07-20 11:26:47,,,
2017-12-07,4828.30,4068.10,760.20,2286.10,2542.20,1671.20,1184.00,331,2017-12-07 00:00:00,1,0,2024-07-20 11:26:50,0,2024-07-20 11:26:50,,,
2017-11-30,4979.40,4219.60,759.80,2442.40,2537.00,1638.50,1207.20,332,2017-11-30 00:00:00,1,0,2024-07-20 11:26:50,0,2024-07-20 11:26:50,,,
2017-11-23,5199.30,4413.80,785.60,2487.30,2712.10,1667.40,1334.50,333,2017-11-23 00:00:00,1,0,2024-07-20 11:26:50,0,2024-07-20 11:26:50,,,
2017-11-16,5118.00,4342.10,775.90,2432.70,2685.30,1644.50,1323.40,334,2017-11-16 00:00:00,1,0,2024-07-20 11:26:50,0,2024-07-20 11:26:50,,,
2017-11-09,5237.60,4454.00,783.60,2448.70,2788.90,1619.60,1438.30,335,2017-11-09 00:00:00,1,0,2024-07-20 11:26:50,0,2024-07-20 11:26:50,,,
2017-11-02,5094.60,4314.00,780.60,2390.00,2704.60,1546.20,1412.00,336,2017-11-02 00:00:00,1,0,2024-07-20 11:26:50,0,2024-07-20 11:26:50,,,
2017-10-26,5139.70,4360.50,779.20,2408.40,2731.30,1526.70,1450.10,337,2017-10-26 00:00:00,1,0,2024-07-20 11:26:50,0,2024-07-20 11:26:50,,,
2017-10-19,5087.00,4290.80,796.20,2360.80,2726.20,1508.50,1458.20,338,2017-10-19 00:00:00,1,0,2024-07-20 11:26:50,0,2024-07-20 11:26:50,,,
2017-10-12,5223.20,4391.70,831.50,2423.10,2800.10,1559.00,1479.60,339,2017-10-12 00:00:00,1,0,2024-07-20 11:26:50,0,2024-07-20 11:26:50,,,
2017-10-05,5059.90,4250.00,809.90,2335.20,2724.70,1507.40,1456.80,340,2017-10-05 00:00:00,1,0,2024-07-20 11:26:50,0,2024-07-20 11:26:50,,,
2017-09-28,4987.30,4200.70,786.60,2320.40,2666.90,1453.50,1452.30,341,2017-09-28 00:00:00,1,0,2024-07-20 11:26:50,0,2024-07-20 11:26:50,,,
2017-09-21,4870.60,4102.50,768.10,2266.30,2604.30,1406.00,1438.20,342,2017-09-21 00:00:00,1,0,2024-07-20 11:26:50,0,2024-07-20 11:26:50,,,
2017-09-14,4897.20,4137.70,759.50,2256.70,2640.50,1411.40,1465.00,343,2017-09-14 00:00:00,1,0,2024-07-20 11:26:50,0,2024-07-20 11:26:50,,,
2017-09-07,4916.60,4181.70,734.90,2291.60,2625.00,1393.80,1481.10,344,2017-09-07 00:00:00,1,0,2024-07-20 11:26:50,0,2024-07-20 11:26:50,,,
2017-08-31,4831.00,4108.20,722.80,2303.30,2527.70,1355.90,1406.90,345,2017-08-31 00:00:00,1,0,2024-07-20 11:26:50,0,2024-07-20 11:26:50,,,
2017-08-24,4942.90,4187.30,755.60,2298.70,2644.20,1437.70,1440.60,346,2017-08-24 00:00:00,1,0,2024-07-20 11:26:50,0,2024-07-20 11:26:50,,,
2017-08-17,4997.10,4182.50,814.60,2290.00,2707.10,1528.70,1417.50,347,2017-08-17 00:00:00,1,0,2024-07-20 11:26:50,0,2024-07-20 11:26:50,,,
2017-08-10,5231.10,4352.30,878.80,2417.70,2813.40,1580.90,1478.60,348,2017-08-10 00:00:00,1,0,2024-07-20 11:26:50,0,2024-07-20 11:26:50,,,
2017-08-03,5212.90,4305.50,907.40,2431.50,2781.40,1609.50,1412.00,349,2017-08-03 00:00:00,1,0,2024-07-20 11:26:50,0,2024-07-20 11:26:50,,,
2017-07-27,5430.20,4475.90,954.30,2506.80,2923.40,1671.70,1494.10,350,2017-07-27 00:00:00,1,0,2024-07-20 11:26:50,0,2024-07-20 11:26:50,,,
2017-07-20,5513.10,4525.20,987.90,2613.00,2900.10,1722.30,1435.20,351,2017-07-20 00:00:00,1,0,2024-07-20 11:26:50,0,2024-07-20 11:26:50,,,
2017-07-13,5600.10,4602.90,997.20,2630.30,2969.80,1737.60,1481.60,352,2017-07-13 00:00:00,1,0,2024-07-20 11:26:50,0,2024-07-20 11:26:50,,,
2017-07-06,5499.10,4546.20,952.80,2638.10,2861.00,1679.20,1434.10,353,2017-07-06 00:00:00,1,0,2024-07-20 11:26:50,0,2024-07-20 11:26:50,,,
2017-06-29,5461.90,4560.60,901.30,2683.00,2778.90,1652.50,1406.60,354,2017-06-29 00:00:00,1,0,2024-07-20 11:26:50,0,2024-07-20 11:26:50,,,
2017-06-22,5507.40,4663.00,844.40,2763.60,2743.80,1592.60,1449.40,355,2017-06-22 00:00:00,1,0,2024-07-20 11:26:50,0,2024-07-20 11:26:50,,,
2017-06-15,5642.00,4849.10,792.80,2943.20,2698.80,1544.10,1458.90,356,2017-06-15 00:00:00,1,0,2024-07-20 11:26:50,0,2024-07-20 11:26:50,,,
2017-06-08,5503.70,4746.30,757.40,2861.50,2642.20,1497.50,1443.90,357,2017-06-08 00:00:00,1,0,2024-07-20 11:26:50,0,2024-07-20 11:26:50,,,
2017-06-01,5504.60,4798.40,706.20,2871.70,2632.90,1421.30,1512.80,358,2017-06-01 00:00:00,1,0,2024-07-20 11:26:50,0,2024-07-20 11:26:50,,,
2017-05-25,5445.30,4747.30,698.10,2844.60,2600.70,1419.60,1471.50,359,2017-05-25 00:00:00,1,0,2024-07-20 11:26:50,0,2024-07-20 11:26:50,,,
2017-05-18,5321.70,4636.40,685.30,2805.90,2515.80,1354.70,1440.60,360,2017-05-18 00:00:00,1,0,2024-07-20 11:26:50,0,2024-07-20 11:26:50,,,
2017-05-11,5331.10,4640.60,690.60,2763.70,2567.40,1368.80,1479.00,361,2017-05-11 00:00:00,1,0,2024-07-20 11:26:53,0,2024-07-20 11:26:53,,,
2017-05-04,5209.00,4500.80,708.20,2706.30,2502.70,1350.10,1428.00,362,2017-05-04 00:00:00,1,0,2024-07-20 11:26:53,0,2024-07-20 11:26:53,,,
2017-04-27,5077.00,4383.90,693.00,2656.80,2420.10,1318.60,1364.30,363,2017-04-27 00:00:00,1,0,2024-07-20 11:26:53,0,2024-07-20 11:26:53,,,
2017-04-20,5109.00,4435.00,674.10,2676.30,2432.70,1318.30,1374.70,364,2017-04-20 00:00:00,1,0,2024-07-20 11:26:53,0,2024-07-20 11:26:53,,,
2017-04-13,4978.60,4286.40,692.20,2630.50,2348.10,1294.40,1312.50,365,2017-04-13 00:00:00,1,0,2024-07-20 11:26:53,0,2024-07-20 11:26:53,,,
2017-04-06,4940.80,4275.80,665.10,2507.10,2433.70,1269.20,1413.40,366,2017-04-06 00:00:00,1,0,2024-07-20 11:26:53,0,2024-07-20 11:26:53,,,
2017-03-30,4600.70,3965.20,635.50,2400.90,2199.80,1185.90,1240.30,367,2017-03-30 00:00:00,1,0,2024-07-20 11:26:53,0,2024-07-20 11:26:53,,,
2017-03-23,4446.00,3808.40,637.60,2261.20,2184.70,1186.40,1230.20,368,2017-03-23 00:00:00,1,0,2024-07-20 11:26:53,0,2024-07-20 11:26:53,,,
2017-03-16,4243.90,3634.90,609.00,2146.00,2097.80,1172.20,1153.90,369,2017-03-16 00:00:00,1,0,2024-07-20 11:26:53,0,2024-07-20 11:26:53,,,
2017-03-09,4279.70,3670.10,609.70,2039.80,2240.00,1205.00,1265.20,370,2017-03-09 00:00:00,1,0,2024-07-20 11:26:53,0,2024-07-20 11:26:53,,,
2017-03-02,4225.90,3601.80,624.20,2012.90,2213.10,1258.10,1185.90,371,2017-03-02 00:00:00,1,0,2024-07-20 11:26:53,0,2024-07-20 11:26:53,,,
2017-02-23,4299.20,3666.90,632.40,2034.50,2264.70,1251.60,1241.30,372,2017-02-23 00:00:00,1,0,2024-07-20 11:26:53,0,2024-07-20 11:26:53,,,
2017-02-16,4376.50,3750.70,625.80,2068.50,2308.00,1241.10,1292.10,373,2017-02-16 00:00:00,1,0,2024-07-20 11:26:53,0,2024-07-20 11:26:53,,,
2017-02-09,4502.80,3888.90,613.90,2142.50,2360.30,1266.20,1317.10,374,2017-02-09 00:00:00,1,0,2024-07-20 11:26:53,0,2024-07-20 11:26:53,,,
2017-02-02,4477.40,3886.00,591.40,2202.40,2275.00,1144.00,1335.60,375,2017-02-02 00:00:00,1,0,2024-07-20 11:26:53,0,2024-07-20 11:26:53,,,
2017-01-26,4444.70,3853.60,591.10,2237.50,2207.20,1146.70,1268.10,376,2017-01-26 00:00:00,1,0,2024-07-20 11:26:53,0,2024-07-20 11:26:53,,,
2017-01-19,4232.70,3654.00,578.70,2231.50,2001.10,1134.30,1074.50,377,2017-01-19 00:00:00,1,0,2024-07-20 11:26:53,0,2024-07-20 11:26:53,,,
2017-01-12,4387.70,3791.50,596.20,2336.20,2051.50,1163.30,1106.30,378,2017-01-12 00:00:00,1,0,2024-07-20 11:26:53,0,2024-07-20 11:26:53,,,
2017-01-05,4690.60,4052.20,638.40,2616.90,2073.70,1234.00,1051.80,379,2017-01-05 00:00:00,1,0,2024-07-20 11:26:53,0,2024-07-20 11:26:53,,,
2024-07-29,7123.30,5920.80,1202.50,3161.60,3961.70,2311.30,2074.80,382,2024-07-29 00:00:00,1,0,2024-08-01 10:40:04,0,2024-08-01 10:40:04,,,
2024-07-22,7179.90,5948.50,1231.40,3209.50,3970.30,2361.40,2059.40,383,2024-07-22 00:00:00,1,0,2024-08-01 10:40:04,0,2024-08-01 10:40:04,,,
2024-11-04,6802.70,5856.80,945.80,3525.10,3277.50,1995.40,1785.00,384,2024-11-04 00:00:00,1,0,2024-11-07 01:42:12,0,2024-11-07 01:42:12,,,
2024-10-28,6769.90,5803.80,966.10,3495.20,3274.70,2039.80,1763.30,385,2024-10-28 00:00:00,1,0,2024-11-07 01:42:12,0,2024-11-07 01:42:12,,,
2024-10-21,6711.20,5751.00,960.10,3437.50,3273.70,2022.00,1775.70,386,2024-10-21 00:00:00,1,0,2024-11-07 01:42:12,0,2024-11-07 01:42:12,,,
2024-10-14,6642.90,5750.40,892.50,3376.30,3266.60,1910.50,1867.90,387,2024-10-14 00:00:00,1,0,2024-11-07 01:42:12,0,2024-11-07 01:42:12,,,
2024-09-30,6476.10,5602.00,874.10,3247.70,3228.40,1883.30,1863.80,388,2024-09-30 00:00:00,1,0,2024-11-07 01:42:12,0,2024-11-07 01:42:12,,,
2024-09-23,6412.90,5566.50,846.40,3138.70,3274.20,1870.20,1899.80,389,2024-09-23 00:00:00,1,0,2024-11-07 01:42:12,0,2024-11-07 01:42:12,,,
2024-09-16,6521.30,5632.10,889.20,3077.90,3443.40,1974.80,1957.30,390,2024-09-16 00:00:00,1,0,2024-11-07 01:42:12,0,2024-11-07 01:42:12,,,
2024-09-09,6641.30,5710.80,930.50,3081.30,3560.00,2038.50,1996.60,391,2024-09-09 00:00:00,1,0,2024-11-07 01:42:12,0,2024-11-07 01:42:12,,,
2024-09-02,6696.40,5731.80,964.60,3106.20,3590.20,2064.70,2018.40,392,2024-09-02 00:00:00,1,0,2024-11-07 01:42:12,0,2024-11-07 01:42:12,,,
2024-08-26,6686.50,5695.60,990.90,3048.30,3638.30,1984.00,2030.00,393,2024-08-26 00:00:00,1,0,2024-11-07 01:42:12,0,2024-11-07 01:42:12,,,
2024-08-19,6774.10,5736.50,1037.60,3062.50,3711.50,2041.40,2047.60,394,2024-08-19 00:00:00,1,0,2024-11-07 01:42:12,0,2024-11-07 01:42:12,,,
2024-08-12,6901.80,5804.70,1097.10,3100.40,3801.40,2143.80,2059.40,395,2024-08-12 00:00:00,1,0,2024-11-07 01:42:12,0,2024-11-07 01:42:12,,,
2024-08-05,7002.50,5842.60,1159.80,3162.30,3840.10,2217.00,2033.10,396,2024-08-05 00:00:00,1,0,2024-11-07 01:42:12,0,2024-11-07 01:42:12,,,
2024-11-11,7099.30,6104.80,994.50,3749.60,3349.70,2067.50,1787.80,397,2024-11-11 00:00:00,1,0,2024-11-11 23:16:48,0,2024-11-11 23:16:48,,,
2024-11-18,7363.80,6318.30,1045.50,3947.30,3416.50,2157.10,1795.60,398,2024-11-18 00:00:00,1,0,2024-11-18 23:15:49,0,2024-11-18 23:15:49,,,
2024-11-25,7508.90,6440.70,1068.10,4007.80,3501.00,2197.40,1835.40,399,2024-11-25 00:00:00,1,0,2024-11-25 23:16:09,0,2024-11-25 23:16:09,,,
2024-12-02,7598.90,6537.40,1061.50,4109.30,3489.60,2139.20,1847.10,400,2024-12-02 00:00:00,1,0,2024-12-02 23:17:14,0,2024-12-02 23:17:14,,,
2024-12-09,7495.90,6429.30,1066.70,4001.80,3494.20,2180.20,1814.20,401,2024-12-09 00:00:00,1,0,2024-12-09 23:17:04,0,2024-12-09 23:17:04,,,
2024-12-16,7391.00,6330.50,1060.50,3857.60,3533.40,2202.20,1827.00,402,2024-12-16 00:00:00,1,0,2024-12-16 23:17:05,0,2024-12-16 23:17:05,,,
2024-12-23,7311.60,6242.00,1069.60,3808.00,3503.60,2210.10,1788.60,403,2024-12-23 00:00:00,1,0,2024-12-23 23:15:31,0,2024-12-23 23:15:31,,,
2024-12-30,7009.60,5962.40,1047.20,3607.80,3401.80,2088.50,1750.00,404,2024-12-30 00:00:00,1,0,2024-12-30 23:17:06,0,2024-12-30 23:17:06,,,
2025-01-06,6845.20,5806.30,1038.90,3472.90,3372.40,2037.30,1747.10,405,2025-01-06 00:00:00,1,0,2025-01-06 23:16:05,0,2025-01-06 23:16:05,,,
2025-01-13,6859.50,5816.30,1043.20,3460.90,3398.70,1990.80,1805.20,406,2025-01-13 00:00:00,1,0,2025-01-13 23:15:52,0,2025-01-13 23:15:52,,,
2025-01-20,6852.40,5815.50,1036.90,3470.60,3381.80,1959.30,1805.00,407,2025-01-20 00:00:00,1,0,2025-01-20 23:16:31,0,2025-01-20 23:16:31,,,
2025-02-03,6871.50,5809.30,1062.20,3393.70,3477.80,2032.60,1817.40,408,2025-02-03 00:00:00,1,0,2025-02-07 23:15:48,0,2025-02-07 23:15:48,,,
2025-02-10,7314.70,6141.80,1172.90,3647.40,3667.30,2221.90,1827.70,409,2025-02-10 00:00:00,1,0,2025-02-10 23:16:10,0,2025-02-10 23:16:10,,,
2025-02-17,7560.50,6294.60,1265.80,3775.00,3785.50,2253.90,1880.10,410,2025-02-17 00:00:00,1,0,2025-02-17 23:15:37,0,2025-02-17 23:15:37,,,
2025-02-24,7498.90,6259.10,1239.90,3814.10,3684.90,2239.30,1811.80,411,2025-02-24 00:00:00,1,0,2025-02-24 23:16:34,0,2025-02-24 23:16:34,,,
2025-03-03,7428.50,6249.70,1178.80,3877.80,3550.70,2201.60,1762.00,412,2025-03-03 00:00:00,1,0,2025-03-03 23:16:25,0,2025-03-03 23:16:25,,,
2025-03-10,7521.10,6395.00,1126.10,3994.60,3526.50,2173.30,1796.50,413,2025-03-10 00:00:00,1,0,2025-03-10 23:16:56,0,2025-03-10 23:16:56,,,
2025-03-17,7515.10,6425.70,1089.40,4025.40,3489.70,2115.80,1848.30,414,2025-03-17 00:00:00,1,0,2025-03-17 23:15:48,0,2025-03-17 23:15:48,,,
2025-03-24,7369.10,6248.30,1120.70,3956.40,3412.70,2090.10,1786.80,415,2025-03-24 00:00:00,1,0,2025-03-24 23:15:44,0,2025-03-24 23:15:44,,,
2025-03-31,7337.60,6178.80,1158.80,3942.40,3395.20,2176.40,1706.70,416,2025-03-31 00:00:00,1,0,2025-03-31 23:15:36,0,2025-03-31 23:15:36,,,
2025-04-07,7298.80,6085.00,1213.80,3876.50,3422.30,2262.00,1650.10,417,2025-04-07 00:00:00,1,0,2025-04-07 23:16:51,0,2025-04-07 23:16:51,,,
2025-04-14,7505.90,6254.10,1251.70,4082.60,3423.30,2300.00,1609.40,418,2025-04-14 00:00:00,1,0,2025-04-14 23:15:31,0,2025-04-14 23:15:31,,,
2025-04-21,7504.50,6231.40,1273.10,4054.00,3450.50,2349.60,1615.20,419,2025-04-21 00:00:00,1,0,2025-04-21 23:16:36,0,2025-04-21 23:16:36,,,
2025-04-28,7454.60,6187.30,1267.30,4048.60,3406.00,2363.60,1564.10,420,2025-04-28 00:00:00,1,0,2025-04-28 23:16:13,0,2025-04-28 23:16:13,,,
2025-05-12,7869.80,6539.20,1330.60,4253.00,3616.80,2465.30,1694.50,421,2025-05-12 00:00:00,1,0,2025-05-13 23:15:50,0,2025-05-13 23:15:50,,,
2025-05-19,7784.40,6458.20,1326.30,4170.00,3614.40,2466.30,1681.60,422,2025-05-19 00:00:00,1,0,2025-05-19 23:18:08,0,2025-05-19 23:18:08,,,
2025-05-26,7696.90,6451.40,1245.50,4101.20,3595.70,2425.40,1715.60,423,2025-05-26 00:00:00,1,0,2025-05-26 23:16:25,0,2025-05-26 23:16:25,,,
2025-06-02,7567.90,6304.40,1263.50,3952.80,3615.10,2434.70,1735.90,424,2025-06-02 00:00:00,1,0,2025-06-04 23:16:55,0,2025-06-04 23:16:55,,,
2025-06-09,7527.60,6227.80,1299.80,3884.70,3642.80,2453.30,1722.20,425,2025-06-09 00:00:00,1,0,2025-06-09 23:16:35,0,2025-06-09 23:16:35,,,
2025-06-16,7524.10,6190.00,1334.10,3776.80,3747.30,2463.20,1790.00,426,2025-06-16 00:00:00,1,0,2025-06-16 23:16:47,0,2025-06-16 23:16:47,,,
2025-06-23,7453.00,6122.00,1331.00,3733.90,3719.20,2400.20,1780.80,427,2025-06-23 00:00:00,1,0,2025-06-23 23:16:03,0,2025-06-23 23:16:03,,,
2025-06-30,7297.00,5938.60,1358.40,3587.60,3709.40,2372.80,1754.20,428,2025-06-30 00:00:00,1,0,2025-06-30 23:16:19,0,2025-06-30 23:16:19,,,
2025-07-07,7284.00,5905.40,1378.60,3553.30,3730.70,2384.70,1738.70,429,2025-07-07 00:00:00,1,0,2025-07-07 23:16:33,0,2025-07-07 23:16:33,,,
2025-07-14,7329.90,5892.90,1437.00,3495.20,3834.70,2368.80,1791.90,430,2025-07-14 00:00:00,1,0,2025-07-14 23:16:01,0,2025-07-14 23:16:01,,,
2025-07-21,7318.40,5896.50,1421.90,3469.10,3849.30,2310.30,1829.80,431,2025-07-21 00:00:00,1,0,2025-07-21 23:16:41,0,2025-07-21 23:16:41,,,
2025-07-28,7081.80,5671.90,1410.00,3345.20,3736.70,2254.00,1749.00,432,2025-07-28 00:00:00,1,0,2025-07-28 23:16:05,0,2025-07-28 23:16:05,,,
2025-08-04,6883.20,5455.50,1427.60,3225.10,3658.10,2199.20,1698.10,433,2025-08-04 00:00:00,1,0,2025-08-04 23:16:03,0,2025-08-04 23:16:03,,,
2025-08-11,6840.40,5415.00,1425.40,3115.00,3725.30,2173.10,1764.50,434,2025-08-11 00:00:00,1,0,2025-08-11 23:16:19,0,2025-08-11 23:16:19,,,
2025-08-18,6677.30,5283.80,1393.50,3009.30,3668.00,2058.10,1782.40,435,2025-08-18 00:00:00,1,0,2025-08-18 23:15:32,0,2025-08-18 23:15:32,,,
2025-08-25,6500.10,5179.80,1320.30,2982.60,3517.50,2025.90,1687.50,436,2025-08-25 00:00:00,1,0,2025-08-25 23:16:30,0,2025-08-25 23:16:30,,,
2025-09-01,6265.00,5045.10,1220.00,2897.40,3367.60,1903.00,1648.70,437,2025-09-01 00:00:00,1,0,2025-09-01 23:16:33,0,2025-09-01 23:16:33,,,
2025-09-08,6200.40,4992.50,1207.90,2930.30,3270.20,1875.10,1588.60,438,2025-09-08 00:00:00,1,0,2025-09-08 23:16:49,0,2025-09-08 23:16:49,,,
2025-09-15,6207.70,5014.70,1193.00,2990.40,3217.20,1839.90,1548.60,439,2025-09-15 00:00:00,1,0,2025-09-15 23:15:33,0,2025-09-15 23:15:33,,,
