时间,项目名称,累计值(亿元),累计增长(%),_ID,_DATA_TIME,_ACTIVE,_CREATE_ID,_CREATE_TIME,_UPDATE_ID,_UPDATE_TIME,_REMARK,_CHANGE_LOG,_RESERVE
2024-05,全国房地产竣工面积,22245.03,-20.10,1,2024-05-31 00:00:00,1,0,2024-07-02 18:24:49,0,2024-07-02 18:24:49,,,
2024-05,全国房地产施工面积,688895.68,-11.60,2,2024-05-31 00:00:00,1,0,2024-07-02 18:24:49,0,2024-07-02 18:24:49,,,
2024-05,全国房地产新开工施工面积,30089.53,-24.20,3,2024-05-31 00:00:00,1,0,2024-07-02 18:24:49,0,2024-07-02 18:24:49,,,
2024-04,全国房地产新开工施工面积,23509.73,-24.60,4,2024-04-30 00:00:00,1,0,2024-07-02 18:24:49,0,2024-07-02 18:24:49,,,
2024-04,全国房地产施工面积,687544.48,-10.80,5,2024-04-30 00:00:00,1,0,2024-07-02 18:24:49,0,2024-07-02 18:24:49,,,
2024-04,全国房地产竣工面积,18860.34,-20.40,6,2024-04-30 00:00:00,1,0,2024-07-02 18:24:49,0,2024-07-02 18:24:49,,,
2024-03,全国房地产施工面积,678501.00,-11.10,7,2024-03-31 00:00:00,1,0,2024-07-02 18:24:49,0,2024-07-02 18:24:49,,,
2024-03,全国房地产竣工面积,15258.65,-20.70,8,2024-03-31 00:00:00,1,0,2024-07-02 18:24:49,0,2024-07-02 18:24:49,,,
2024-03,全国房地产新开工施工面积,17282.82,-27.80,9,2024-03-31 00:00:00,1,0,2024-07-02 18:24:49,0,2024-07-02 18:24:49,,,
2024-02,全国房地产新开工施工面积,9428.94,-29.70,10,2024-02-29 00:00:00,1,0,2024-07-02 18:24:49,0,2024-07-02 18:24:49,,,
2024-02,全国房地产竣工面积,10394.66,-20.20,11,2024-02-29 00:00:00,1,0,2024-07-02 18:24:49,0,2024-07-02 18:24:49,,,
2024-02,全国房地产施工面积,666901.62,-11.00,12,2024-02-29 00:00:00,1,0,2024-07-02 18:24:49,0,2024-07-02 18:24:49,,,
2023-12,全国房地产竣工面积,99831.09,17.00,13,2023-12-31 00:00:00,1,0,2024-07-02 18:24:49,0,2024-07-02 18:24:49,,,
2023-12,全国房地产新开工施工面积,95375.53,-20.40,14,2023-12-31 00:00:00,1,0,2024-07-02 18:24:49,0,2024-07-02 18:24:49,,,
2023-12,全国房地产施工面积,838364.46,-7.20,15,2023-12-31 00:00:00,1,0,2024-07-02 18:24:49,0,2024-07-02 18:24:49,,,
2023-11,全国房地产施工面积,831344.90,-7.20,16,2023-11-30 00:00:00,1,0,2024-07-02 18:24:49,0,2024-07-02 18:24:49,,,
2023-11,全国房地产新开工施工面积,87455.66,-21.20,17,2023-11-30 00:00:00,1,0,2024-07-02 18:24:49,0,2024-07-02 18:24:49,,,
2023-11,全国房地产竣工面积,65237.02,17.90,18,2023-11-30 00:00:00,1,0,2024-07-02 18:24:49,0,2024-07-02 18:24:49,,,
2023-10,全国房地产新开工施工面积,79176.60,-23.20,19,2023-10-31 00:00:00,1,0,2024-07-02 18:24:49,0,2024-07-02 18:24:49,,,
2023-10,全国房地产施工面积,822894.94,-7.30,20,2023-10-31 00:00:00,1,0,2024-07-02 18:24:49,0,2024-07-02 18:24:49,,,
2023-10,全国房地产竣工面积,55150.72,19.00,21,2023-10-31 00:00:00,1,0,2024-07-02 18:24:49,0,2024-07-02 18:24:49,,,
2023-09,全国房地产施工面积,815688.35,-7.10,22,2023-09-30 00:00:00,1,0,2024-07-02 18:24:49,0,2024-07-02 18:24:49,,,
2023-09,全国房地产新开工施工面积,72123.41,-23.40,23,2023-09-30 00:00:00,1,0,2024-07-02 18:24:49,0,2024-07-02 18:24:49,,,
2023-09,全国房地产竣工面积,48704.63,19.80,24,2023-09-30 00:00:00,1,0,2024-07-02 18:24:49,0,2024-07-02 18:24:49,,,
2023-08,全国房地产施工面积,806415.25,-7.10,25,2023-08-31 00:00:00,1,0,2024-07-02 18:24:49,0,2024-07-02 18:24:49,,,
2023-08,全国房地产新开工施工面积,63891.13,-24.40,26,2023-08-31 00:00:00,1,0,2024-07-02 18:24:49,0,2024-07-02 18:24:49,,,
2023-08,全国房地产竣工面积,43726.13,19.20,27,2023-08-31 00:00:00,1,0,2024-07-02 18:24:49,0,2024-07-02 18:24:49,,,
2023-07,全国房地产新开工施工面积,56969.11,-24.50,28,2023-07-31 00:00:00,1,0,2024-07-02 18:24:49,0,2024-07-02 18:24:49,,,
2023-07,全国房地产施工面积,799682.27,-6.80,29,2023-07-31 00:00:00,1,0,2024-07-02 18:24:49,0,2024-07-02 18:24:49,,,
2023-07,全国房地产竣工面积,38405.13,20.50,30,2023-07-31 00:00:00,1,0,2024-07-02 18:24:49,0,2024-07-02 18:24:49,,,
2023-06,全国房地产竣工面积,33903.81,19.00,31,2023-06-30 00:00:00,1,0,2024-07-02 18:24:53,0,2024-07-02 18:24:53,,,
2023-06,全国房地产施工面积,791548.25,-6.60,32,2023-06-30 00:00:00,1,0,2024-07-02 18:24:53,0,2024-07-02 18:24:53,,,
2023-06,全国房地产新开工施工面积,49879.50,-24.30,33,2023-06-30 00:00:00,1,0,2024-07-02 18:24:53,0,2024-07-02 18:24:53,,,
2023-05,全国房地产竣工面积,27825.96,19.60,34,2023-05-31 00:00:00,1,0,2024-07-02 18:24:53,0,2024-07-02 18:24:53,,,
2023-05,全国房地产施工面积,779506.41,-6.20,35,2023-05-31 00:00:00,1,0,2024-07-02 18:24:53,0,2024-07-02 18:24:53,,,
2023-05,全国房地产新开工施工面积,39722.73,-22.60,36,2023-05-31 00:00:00,1,0,2024-07-02 18:24:53,0,2024-07-02 18:24:53,,,
2023-04,全国房地产新开工施工面积,31219.95,-21.20,37,2023-04-30 00:00:00,1,0,2024-07-02 18:24:53,0,2024-07-02 18:24:53,,,
2023-04,全国房地产竣工面积,23677.73,18.80,38,2023-04-30 00:00:00,1,0,2024-07-02 18:24:53,0,2024-07-02 18:24:53,,,
2023-04,全国房地产施工面积,771271.07,-5.60,39,2023-04-30 00:00:00,1,0,2024-07-02 18:24:53,0,2024-07-02 18:24:53,,,
2023-03,全国房地产施工面积,764577.16,-5.20,40,2023-03-31 00:00:00,1,0,2024-07-02 18:24:53,0,2024-07-02 18:24:53,,,
2023-03,全国房地产新开工施工面积,24121.15,-19.20,41,2023-03-31 00:00:00,1,0,2024-07-02 18:24:53,0,2024-07-02 18:24:53,,,
2023-03,全国房地产竣工面积,19422.12,14.70,42,2023-03-31 00:00:00,1,0,2024-07-02 18:24:53,0,2024-07-02 18:24:53,,,
2023-02,全国房地产竣工面积,13177.78,8.00,43,2023-02-28 00:00:00,1,0,2024-07-02 18:24:53,0,2024-07-02 18:24:53,,,
2023-02,全国房地产新开工施工面积,13567.23,-9.40,44,2023-02-28 00:00:00,1,0,2024-07-02 18:24:53,0,2024-07-02 18:24:53,,,
2023-02,全国房地产施工面积,750239.55,-4.40,45,2023-02-28 00:00:00,1,0,2024-07-02 18:24:53,0,2024-07-02 18:24:53,,,
2022-12,全国房地产施工面积,904999.26,-7.20,46,2022-12-31 00:00:00,1,0,2024-07-02 18:24:53,0,2024-07-02 18:24:53,,,
2022-12,全国房地产竣工面积,86222.22,-15.00,47,2022-12-31 00:00:00,1,0,2024-07-02 18:24:53,0,2024-07-02 18:24:53,,,
2022-12,全国房地产新开工施工面积,120587.07,-39.40,48,2022-12-31 00:00:00,1,0,2024-07-02 18:24:53,0,2024-07-02 18:24:53,,,
2022-11,全国房地产施工面积,896856.56,-6.50,49,2022-11-30 00:00:00,1,0,2024-07-02 18:24:53,0,2024-07-02 18:24:53,,,
2022-11,全国房地产竣工面积,55708.82,-19.00,50,2022-11-30 00:00:00,1,0,2024-07-02 18:24:53,0,2024-07-02 18:24:53,,,
2022-11,全国房地产新开工施工面积,111632.04,-38.90,51,2022-11-30 00:00:00,1,0,2024-07-02 18:24:53,0,2024-07-02 18:24:53,,,
2022-10,全国房地产新开工施工面积,103721.71,-37.80,52,2022-10-31 00:00:00,1,0,2024-07-02 18:24:53,0,2024-07-02 18:24:53,,,
2022-10,全国房地产竣工面积,46564.58,-18.70,53,2022-10-31 00:00:00,1,0,2024-07-02 18:24:53,0,2024-07-02 18:24:53,,,
2022-10,全国房地产施工面积,888893.80,-5.70,54,2022-10-31 00:00:00,1,0,2024-07-02 18:24:53,0,2024-07-02 18:24:53,,,
2022-09,全国房地产新开工施工面积,94767.26,-38.00,55,2022-09-30 00:00:00,1,0,2024-07-02 18:24:53,0,2024-07-02 18:24:53,,,
2022-09,全国房地产竣工面积,40878.97,-19.90,56,2022-09-30 00:00:00,1,0,2024-07-02 18:24:53,0,2024-07-02 18:24:53,,,
2022-09,全国房地产施工面积,878919.41,-5.30,57,2022-09-30 00:00:00,1,0,2024-07-02 18:24:53,0,2024-07-02 18:24:53,,,
2022-08,全国房地产新开工施工面积,85061.83,-37.20,58,2022-08-31 00:00:00,1,0,2024-07-02 18:24:53,0,2024-07-02 18:24:53,,,
2022-08,全国房地产竣工面积,36861.14,-21.10,59,2022-08-31 00:00:00,1,0,2024-07-02 18:24:53,0,2024-07-02 18:24:53,,,
2022-08,全国房地产施工面积,868648.52,-4.50,60,2022-08-31 00:00:00,1,0,2024-07-02 18:24:53,0,2024-07-02 18:24:53,,,
2022-07,全国房地产竣工面积,32027.62,-23.30,61,2022-07-31 00:00:00,1,0,2024-07-02 18:24:57,0,2024-07-02 18:24:57,,,
2022-07,全国房地产新开工施工面积,76066.76,-36.10,62,2022-07-31 00:00:00,1,0,2024-07-02 18:24:57,0,2024-07-02 18:24:57,,,
2022-07,全国房地产施工面积,859194.16,-3.70,63,2022-07-31 00:00:00,1,0,2024-07-02 18:24:57,0,2024-07-02 18:24:57,,,
2022-06,全国房地产竣工面积,28635.79,-21.50,64,2022-06-30 00:00:00,1,0,2024-07-02 18:24:57,0,2024-07-02 18:24:57,,,
2022-06,全国房地产新开工施工面积,66423.47,-34.40,65,2022-06-30 00:00:00,1,0,2024-07-02 18:24:57,0,2024-07-02 18:24:57,,,
2022-06,全国房地产施工面积,848811.99,-2.80,66,2022-06-30 00:00:00,1,0,2024-07-02 18:24:57,0,2024-07-02 18:24:57,,,
2022-05,全国房地产竣工面积,23361.60,-15.30,67,2022-05-31 00:00:00,1,0,2024-07-02 18:24:57,0,2024-07-02 18:24:57,,,
2022-05,全国房地产施工面积,831525.06,-1.00,68,2022-05-31 00:00:00,1,0,2024-07-02 18:24:57,0,2024-07-02 18:24:57,,,
2022-05,全国房地产新开工施工面积,51628.07,-30.60,69,2022-05-31 00:00:00,1,0,2024-07-02 18:24:57,0,2024-07-02 18:24:57,,,
2022-04,全国房地产竣工面积,20030.06,-11.90,70,2022-04-30 00:00:00,1,0,2024-07-02 18:24:57,0,2024-07-02 18:24:57,,,
2022-04,全国房地产新开工施工面积,39739.01,-26.30,71,2022-04-30 00:00:00,1,0,2024-07-02 18:24:57,0,2024-07-02 18:24:57,,,
2022-04,全国房地产施工面积,818587.74,0.00,72,2022-04-30 00:00:00,1,0,2024-07-02 18:24:57,0,2024-07-02 18:24:57,,,
2022-03,全国房地产施工面积,806259.46,1.00,73,2022-03-31 00:00:00,1,0,2024-07-02 18:24:57,0,2024-07-02 18:24:57,,,
2022-03,全国房地产新开工施工面积,29837.59,-17.50,74,2022-03-31 00:00:00,1,0,2024-07-02 18:24:57,0,2024-07-02 18:24:57,,,
2022-03,全国房地产竣工面积,16929.25,-11.50,75,2022-03-31 00:00:00,1,0,2024-07-02 18:24:57,0,2024-07-02 18:24:57,,,
2022-02,全国房地产竣工面积,12199.53,-9.80,76,2022-02-28 00:00:00,1,0,2024-07-02 18:24:57,0,2024-07-02 18:24:57,,,
2022-02,全国房地产新开工施工面积,14966.74,-12.20,77,2022-02-28 00:00:00,1,0,2024-07-02 18:24:57,0,2024-07-02 18:24:57,,,
2022-02,全国房地产施工面积,784459.24,1.80,78,2022-02-28 00:00:00,1,0,2024-07-02 18:24:57,0,2024-07-02 18:24:57,,,
2021-12,全国房地产新开工施工面积,198895.05,-11.40,79,2021-12-31 00:00:00,1,0,2024-07-02 18:24:57,0,2024-07-02 18:24:57,,,
2021-12,全国房地产竣工面积,101411.94,11.20,80,2021-12-31 00:00:00,1,0,2024-07-02 18:24:57,0,2024-07-02 18:24:57,,,
2021-12,全国房地产施工面积,975386.51,5.20,81,2021-12-31 00:00:00,1,0,2024-07-02 18:24:57,0,2024-07-02 18:24:57,,,
2021-11,全国房地产竣工面积,68753.82,16.20,82,2021-11-30 00:00:00,1,0,2024-07-02 18:24:57,0,2024-07-02 18:24:57,,,
2021-11,全国房地产新开工施工面积,182819.53,-9.10,83,2021-11-30 00:00:00,1,0,2024-07-02 18:24:57,0,2024-07-02 18:24:57,,,
2021-11,全国房地产施工面积,959653.82,6.30,84,2021-11-30 00:00:00,1,0,2024-07-02 18:24:57,0,2024-07-02 18:24:57,,,
2021-10,全国房地产竣工面积,57290.28,16.30,85,2021-10-31 00:00:00,1,0,2024-07-02 18:24:57,0,2024-07-02 18:24:57,,,
2021-10,全国房地产新开工施工面积,166736.25,-7.70,86,2021-10-31 00:00:00,1,0,2024-07-02 18:24:57,0,2024-07-02 18:24:57,,,
2021-10,全国房地产施工面积,942858.63,7.10,87,2021-10-31 00:00:00,1,0,2024-07-02 18:24:57,0,2024-07-02 18:24:57,,,
2021-09,全国房地产竣工面积,51012.65,23.40,88,2021-09-30 00:00:00,1,0,2024-07-02 18:24:57,0,2024-07-02 18:24:57,,,
2021-09,全国房地产新开工施工面积,152943.59,-4.50,89,2021-09-30 00:00:00,1,0,2024-07-02 18:24:57,0,2024-07-02 18:24:57,,,
2021-09,全国房地产施工面积,928064.72,7.90,90,2021-09-30 00:00:00,1,0,2024-07-02 18:24:57,0,2024-07-02 18:24:57,,,
2021-08,全国房地产施工面积,909992.02,8.40,91,2021-08-31 00:00:00,1,0,2024-07-02 18:25:01,0,2024-07-02 18:25:01,,,
2021-08,全国房地产新开工施工面积,135502.08,-3.20,92,2021-08-31 00:00:00,1,0,2024-07-02 18:25:01,0,2024-07-02 18:25:01,,,
2021-08,全国房地产竣工面积,46738.95,26.00,93,2021-08-31 00:00:00,1,0,2024-07-02 18:25:01,0,2024-07-02 18:25:01,,,
2021-07,全国房地产竣工面积,41782.25,25.70,94,2021-07-31 00:00:00,1,0,2024-07-02 18:25:01,0,2024-07-02 18:25:01,,,
2021-07,全国房地产新开工施工面积,118948.27,-0.90,95,2021-07-31 00:00:00,1,0,2024-07-02 18:25:01,0,2024-07-02 18:25:01,,,
2021-07,全国房地产施工面积,891880.29,9.00,96,2021-07-31 00:00:00,1,0,2024-07-02 18:25:01,0,2024-07-02 18:25:01,,,
2021-06,全国房地产新开工施工面积,101288.34,3.80,97,2021-06-30 00:00:00,1,0,2024-07-02 18:25:01,0,2024-07-02 18:25:01,,,
2021-06,全国房地产施工面积,873250.61,10.20,98,2021-06-30 00:00:00,1,0,2024-07-02 18:25:01,0,2024-07-02 18:25:01,,,
2021-06,全国房地产竣工面积,36481.04,25.70,99,2021-06-30 00:00:00,1,0,2024-07-02 18:25:01,0,2024-07-02 18:25:01,,,
2021-05,全国房地产施工面积,839961.63,10.10,100,2021-05-31 00:00:00,1,0,2024-07-02 18:25:01,0,2024-07-02 18:25:01,,,
2021-05,全国房地产新开工施工面积,74348.71,6.90,101,2021-05-31 00:00:00,1,0,2024-07-02 18:25:01,0,2024-07-02 18:25:01,,,
2021-05,全国房地产竣工面积,27582.69,16.40,102,2021-05-31 00:00:00,1,0,2024-07-02 18:25:01,0,2024-07-02 18:25:01,,,
2021-04,全国房地产施工面积,818512.92,10.50,103,2021-04-30 00:00:00,1,0,2024-07-02 18:25:01,0,2024-07-02 18:25:01,,,
2021-04,全国房地产新开工施工面积,53904.55,12.80,104,2021-04-30 00:00:00,1,0,2024-07-02 18:25:01,0,2024-07-02 18:25:01,,,
2021-04,全国房地产竣工面积,22735.52,17.90,105,2021-04-30 00:00:00,1,0,2024-07-02 18:25:01,0,2024-07-02 18:25:01,,,
2021-03,全国房地产施工面积,798393.85,11.20,106,2021-03-31 00:00:00,1,0,2024-07-02 18:25:01,0,2024-07-02 18:25:01,,,
2021-03,全国房地产新开工施工面积,36162.54,28.20,107,2021-03-31 00:00:00,1,0,2024-07-02 18:25:01,0,2024-07-02 18:25:01,,,
2021-03,全国房地产竣工面积,19121.96,22.90,108,2021-03-31 00:00:00,1,0,2024-07-02 18:25:01,0,2024-07-02 18:25:01,,,
2021-02,全国房地产施工面积,770628.93,11.00,109,2021-02-28 00:00:00,1,0,2024-07-02 18:25:01,0,2024-07-02 18:25:01,,,
2021-02,全国房地产新开工施工面积,17036.94,64.30,110,2021-02-28 00:00:00,1,0,2024-07-02 18:25:01,0,2024-07-02 18:25:01,,,
2021-02,全国房地产竣工面积,13524.97,40.40,111,2021-02-28 00:00:00,1,0,2024-07-02 18:25:01,0,2024-07-02 18:25:01,,,
2020-12,全国房地产施工面积,926759.19,3.70,112,2020-12-31 00:00:00,1,0,2024-07-02 18:25:01,0,2024-07-02 18:25:01,,,
2020-12,全国房地产新开工施工面积,224433.13,-1.20,113,2020-12-31 00:00:00,1,0,2024-07-02 18:25:01,0,2024-07-02 18:25:01,,,
2020-12,全国房地产竣工面积,91218.23,-4.90,114,2020-12-31 00:00:00,1,0,2024-07-02 18:25:01,0,2024-07-02 18:25:01,,,
2020-11,全国房地产施工面积,902424.80,3.20,115,2020-11-30 00:00:00,1,0,2024-07-02 18:25:01,0,2024-07-02 18:25:01,,,
2020-11,全国房地产新开工施工面积,201084.67,-2.00,116,2020-11-30 00:00:00,1,0,2024-07-02 18:25:01,0,2024-07-02 18:25:01,,,
2020-11,全国房地产竣工面积,59172.64,-7.30,117,2020-11-30 00:00:00,1,0,2024-07-02 18:25:01,0,2024-07-02 18:25:01,,,
2020-10,全国房地产施工面积,880117.46,3.00,118,2020-10-31 00:00:00,1,0,2024-07-02 18:25:01,0,2024-07-02 18:25:01,,,
2020-10,全国房地产新开工施工面积,180718.42,-2.60,119,2020-10-31 00:00:00,1,0,2024-07-02 18:25:01,0,2024-07-02 18:25:01,,,
2020-10,全国房地产竣工面积,49239.73,-9.20,120,2020-10-31 00:00:00,1,0,2024-07-02 18:25:01,0,2024-07-02 18:25:01,,,
2020-09,全国房地产竣工面积,41338.20,-11.60,121,2020-09-30 00:00:00,1,0,2024-07-02 18:25:07,0,2024-07-02 18:25:07,,,
2020-09,全国房地产施工面积,859820.27,3.10,122,2020-09-30 00:00:00,1,0,2024-07-02 18:25:07,0,2024-07-02 18:25:07,,,
2020-09,全国房地产新开工施工面积,160090.00,-3.40,123,2020-09-30 00:00:00,1,0,2024-07-02 18:25:07,0,2024-07-02 18:25:07,,,
2020-08,全国房地产新开工施工面积,139916.96,-3.60,124,2020-08-31 00:00:00,1,0,2024-07-02 18:25:07,0,2024-07-02 18:25:07,,,
2020-08,全国房地产施工面积,839733.60,3.30,125,2020-08-31 00:00:00,1,0,2024-07-02 18:25:07,0,2024-07-02 18:25:07,,,
2020-08,全国房地产竣工面积,37107.48,-10.80,126,2020-08-31 00:00:00,1,0,2024-07-02 18:25:07,0,2024-07-02 18:25:07,,,
2020-07,全国房地产施工面积,818279.71,3.00,127,2020-07-31 00:00:00,1,0,2024-07-02 18:25:07,0,2024-07-02 18:25:07,,,
2020-07,全国房地产竣工面积,33248.41,-10.90,128,2020-07-31 00:00:00,1,0,2024-07-02 18:25:07,0,2024-07-02 18:25:07,,,
2020-07,全国房地产新开工施工面积,120031.54,-4.50,129,2020-07-31 00:00:00,1,0,2024-07-02 18:25:07,0,2024-07-02 18:25:07,,,
2020-06,全国房地产施工面积,792721.18,2.60,130,2020-06-30 00:00:00,1,0,2024-07-02 18:25:07,0,2024-07-02 18:25:07,,,
2020-06,全国房地产竣工面积,29029.81,-10.50,131,2020-06-30 00:00:00,1,0,2024-07-02 18:25:07,0,2024-07-02 18:25:07,,,
2020-06,全国房地产新开工施工面积,97536.43,-7.60,132,2020-06-30 00:00:00,1,0,2024-07-02 18:25:07,0,2024-07-02 18:25:07,,,
2020-05,全国房地产竣工面积,23687.12,-11.30,133,2020-05-31 00:00:00,1,0,2024-07-02 18:25:07,0,2024-07-02 18:25:07,,,
2020-05,全国房地产施工面积,762627.75,2.30,134,2020-05-31 00:00:00,1,0,2024-07-02 18:25:07,0,2024-07-02 18:25:07,,,
2020-05,全国房地产新开工施工面积,69532.81,-12.80,135,2020-05-31 00:00:00,1,0,2024-07-02 18:25:07,0,2024-07-02 18:25:07,,,
2020-04,全国房地产新开工施工面积,47767.62,-18.40,136,2020-04-30 00:00:00,1,0,2024-07-02 18:25:07,0,2024-07-02 18:25:07,,,
2020-04,全国房地产施工面积,740567.73,2.50,137,2020-04-30 00:00:00,1,0,2024-07-02 18:25:07,0,2024-07-02 18:25:07,,,
2020-04,全国房地产竣工面积,19286.05,-14.50,138,2020-04-30 00:00:00,1,0,2024-07-02 18:25:07,0,2024-07-02 18:25:07,,,
2020-03,全国房地产施工面积,717886.41,2.60,139,2020-03-31 00:00:00,1,0,2024-07-02 18:25:07,0,2024-07-02 18:25:07,,,
2020-03,全国房地产竣工面积,15557.21,-15.80,140,2020-03-31 00:00:00,1,0,2024-07-02 18:25:07,0,2024-07-02 18:25:07,,,
2020-03,全国房地产新开工施工面积,28202.99,-27.20,141,2020-03-31 00:00:00,1,0,2024-07-02 18:25:07,0,2024-07-02 18:25:07,,,
2020-02,全国房地产施工面积,694241.20,2.90,142,2020-02-29 00:00:00,1,0,2024-07-02 18:25:07,0,2024-07-02 18:25:07,,,
2020-02,全国房地产新开工施工面积,10369.62,-44.90,143,2020-02-29 00:00:00,1,0,2024-07-02 18:25:07,0,2024-07-02 18:25:07,,,
2020-02,全国房地产竣工面积,9635.54,-22.90,144,2020-02-29 00:00:00,1,0,2024-07-02 18:25:07,0,2024-07-02 18:25:07,,,
2019-12,全国房地产施工面积,893820.89,8.70,145,2019-12-31 00:00:00,1,0,2024-07-02 18:25:07,0,2024-07-02 18:25:07,,,
2019-12,全国房地产新开工施工面积,227153.58,8.50,146,2019-12-31 00:00:00,1,0,2024-07-02 18:25:07,0,2024-07-02 18:25:07,,,
2019-12,全国房地产竣工面积,95941.53,2.60,147,2019-12-31 00:00:00,1,0,2024-07-02 18:25:07,0,2024-07-02 18:25:07,,,
2019-11,全国房地产新开工施工面积,205194.43,8.60,148,2019-11-30 00:00:00,1,0,2024-07-02 18:25:07,0,2024-07-02 18:25:07,,,
2019-11,全国房地产施工面积,874813.93,8.70,149,2019-11-30 00:00:00,1,0,2024-07-02 18:25:07,0,2024-07-02 18:25:07,,,
2019-11,全国房地产竣工面积,63846.49,-4.50,150,2019-11-30 00:00:00,1,0,2024-07-02 18:25:07,0,2024-07-02 18:25:07,,,
2019-10,全国房地产竣工面积,54211.14,-5.50,151,2019-10-31 00:00:00,1,0,2024-07-02 18:25:13,0,2024-07-02 18:25:13,,,
2019-10,全国房地产新开工施工面积,185634.42,10.00,152,2019-10-31 00:00:00,1,0,2024-07-02 18:25:13,0,2024-07-02 18:25:13,,,
2019-10,全国房地产施工面积,854881.80,9.00,153,2019-10-31 00:00:00,1,0,2024-07-02 18:25:13,0,2024-07-02 18:25:13,,,
2019-09,全国房地产新开工施工面积,165706.71,8.60,154,2019-09-30 00:00:00,1,0,2024-07-02 18:25:13,0,2024-07-02 18:25:13,,,
2019-09,全国房地产施工面积,834201.18,8.70,155,2019-09-30 00:00:00,1,0,2024-07-02 18:25:13,0,2024-07-02 18:25:13,,,
2019-09,全国房地产竣工面积,46748.28,-8.60,156,2019-09-30 00:00:00,1,0,2024-07-02 18:25:13,0,2024-07-02 18:25:13,,,
2019-08,全国房地产施工面积,813156.49,8.80,157,2019-08-31 00:00:00,1,0,2024-07-02 18:25:13,0,2024-07-02 18:25:13,,,
2019-08,全国房地产新开工施工面积,145133.07,8.90,158,2019-08-31 00:00:00,1,0,2024-07-02 18:25:13,0,2024-07-02 18:25:13,,,
2019-08,全国房地产竣工面积,41610.27,-10.00,159,2019-08-31 00:00:00,1,0,2024-07-02 18:25:13,0,2024-07-02 18:25:13,,,
2019-07,全国房地产新开工施工面积,125715.88,9.50,160,2019-07-31 00:00:00,1,0,2024-07-02 18:25:13,0,2024-07-02 18:25:13,,,
2019-07,全国房地产施工面积,794207.48,9.00,161,2019-07-31 00:00:00,1,0,2024-07-02 18:25:13,0,2024-07-02 18:25:13,,,
2019-07,全国房地产竣工面积,37330.75,-11.30,162,2019-07-31 00:00:00,1,0,2024-07-02 18:25:13,0,2024-07-02 18:25:13,,,
2019-06,全国房地产竣工面积,32425.77,-12.70,163,2019-06-30 00:00:00,1,0,2024-07-02 18:25:13,0,2024-07-02 18:25:13,,,
2019-06,全国房地产施工面积,772292.42,8.80,164,2019-06-30 00:00:00,1,0,2024-07-02 18:25:13,0,2024-07-02 18:25:13,,,
2019-06,全国房地产新开工施工面积,105508.60,10.10,165,2019-06-30 00:00:00,1,0,2024-07-02 18:25:13,0,2024-07-02 18:25:13,,,
2019-05,全国房地产施工面积,745285.67,8.80,166,2019-05-31 00:00:00,1,0,2024-07-02 18:25:13,0,2024-07-02 18:25:13,,,
2019-05,全国房地产竣工面积,26706.90,-12.40,167,2019-05-31 00:00:00,1,0,2024-07-02 18:25:13,0,2024-07-02 18:25:13,,,
2019-05,全国房地产新开工施工面积,79783.53,10.50,168,2019-05-31 00:00:00,1,0,2024-07-02 18:25:13,0,2024-07-02 18:25:13,,,
2019-04,全国房地产新开工施工面积,58552.34,13.10,169,2019-04-30 00:00:00,1,0,2024-07-02 18:25:13,0,2024-07-02 18:25:13,,,
2019-04,全国房地产施工面积,722569.23,8.80,170,2019-04-30 00:00:00,1,0,2024-07-02 18:25:13,0,2024-07-02 18:25:13,,,
2019-04,全国房地产竣工面积,2563.93,-10.30,171,2019-04-30 00:00:00,1,0,2024-07-02 18:25:13,0,2024-07-02 18:25:13,,,
2019-03,全国房地产新开工施工面积,38728.43,11.90,172,2019-03-31 00:00:00,1,0,2024-07-02 18:25:13,0,2024-07-02 18:25:13,,,
2019-03,全国房地产施工面积,699444.22,8.20,173,2019-03-31 00:00:00,1,0,2024-07-02 18:25:13,0,2024-07-02 18:25:13,,,
2019-03,全国房地产竣工面积,18474.09,-10.80,174,2019-03-31 00:00:00,1,0,2024-07-02 18:25:13,0,2024-07-02 18:25:13,,,
2019-02,全国房地产施工面积,674945.94,6.80,175,2019-02-28 00:00:00,1,0,2024-07-02 18:25:13,0,2024-07-02 18:25:13,,,
2019-02,全国房地产新开工施工面积,18813.78,6.00,176,2019-02-28 00:00:00,1,0,2024-07-02 18:25:13,0,2024-07-02 18:25:13,,,
2019-02,全国房地产竣工面积,12499.76,-11.90,177,2019-02-28 00:00:00,1,0,2024-07-02 18:25:13,0,2024-07-02 18:25:13,,,
2018-12,全国房地产施工面积,822300.24,5.20,178,2018-12-31 00:00:00,1,0,2024-07-02 18:25:13,0,2024-07-02 18:25:13,,,
2018-12,全国房地产新开工施工面积,209341.79,17.20,179,2018-12-31 00:00:00,1,0,2024-07-02 18:25:13,0,2024-07-02 18:25:13,,,
2018-12,全国房地产竣工面积,93550.11,-7.80,180,2018-12-31 00:00:00,1,0,2024-07-02 18:25:13,0,2024-07-02 18:25:13,,,
2018-11,全国房地产施工面积,804886.01,4.70,181,2018-11-30 00:00:00,1,0,2024-07-02 18:25:17,0,2024-07-02 18:25:17,,,
2018-11,全国房地产新开工施工面积,188894.53,16.80,182,2018-11-30 00:00:00,1,0,2024-07-02 18:25:17,0,2024-07-02 18:25:17,,,
2018-11,全国房地产竣工面积,66855.74,-12.30,183,2018-11-30 00:00:00,1,0,2024-07-02 18:25:17,0,2024-07-02 18:25:17,,,
2018-10,全国房地产施工面积,784424.65,4.30,184,2018-10-31 00:00:00,1,0,2024-07-02 18:25:17,0,2024-07-02 18:25:17,,,
2018-10,全国房地产新开工施工面积,168754.05,16.30,185,2018-10-31 00:00:00,1,0,2024-07-02 18:25:17,0,2024-07-02 18:25:17,,,
2018-10,全国房地产竣工面积,57391.81,-12.50,186,2018-10-31 00:00:00,1,0,2024-07-02 18:25:17,0,2024-07-02 18:25:17,,,
2018-09,全国房地产施工面积,767217.95,3.90,187,2018-09-30 00:00:00,1,0,2024-07-02 18:25:17,0,2024-07-02 18:25:17,,,
2018-09,全国房地产新开工施工面积,152582.72,16.40,188,2018-09-30 00:00:00,1,0,2024-07-02 18:25:17,0,2024-07-02 18:25:17,,,
2018-09,全国房地产竣工面积,51132.10,-11.40,189,2018-09-30 00:00:00,1,0,2024-07-02 18:25:17,0,2024-07-02 18:25:17,,,
2018-08,全国房地产施工面积,747658.48,3.60,190,2018-08-31 00:00:00,1,0,2024-07-02 18:25:17,0,2024-07-02 18:25:17,,,
2018-08,全国房地产新开工施工面积,133293.15,15.90,191,2018-08-31 00:00:00,1,0,2024-07-02 18:25:17,0,2024-07-02 18:25:17,,,
2018-08,全国房地产竣工面积,46229.94,-11.60,192,2018-08-31 00:00:00,1,0,2024-07-02 18:25:17,0,2024-07-02 18:25:17,,,
2018-07,全国房地产施工面积,728593.33,3.00,193,2018-07-31 00:00:00,1,0,2024-07-02 18:25:17,0,2024-07-02 18:25:17,,,
2018-07,全国房地产新开工施工面积,114780.62,14.40,194,2018-07-31 00:00:00,1,0,2024-07-02 18:25:17,0,2024-07-02 18:25:17,,,
2018-07,全国房地产竣工面积,42066.68,-10.50,195,2018-07-31 00:00:00,1,0,2024-07-02 18:25:17,0,2024-07-02 18:25:17,,,
2018-06,全国房地产施工面积,709649.42,2.50,196,2018-06-30 00:00:00,1,0,2024-07-02 18:25:17,0,2024-07-02 18:25:17,,,
2018-06,全国房地产新开工施工面积,95816.60,11.80,197,2018-06-30 00:00:00,1,0,2024-07-02 18:25:17,0,2024-07-02 18:25:17,,,
2018-06,全国房地产竣工面积,37130.85,-10.60,198,2018-06-30 00:00:00,1,0,2024-07-02 18:25:17,0,2024-07-02 18:25:17,,,
2018-05,全国房地产施工面积,684991.12,2.00,199,2018-05-31 00:00:00,1,0,2024-07-02 18:25:17,0,2024-07-02 18:25:17,,,
2018-05,全国房地产新开工施工面积,72190.34,10.80,200,2018-05-31 00:00:00,1,0,2024-07-02 18:25:17,0,2024-07-02 18:25:17,,,
2018-05,全国房地产竣工面积,30483.78,-10.10,201,2018-05-31 00:00:00,1,0,2024-07-02 18:25:17,0,2024-07-02 18:25:17,,,
2018-04,全国房地产施工面积,664409.82,1.60,202,2018-04-30 00:00:00,1,0,2024-07-02 18:25:17,0,2024-07-02 18:25:17,,,
2018-04,全国房地产新开工施工面积,51779.03,7.30,203,2018-04-30 00:00:00,1,0,2024-07-02 18:25:17,0,2024-07-02 18:25:17,,,
2018-04,全国房地产竣工面积,25150.73,-10.70,204,2018-04-30 00:00:00,1,0,2024-07-02 18:25:17,0,2024-07-02 18:25:17,,,
2018-03,全国房地产施工面积,646555.53,1.50,205,2018-03-31 00:00:00,1,0,2024-07-02 18:25:17,0,2024-07-02 18:25:17,,,
2018-03,全国房地产新开工施工面积,34614.96,9.70,206,2018-03-31 00:00:00,1,0,2024-07-02 18:25:17,0,2024-07-02 18:25:17,,,
2018-03,全国房地产竣工面积,20708.94,-10.10,207,2018-03-31 00:00:00,1,0,2024-07-02 18:25:17,0,2024-07-02 18:25:17,,,
2018-02,全国房地产竣工面积,14184.37,-12.10,208,2018-02-28 00:00:00,1,0,2024-07-02 18:25:17,0,2024-07-02 18:25:17,,,
2018-02,全国房地产新开工施工面积,17746.29,2.90,209,2018-02-28 00:00:00,1,0,2024-07-02 18:25:17,0,2024-07-02 18:25:17,,,
2018-02,全国房地产施工面积,632001.56,1.50,210,2018-02-28 00:00:00,1,0,2024-07-02 18:25:17,0,2024-07-02 18:25:17,,,
2017-12,全国房地产施工面积,781483.73,3.00,211,2017-12-31 00:00:00,1,0,2024-07-02 18:25:23,0,2024-07-02 18:25:23,,,
2017-12,全国房地产新开工施工面积,178653.77,7.00,212,2017-12-31 00:00:00,1,0,2024-07-02 18:25:23,0,2024-07-02 18:25:23,,,
2017-12,全国房地产竣工面积,101486.41,-4.40,213,2017-12-31 00:00:00,1,0,2024-07-02 18:25:23,0,2024-07-02 18:25:23,,,
2017-11,全国房地产新开工施工面积,161678.65,6.90,214,2017-11-30 00:00:00,1,0,2024-07-02 18:25:23,0,2024-07-02 18:25:23,,,
2017-11,全国房地产竣工面积,76245.01,-1.00,215,2017-11-30 00:00:00,1,0,2024-07-02 18:25:23,0,2024-07-02 18:25:23,,,
2017-11,全国房地产施工面积,768442.69,3.10,216,2017-11-30 00:00:00,1,0,2024-07-02 18:25:23,0,2024-07-02 18:25:23,,,
2017-10,全国房地产新开工施工面积,145127.07,5.60,217,2017-10-31 00:00:00,1,0,2024-07-02 18:25:23,0,2024-07-02 18:25:23,,,
2017-10,全国房地产施工面积,752333.69,2.90,218,2017-10-31 00:00:00,1,0,2024-07-02 18:25:23,0,2024-07-02 18:25:23,,,
2017-10,全国房地产竣工面积,65612.28,0.60,219,2017-10-31 00:00:00,1,0,2024-07-02 18:25:23,0,2024-07-02 18:25:23,,,
2017-09,全国房地产施工面积,738064.53,3.10,220,2017-09-30 00:00:00,1,0,2024-07-02 18:25:23,0,2024-07-02 18:25:23,,,
2017-09,全国房地产新开工施工面积,131032.74,6.80,221,2017-09-30 00:00:00,1,0,2024-07-02 18:25:23,0,2024-07-02 18:25:23,,,
2017-09,全国房地产竣工面积,57693.83,1.00,222,2017-09-30 00:00:00,1,0,2024-07-02 18:25:23,0,2024-07-02 18:25:23,,,
2017-08,全国房地产施工面积,721780.60,3.10,223,2017-08-31 00:00:00,1,0,2024-07-02 18:25:23,0,2024-07-02 18:25:23,,,
2017-08,全国房地产新开工施工面积,114996.20,7.60,224,2017-08-31 00:00:00,1,0,2024-07-02 18:25:23,0,2024-07-02 18:25:23,,,
2017-08,全国房地产竣工面积,52296.30,3.40,225,2017-08-31 00:00:00,1,0,2024-07-02 18:25:23,0,2024-07-02 18:25:23,,,
2017-07,全国房地产施工面积,707312.81,3.20,226,2017-07-31 00:00:00,1,0,2024-07-02 18:25:23,0,2024-07-02 18:25:23,,,
2017-07,全国房地产新开工施工面积,100370.80,8.00,227,2017-07-31 00:00:00,1,0,2024-07-02 18:25:23,0,2024-07-02 18:25:23,,,
2017-07,全国房地产竣工面积,47020.60,2.40,228,2017-07-31 00:00:00,1,0,2024-07-02 18:25:23,0,2024-07-02 18:25:23,,,
2017-06,全国房地产施工面积,692325.94,3.40,229,2017-06-30 00:00:00,1,0,2024-07-02 18:25:23,0,2024-07-02 18:25:23,,,
2017-06,全国房地产新开工施工面积,85719.61,10.60,230,2017-06-30 00:00:00,1,0,2024-07-02 18:25:23,0,2024-07-02 18:25:23,,,
2017-06,全国房地产竣工面积,41524.01,5.00,231,2017-06-30 00:00:00,1,0,2024-07-02 18:25:23,0,2024-07-02 18:25:23,,,
2017-05,全国房地产施工面积,671438.23,3.10,232,2017-05-31 00:00:00,1,0,2024-07-02 18:25:23,0,2024-07-02 18:25:23,,,
2017-05,全国房地产新开工施工面积,65178.73,9.50,233,2017-05-31 00:00:00,1,0,2024-07-02 18:25:23,0,2024-07-02 18:25:23,,,
2017-05,全国房地产竣工面积,33911.06,5.90,234,2017-05-31 00:00:00,1,0,2024-07-02 18:25:23,0,2024-07-02 18:25:23,,,
2017-04,全国房地产施工面积,654053.57,3.10,235,2017-04-30 00:00:00,1,0,2024-07-02 18:25:23,0,2024-07-02 18:25:23,,,
2017-04,全国房地产新开工施工面积,48239.92,11.10,236,2017-04-30 00:00:00,1,0,2024-07-02 18:25:23,0,2024-07-02 18:25:23,,,
2017-04,全国房地产竣工面积,28173.58,10.60,237,2017-04-30 00:00:00,1,0,2024-07-02 18:25:23,0,2024-07-02 18:25:23,,,
2017-03,全国房地产施工面积,636977.01,3.10,238,2017-03-31 00:00:00,1,0,2024-07-02 18:25:23,0,2024-07-02 18:25:23,,,
2017-03,全国房地产新开工施工面积,31559.70,11.60,239,2017-03-31 00:00:00,1,0,2024-07-02 18:25:23,0,2024-07-02 18:25:23,,,
2017-03,全国房地产竣工面积,23030.73,15.10,240,2017-03-31 00:00:00,1,0,2024-07-02 18:25:23,0,2024-07-02 18:25:23,,,
2017-02,全国房地产施工面积,622950.29,3.20,241,2017-02-28 00:00:00,1,0,2024-07-02 18:25:27,0,2024-07-02 18:25:27,,,
2017-02,全国房地产新开工施工面积,17238.39,10.40,242,2017-02-28 00:00:00,1,0,2024-07-02 18:25:27,0,2024-07-02 18:25:27,,,
2017-02,全国房地产竣工面积,16140.77,15.80,243,2017-02-28 00:00:00,1,0,2024-07-02 18:25:27,0,2024-07-02 18:25:27,,,
2024-06,全国房地产施工面积,696817.85,-12.00,796,2024-06-30 00:00:00,1,0,2024-07-19 18:00:30,0,2024-07-19 18:00:30,,,
2024-06,全国房地产新开工施工面积,38022.53,-23.70,797,2024-06-30 00:00:00,1,0,2024-07-19 18:00:30,0,2024-07-19 18:00:30,,,
2024-06,全国房地产竣工面积,26518.89,-21.80,798,2024-06-30 00:00:00,1,0,2024-07-19 18:00:30,0,2024-07-19 18:00:30,,,
2024-07,全国房地产施工面积,703285.74,-12.10,799,2024-07-31 00:00:00,1,0,2024-08-20 18:00:39,0,2024-08-20 18:00:39,,,
2024-07,全国房地产新开工施工面积,43732.89,-23.20,800,2024-07-31 00:00:00,1,0,2024-08-20 18:00:39,0,2024-08-20 18:00:39,,,
2024-07,全国房地产竣工面积,30016.52,-21.80,801,2024-07-31 00:00:00,1,0,2024-08-20 18:00:39,0,2024-08-20 18:00:39,,,
2024-08,全国房地产施工面积,709420.50,-12.00,802,2024-08-31 00:00:00,1,0,2024-09-19 18:00:27,0,2024-09-19 18:00:27,,,
2024-08,全国房地产新开工施工面积,49464.89,-22.50,803,2024-08-31 00:00:00,1,0,2024-09-19 18:00:27,0,2024-09-19 18:00:27,,,
2024-08,全国房地产竣工面积,33393.56,-23.60,804,2024-08-31 00:00:00,1,0,2024-09-19 18:00:27,0,2024-09-19 18:00:27,,,
2024-09,全国房地产施工面积,715967.59,-12.20,805,2024-09-30 00:00:00,1,0,2024-10-22 18:00:50,0,2024-10-22 18:00:50,,,
2024-09,全国房地产新开工施工面积,56050.75,-22.20,806,2024-09-30 00:00:00,1,0,2024-10-22 18:00:50,0,2024-10-22 18:00:50,,,
2024-09,全国房地产竣工面积,36815.56,-24.40,807,2024-09-30 00:00:00,1,0,2024-10-22 18:00:50,0,2024-10-22 18:00:50,,,
2024-10,全国房地产施工面积,720659.80,-12.40,808,2024-10-31 00:00:00,1,0,2024-11-18 18:00:14,0,2024-11-18 18:00:14,,,
2024-10,全国房地产新开工施工面积,61226.93,-22.60,809,2024-10-31 00:00:00,1,0,2024-11-18 18:00:14,0,2024-11-18 18:00:14,,,
2024-10,全国房地产竣工面积,41995.15,-23.90,810,2024-10-31 00:00:00,1,0,2024-11-18 18:00:14,0,2024-11-18 18:00:14,,,
2024-11,全国房地产施工面积,726013.91,-12.70,811,2024-11-30 00:00:00,1,0,2024-12-20 18:00:34,0,2024-12-20 18:00:34,,,
2024-11,全国房地产新开工施工面积,67308.44,-23.00,812,2024-11-30 00:00:00,1,0,2024-12-20 18:00:34,0,2024-12-20 18:00:34,,,
2024-11,全国房地产竣工面积,48151.71,-26.20,813,2024-11-30 00:00:00,1,0,2024-12-20 18:00:34,0,2024-12-20 18:00:34,,,
2024-12,全国房地产施工面积,733247.36,-12.70,814,2024-12-31 00:00:00,1,0,2025-01-21 18:00:48,0,2025-01-21 18:00:48,,,
2024-12,全国房地产新开工施工面积,73892.84,-23.00,815,2024-12-31 00:00:00,1,0,2025-01-21 18:00:48,0,2025-01-21 18:00:48,,,
2024-12,全国房地产竣工面积,73743.21,-27.70,816,2024-12-31 00:00:00,1,0,2025-01-21 18:00:48,0,2025-01-21 18:00:48,,,
2025-02,全国房地产施工面积,605972.35,-9.10,817,2025-02-28 00:00:00,1,0,2025-03-20 18:00:42,0,2025-03-20 18:00:42,,,
2025-02,全国房地产新开工施工面积,6613.94,-29.60,818,2025-02-28 00:00:00,1,0,2025-03-20 18:00:42,0,2025-03-20 18:00:42,,,
2025-02,全国房地产竣工面积,8764.21,-15.60,819,2025-02-28 00:00:00,1,0,2025-03-20 18:00:42,0,2025-03-20 18:00:42,,,
2025-03,全国房地产施工面积,613705.44,-9.50,820,2025-03-31 00:00:00,1,0,2025-04-18 18:00:50,0,2025-04-18 18:00:50,,,
2025-03,全国房地产新开工施工面积,12996.46,-24.40,821,2025-03-31 00:00:00,1,0,2025-04-18 18:00:50,0,2025-04-18 18:00:50,,,
2025-03,全国房地产竣工面积,13060.27,-14.30,822,2025-03-31 00:00:00,1,0,2025-04-18 18:00:50,0,2025-04-18 18:00:50,,,
2025-04,全国房地产施工面积,620315.05,-9.70,823,2025-04-30 00:00:00,1,0,2025-05-21 18:00:33,0,2025-05-21 18:00:33,,,
2025-04,全国房地产新开工施工面积,17835.84,-23.80,824,2025-04-30 00:00:00,1,0,2025-05-21 18:00:33,0,2025-05-21 18:00:33,,,
2025-04,全国房地产竣工面积,15647.85,-16.90,825,2025-04-30 00:00:00,1,0,2025-05-21 18:00:33,0,2025-05-21 18:00:33,,,
2025-05,全国房地产施工面积,625019.54,-9.20,826,2025-05-31 00:00:00,1,0,2025-06-19 19:00:22,0,2025-06-19 19:00:22,,,
2025-05,全国房地产新开工施工面积,23183.61,-22.80,827,2025-05-31 00:00:00,1,0,2025-06-19 19:00:22,0,2025-06-19 19:00:22,,,
2025-05,全国房地产竣工面积,18385.14,-17.30,828,2025-05-31 00:00:00,1,0,2025-06-19 19:00:22,0,2025-06-19 19:00:22,,,
2025-06,全国房地产施工面积,633321.43,-9.10,829,2025-06-30 00:00:00,1,0,2025-07-18 19:00:08,0,2025-07-18 19:00:08,,,
2025-06,全国房地产新开工施工面积,30364.32,-20.00,830,2025-06-30 00:00:00,1,0,2025-07-18 19:00:08,0,2025-07-18 19:00:08,,,
2025-06,全国房地产竣工面积,22566.61,-14.80,831,2025-06-30 00:00:00,1,0,2025-07-18 19:00:08,0,2025-07-18 19:00:08,,,
2025-07,全国房地产施工面积,638731.27,-9.20,832,2025-07-31 00:00:00,1,0,2025-08-19 19:00:19,0,2025-08-19 19:00:19,,,
2025-07,全国房地产新开工施工面积,35206.14,-19.40,833,2025-07-31 00:00:00,1,0,2025-08-19 19:00:19,0,2025-08-19 19:00:19,,,
2025-07,全国房地产竣工面积,25034.41,-16.50,834,2025-07-31 00:00:00,1,0,2025-08-19 19:00:19,0,2025-08-19 19:00:19,,,
