时间,项目名称,当季值(亿元),累计值(亿元),_ID,_DATA_TIME,_ACTIVE,_CREATE_ID,_CREATE_TIME,_UPDATE_ID,_UPDATE_TIME,_REMARK,_CHANGE_LOG,_RESERVE
2023-12,第三产业增加值,180762.20,688238.40,1,2023-12-31 00:00:00,1,0,2024-07-02 19:27:48,0,2024-07-02 19:27:48,,,
2023-12,国内生产总值,347890.10,1260582.10,2,2023-12-31 00:00:00,1,0,2024-07-02 19:27:48,0,2024-07-02 19:27:48,,,
2023-12,第一产业增加值,33425.00,89755.20,3,2023-12-31 00:00:00,1,0,2024-07-02 19:27:48,0,2024-07-02 19:27:48,,,
2023-12,第二产业增加值,133702.90,482588.50,4,2023-12-31 00:00:00,1,0,2024-07-02 19:27:48,0,2024-07-02 19:27:48,,,
2023-09,国内生产总值,319992.30,913026.50,5,2023-09-30 00:00:00,1,0,2024-07-02 19:27:48,0,2024-07-02 19:27:48,,,
2023-09,第二产业增加值,122978.00,353659.50,6,2023-09-30 00:00:00,1,0,2024-07-02 19:27:48,0,2024-07-02 19:27:48,,,
2023-09,第三产业增加值,171056.10,502992.60,7,2023-09-30 00:00:00,1,0,2024-07-02 19:27:48,0,2024-07-02 19:27:48,,,
2023-09,第一产业增加值,25958.30,56374.50,8,2023-09-30 00:00:00,1,0,2024-07-02 19:27:48,0,2024-07-02 19:27:48,,,
2023-06,第二产业增加值,122735.00,230682.00,9,2023-06-30 00:00:00,1,0,2024-07-02 19:27:48,0,2024-07-02 19:27:48,,,
2023-06,第三产业增加值,166462.00,331937.00,10,2023-06-30 00:00:00,1,0,2024-07-02 19:27:48,0,2024-07-02 19:27:48,,,
2023-06,第一产业增加值,18841.00,30416.00,11,2023-06-30 00:00:00,1,0,2024-07-02 19:27:48,0,2024-07-02 19:27:48,,,
2023-06,国内生产总值,308038.00,593034.00,12,2023-06-30 00:00:00,1,0,2024-07-02 19:27:48,0,2024-07-02 19:27:48,,,
2023-03,第二产业增加值,107946.70,107946.70,13,2023-03-31 00:00:00,1,0,2024-07-02 19:27:48,0,2024-07-02 19:27:48,,,
2023-03,国内生产总值,284996.60,284996.60,14,2023-03-31 00:00:00,1,0,2024-07-02 19:27:48,0,2024-07-02 19:27:48,,,
2023-03,第三产业增加值,165474.90,165474.90,15,2023-03-31 00:00:00,1,0,2024-07-02 19:27:48,0,2024-07-02 19:27:48,,,
2023-03,第一产业增加值,11575.00,11575.00,16,2023-03-31 00:00:00,1,0,2024-07-02 19:27:48,0,2024-07-02 19:27:48,,,
2022-12,第一产业增加值,33496.60,88345.10,17,2022-12-31 00:00:00,1,0,2024-07-02 19:27:48,0,2024-07-02 19:27:48,,,
2022-12,国内生产总值,335507.90,1210207.20,18,2022-12-31 00:00:00,1,0,2024-07-02 19:27:48,0,2024-07-02 19:27:48,,,
2022-12,第三产业增加值,169410.70,638697.60,19,2022-12-31 00:00:00,1,0,2024-07-02 19:27:48,0,2024-07-02 19:27:48,,,
2022-12,第二产业增加值,132600.60,483164.50,20,2022-12-31 00:00:00,1,0,2024-07-02 19:27:48,0,2024-07-02 19:27:48,,,
2022-09,第二产业增加值,121553.10,350189.50,21,2022-09-30 00:00:00,1,0,2024-07-02 19:27:48,0,2024-07-02 19:27:48,,,
2022-09,第三产业增加值,160432.40,465300.40,22,2022-09-30 00:00:00,1,0,2024-07-02 19:27:48,0,2024-07-02 19:27:48,,,
2022-09,第一产业增加值,25641.90,54779.10,23,2022-09-30 00:00:00,1,0,2024-07-02 19:27:48,0,2024-07-02 19:27:48,,,
2022-09,国内生产总值,307627.40,870269.00,24,2022-09-30 00:00:00,1,0,2024-07-02 19:27:48,0,2024-07-02 19:27:48,,,
2022-06,第一产业增加值,18183.40,29137.20,25,2022-06-30 00:00:00,1,0,2024-07-02 19:27:48,0,2024-07-02 19:27:48,,,
2022-06,国内生产总值,292463.80,562641.60,26,2022-06-30 00:00:00,1,0,2024-07-02 19:27:48,0,2024-07-02 19:27:48,,,
2022-06,第二产业增加值,122449.80,228636.40,27,2022-06-30 00:00:00,1,0,2024-07-02 19:27:48,0,2024-07-02 19:27:48,,,
2022-06,第三产业增加值,151830.60,304868.00,28,2022-06-30 00:00:00,1,0,2024-07-02 19:27:48,0,2024-07-02 19:27:48,,,
2022-03,国内生产总值,270177.80,270177.80,29,2022-03-31 00:00:00,1,0,2024-07-02 19:27:48,0,2024-07-02 19:27:48,,,
2022-03,第二产业增加值,106186.60,106186.60,30,2022-03-31 00:00:00,1,0,2024-07-02 19:27:48,0,2024-07-02 19:27:48,,,
2022-03,国内生产总值,270177.80,270177.80,31,2022-03-31 00:00:00,1,0,2024-07-02 19:27:54,0,2024-07-02 19:27:54,,,
2022-03,第一产业增加值,10953.80,10953.80,32,2022-03-31 00:00:00,1,0,2024-07-02 19:27:54,0,2024-07-02 19:27:54,,,
2021-12,第三产业增加值,162115.40,609679.70,33,2021-12-31 00:00:00,1,0,2024-07-02 19:27:54,0,2024-07-02 19:27:54,,,
2021-12,第一产业增加值,31472.20,83085.50,34,2021-12-31 00:00:00,1,0,2024-07-02 19:27:54,0,2024-07-02 19:27:54,,,
2021-12,第二产业增加值,130649.80,450904.50,35,2021-12-31 00:00:00,1,0,2024-07-02 19:27:54,0,2024-07-02 19:27:54,,,
2021-12,国内生产总值,324237.40,1143669.70,36,2021-12-31 00:00:00,1,0,2024-07-02 19:27:54,0,2024-07-02 19:27:54,,,
2021-09,国内生产总值,290963.80,823131.30,37,2021-09-30 00:00:00,1,0,2024-07-02 19:27:54,0,2024-07-02 19:27:54,,,
2021-09,第三产业增加值,154150.40,450761.40,38,2021-09-30 00:00:00,1,0,2024-07-02 19:27:54,0,2024-07-02 19:27:54,,,
2021-09,第一产业增加值,23027.80,51430.10,39,2021-09-30 00:00:00,1,0,2024-07-02 19:27:54,0,2024-07-02 19:27:54,,,
2021-09,第二产业增加值,113785.60,320939.70,40,2021-09-30 00:00:00,1,0,2024-07-02 19:27:54,0,2024-07-02 19:27:54,,,
2021-06,国内生产总值,282857.00,532167.00,41,2021-06-30 00:00:00,1,0,2024-07-02 19:27:54,0,2024-07-02 19:27:54,,,
2021-06,第一产业增加值,17070.00,28402.00,42,2021-06-30 00:00:00,1,0,2024-07-02 19:27:54,0,2024-07-02 19:27:54,,,
2021-06,第三产业增加值,151257.00,296611.00,43,2021-06-30 00:00:00,1,0,2024-07-02 19:27:54,0,2024-07-02 19:27:54,,,
2021-06,第二产业增加值,114531.00,207154.00,44,2021-06-30 00:00:00,1,0,2024-07-02 19:27:54,0,2024-07-02 19:27:54,,,
2021-03,第一产业增加值,11373.80,11373.80,45,2021-03-31 00:00:00,1,0,2024-07-02 19:27:54,0,2024-07-02 19:27:54,,,
2021-03,国内生产总值,247985.00,247985.00,46,2021-03-31 00:00:00,1,0,2024-07-02 19:27:54,0,2024-07-02 19:27:54,,,
2021-03,第二产业增加值,92432.20,92432.20,47,2021-03-31 00:00:00,1,0,2024-07-02 19:27:54,0,2024-07-02 19:27:54,,,
2021-03,第三产业增加值,144179.00,144179.00,48,2021-03-31 00:00:00,1,0,2024-07-02 19:27:54,0,2024-07-02 19:27:54,,,
2020-12,国内生产总值,296297.80,1015986.20,49,2020-12-31 00:00:00,1,0,2024-07-02 19:27:54,0,2024-07-02 19:27:54,,,
2020-12,第二产业增加值,113939.90,384255.30,50,2020-12-31 00:00:00,1,0,2024-07-02 19:27:54,0,2024-07-02 19:27:54,,,
2020-12,第三产业增加值,152727.60,553976.80,51,2020-12-31 00:00:00,1,0,2024-07-02 19:27:54,0,2024-07-02 19:27:54,,,
2020-12,第一产业增加值,29630.20,77754.10,52,2020-12-31 00:00:00,1,0,2024-07-02 19:27:54,0,2024-07-02 19:27:54,,,
2020-09,第二产业增加值,100082.60,270315.40,53,2020-09-30 00:00:00,1,0,2024-07-02 19:27:54,0,2024-07-02 19:27:54,,,
2020-09,国内生产总值,264976.30,719688.40,54,2020-09-30 00:00:00,1,0,2024-07-02 19:27:54,0,2024-07-02 19:27:54,,,
2020-09,第一产业增加值,22072.00,48123.90,55,2020-09-30 00:00:00,1,0,2024-07-02 19:27:54,0,2024-07-02 19:27:54,,,
2020-09,第三产业增加值,142821.70,401249.10,56,2020-09-30 00:00:00,1,0,2024-07-02 19:27:54,0,2024-07-02 19:27:54,,,
2020-06,国内生产总值,248985.10,454712.10,57,2020-06-30 00:00:00,1,0,2024-07-02 19:27:54,0,2024-07-02 19:27:54,,,
2020-06,第二产业增加值,97699.40,170232.80,58,2020-06-30 00:00:00,1,0,2024-07-02 19:27:54,0,2024-07-02 19:27:54,,,
2020-06,第三产业增加值,135418.90,258427.40,59,2020-06-30 00:00:00,1,0,2024-07-02 19:27:54,0,2024-07-02 19:27:54,,,
2020-06,第一产业增加值,15866.80,26051.90,60,2020-06-30 00:00:00,1,0,2024-07-02 19:27:54,0,2024-07-02 19:27:54,,,
2020-03,国内生产总值,206504.00,206504.00,61,2020-03-31 00:00:00,1,0,2024-07-02 19:27:59,0,2024-07-02 19:27:59,,,
2020-03,第二产业增加值,73638.00,73638.00,62,2020-03-31 00:00:00,1,0,2024-07-02 19:27:59,0,2024-07-02 19:27:59,,,
2020-03,第一产业增加值,10186.00,10186.00,63,2020-03-31 00:00:00,1,0,2024-07-02 19:27:59,0,2024-07-02 19:27:59,,,
2020-03,第三产业增加值,122680.00,122680.00,64,2020-03-31 00:00:00,1,0,2024-07-02 19:27:59,0,2024-07-02 19:27:59,,,
2019-12,第三产业增加值,141305.20,534233.10,65,2019-12-31 00:00:00,1,0,2024-07-02 19:27:59,0,2024-07-02 19:27:59,,,
2019-12,第二产业增加值,109252.80,386165.30,66,2019-12-31 00:00:00,1,0,2024-07-02 19:27:59,0,2024-07-02 19:27:59,,,
2019-12,第一产业增加值,27461.60,70466.70,67,2019-12-31 00:00:00,1,0,2024-07-02 19:27:59,0,2024-07-02 19:27:59,,,
2019-12,国内生产总值,278019.70,990865.10,68,2019-12-31 00:00:00,1,0,2024-07-02 19:27:59,0,2024-07-02 19:27:59,,,
2019-09,第一产业增加值,19798.00,43005.00,69,2019-09-30 00:00:00,1,0,2024-07-02 19:27:59,0,2024-07-02 19:27:59,,,
2019-09,第三产业增加值,129182.10,376924.80,70,2019-09-30 00:00:00,1,0,2024-07-02 19:27:59,0,2024-07-02 19:27:59,,,
2019-09,国内生产总值,246865.10,697798.30,71,2019-09-30 00:00:00,1,0,2024-07-02 19:27:59,0,2024-07-02 19:27:59,,,
2019-09,第二产业增加值,97885.00,277868.50,72,2019-09-30 00:00:00,1,0,2024-07-02 19:27:59,0,2024-07-02 19:27:59,,,
2019-06,第三产业增加值,125425.70,247742.60,73,2019-06-30 00:00:00,1,0,2024-07-02 19:27:59,0,2024-07-02 19:27:59,,,
2019-06,第二产业增加值,97637.00,179983.50,74,2019-06-30 00:00:00,1,0,2024-07-02 19:27:59,0,2024-07-02 19:27:59,,,
2019-06,国内生产总值,237500.30,450933.20,75,2019-06-30 00:00:00,1,0,2024-07-02 19:27:59,0,2024-07-02 19:27:59,,,
2019-06,第一产业增加值,14437.60,23207.00,76,2019-06-30 00:00:00,1,0,2024-07-02 19:27:59,0,2024-07-02 19:27:59,,,
2019-03,国内生产总值,213433.00,213433.00,77,2019-03-31 00:00:00,1,0,2024-07-02 19:27:59,0,2024-07-02 19:27:59,,,
2019-03,第三产业增加值,122317.00,122317.00,78,2019-03-31 00:00:00,1,0,2024-07-02 19:27:59,0,2024-07-02 19:27:59,,,
2019-03,第二产业增加值,82346.00,82346.00,79,2019-03-31 00:00:00,1,0,2024-07-02 19:27:59,0,2024-07-02 19:27:59,,,
2019-03,第一产业增加值,8769.00,8769.00,80,2019-03-31 00:00:00,1,0,2024-07-02 19:27:59,0,2024-07-02 19:27:59,,,
2018-12,第三产业增加值,124486.00,469575.00,81,2018-12-31 00:00:00,1,0,2024-07-02 19:27:59,0,2024-07-02 19:27:59,,,
2018-12,第二产业增加值,104178.00,366001.00,82,2018-12-31 00:00:00,1,0,2024-07-02 19:27:59,0,2024-07-02 19:27:59,,,
2018-12,国内生产总值,253599.00,900309.00,83,2018-12-31 00:00:00,1,0,2024-07-02 19:27:59,0,2024-07-02 19:27:59,,,
2018-12,第一产业增加值,24934.00,64734.00,84,2018-12-31 00:00:00,1,0,2024-07-02 19:27:59,0,2024-07-02 19:27:59,,,
2018-09,第三产业增加值,118198.00,345773.00,85,2018-09-30 00:00:00,1,0,2024-07-02 19:27:59,0,2024-07-02 19:27:59,,,
2018-09,第一产业增加值,20086.00,42173.00,86,2018-09-30 00:00:00,1,0,2024-07-02 19:27:59,0,2024-07-02 19:27:59,,,
2018-09,第二产业增加值,93655.00,262953.00,87,2018-09-30 00:00:00,1,0,2024-07-02 19:27:59,0,2024-07-02 19:27:59,,,
2018-09,国内生产总值,231938.00,650899.00,88,2018-09-30 00:00:00,1,0,2024-07-02 19:27:59,0,2024-07-02 19:27:59,,,
2018-06,国内生产总值,220178.00,418961.10,89,2018-06-30 00:00:00,1,0,2024-07-02 19:27:59,0,2024-07-02 19:27:59,,,
2018-06,第二产业增加值,91847.20,169298.50,90,2018-06-30 00:00:00,1,0,2024-07-02 19:27:59,0,2024-07-02 19:27:59,,,
2018-06,第一产业增加值,13183.00,22087.00,91,2018-06-30 00:00:00,1,0,2024-07-02 19:28:05,0,2024-07-02 19:28:05,,,
2018-06,第二产业增加值,91847.20,169298.50,92,2018-06-30 00:00:00,1,0,2024-07-02 19:28:05,0,2024-07-02 19:28:05,,,
2018-03,第三产业增加值,112427.80,112427.80,93,2018-03-31 00:00:00,1,0,2024-07-02 19:28:05,0,2024-07-02 19:28:05,,,
2018-03,国内生产总值,198783.10,198783.10,94,2018-03-31 00:00:00,1,0,2024-07-02 19:28:05,0,2024-07-02 19:28:05,,,
2018-03,第二产业增加值,77451.30,77451.30,95,2018-03-31 00:00:00,1,0,2024-07-02 19:28:05,0,2024-07-02 19:28:05,,,
2018-03,第一产业增加值,8904.00,8904.00,96,2018-03-31 00:00:00,1,0,2024-07-02 19:28:05,0,2024-07-02 19:28:05,,,
2017-12,国内生产总值,234582.00,827122.00,97,2017-12-31 00:00:00,1,0,2024-07-02 19:28:05,0,2024-07-02 19:28:05,,,
2017-12,第三产业增加值,114167.00,427032.00,98,2017-12-31 00:00:00,1,0,2024-07-02 19:28:05,0,2024-07-02 19:28:05,,,
2017-12,第二产业增加值,96177.00,334623.00,99,2017-12-31 00:00:00,1,0,2024-07-02 19:28:05,0,2024-07-02 19:28:05,,,
2017-12,第一产业增加值,24239.00,65468.00,100,2017-12-31 00:00:00,1,0,2024-07-02 19:28:05,0,2024-07-02 19:28:05,,,
2017-09,第三产业增加值,107435.00,313951.00,101,2017-09-30 00:00:00,1,0,2024-07-02 19:28:05,0,2024-07-02 19:28:05,,,
2017-09,国内生产总值,211798.00,593288.00,102,2017-09-30 00:00:00,1,0,2024-07-02 19:28:05,0,2024-07-02 19:28:05,,,
2017-09,第一产业增加值,19242.00,41229.00,103,2017-09-30 00:00:00,1,0,2024-07-02 19:28:05,0,2024-07-02 19:28:05,,,
2017-09,第二产业增加值,85121.00,238109.00,104,2017-09-30 00:00:00,1,0,2024-07-02 19:28:05,0,2024-07-02 19:28:05,,,
2017-06,第一产业增加值,13333.00,21987.00,105,2017-06-30 00:00:00,1,0,2024-07-02 19:28:05,0,2024-07-02 19:28:05,,,
2017-06,第三产业增加值,104491.30,206515.60,106,2017-06-30 00:00:00,1,0,2024-07-02 19:28:05,0,2024-07-02 19:28:05,,,
2017-06,国内生产总值,200807.20,381490.00,107,2017-06-30 00:00:00,1,0,2024-07-02 19:28:05,0,2024-07-02 19:28:05,,,
2017-06,第二产业增加值,82982.90,152987.40,108,2017-06-30 00:00:00,1,0,2024-07-02 19:28:05,0,2024-07-02 19:28:05,,,
2017-03,第二产业增加值,70004.50,70004.50,109,2017-03-31 00:00:00,1,0,2024-07-02 19:28:05,0,2024-07-02 19:28:05,,,
2017-03,国内生产总值,180682.70,180682.70,110,2017-03-31 00:00:00,1,0,2024-07-02 19:28:05,0,2024-07-02 19:28:05,,,
2017-03,第三产业增加值,102024.20,102024.20,111,2017-03-31 00:00:00,1,0,2024-07-02 19:28:05,0,2024-07-02 19:28:05,,,
2017-03,第一产业增加值,8654.00,8654.00,112,2017-03-31 00:00:00,1,0,2024-07-02 19:28:05,0,2024-07-02 19:28:05,,,
2024-06,国内生产总值,320537.00,616836.00,513,2024-06-30 00:00:00,1,0,2024-07-16 18:00:13,0,2024-07-16 18:00:13,,,
2024-06,第一产业增加值,19122.00,30660.00,514,2024-06-30 00:00:00,1,0,2024-07-16 18:00:13,0,2024-07-16 18:00:13,,,
2024-06,第二产业增加值,126684.00,236530.00,515,2024-06-30 00:00:00,1,0,2024-07-16 18:00:13,0,2024-07-16 18:00:13,,,
2024-06,第三产业增加值,174731.00,349646.00,516,2024-06-30 00:00:00,1,0,2024-07-16 18:00:13,0,2024-07-16 18:00:13,,,
2024-09,国内生产总值,332909.80,949745.70,517,2024-09-30 00:00:00,1,0,2024-10-24 18:00:24,0,2024-10-24 18:00:24,,,
2024-09,第一产业增加值,27073.10,57733.10,518,2024-09-30 00:00:00,1,0,2024-10-24 18:00:24,0,2024-10-24 18:00:24,,,
2024-09,第二产业增加值,124831.60,361361.60,519,2024-09-30 00:00:00,1,0,2024-10-24 18:00:24,0,2024-10-24 18:00:24,,,
2024-09,第三产业增加值,181005.00,530651.10,520,2024-09-30 00:00:00,1,0,2024-10-24 18:00:24,0,2024-10-24 18:00:24,,,
2024-12,国内生产总值,373726.20,1349083.50,521,2024-12-31 00:00:00,1,0,2025-01-21 18:02:02,0,2025-01-21 18:02:02,,,
2024-12,第一产业增加值,34050.30,91413.90,522,2024-12-31 00:00:00,1,0,2025-01-21 18:02:02,0,2025-01-21 18:02:02,,,
2024-12,第二产业增加值,135595.10,492087.10,523,2024-12-31 00:00:00,1,0,2025-01-21 18:02:02,0,2025-01-21 18:02:02,,,
2024-12,第三产业增加值,204080.80,765582.50,524,2024-12-31 00:00:00,1,0,2025-01-21 18:02:02,0,2025-01-21 18:02:02,,,
2025-03,国内生产总值,318758.00,318758.00,525,2025-03-31 00:00:00,1,0,2025-04-18 18:01:59,0,2025-04-18 18:01:59,,,
2025-03,第一产业增加值,11712.80,11712.80,526,2025-03-31 00:00:00,1,0,2025-04-18 18:01:59,0,2025-04-18 18:01:59,,,
2025-03,第二产业增加值,111902.90,111902.90,527,2025-03-31 00:00:00,1,0,2025-04-18 18:01:59,0,2025-04-18 18:01:59,,,
2025-03,第三产业增加值,195142.30,195142.30,528,2025-03-31 00:00:00,1,0,2025-04-18 18:01:59,0,2025-04-18 18:01:59,,,
2025-06,国内生产总值,341777.80,660535.80,529,2025-06-30 00:00:00,1,0,2025-07-18 19:00:14,0,2025-07-18 19:00:14,,,
2025-06,第一产业增加值,19459.00,31171.80,530,2025-06-30 00:00:00,1,0,2025-07-18 19:00:14,0,2025-07-18 19:00:14,,,
2025-06,第二产业增加值,127147.30,239050.20,531,2025-06-30 00:00:00,1,0,2025-07-18 19:00:14,0,2025-07-18 19:00:14,,,
2025-06,第三产业增加值,195171.60,390313.80,532,2025-06-30 00:00:00,1,0,2025-07-18 19:00:14,0,2025-07-18 19:00:14,,,
