时间,项目名称,当期值,累计值,累计增长(%),_ID,_DATA_TIME,_ACTIVE,_CREATE_ID,_CREATE_TIME,_UPDATE_ID,_UPDATE_TIME,_REMARK,_CHANGE_LOG,_RESERVE
2024-05,进口数量(万吨),4381.60,20496.90,12.60,1,2024-05-31 00:00:00,1,0,2024-07-02 18:03:16,0,2024-07-02 18:03:16,,,
2024-05,进口金额(千美元),4222500.00,20831700.00,-10.50,2,2024-05-31 00:00:00,1,0,2024-07-02 18:03:16,0,2024-07-02 18:03:16,,,
2024-04,进口数量(万吨),4525.20,16115.40,13.10,3,2024-04-30 00:00:00,1,0,2024-07-02 18:03:16,0,2024-07-02 18:03:16,,,
2024-04,进口金额(千美元),4573800.00,16613400.00,-11.00,4,2024-04-30 00:00:00,1,0,2024-07-02 18:03:16,0,2024-07-02 18:03:16,,,
2024-03,进口数量(万吨),4137.90,11589.70,13.90,5,2024-03-31 00:00:00,1,0,2024-07-02 18:03:16,0,2024-07-02 18:03:16,,,
2024-03,进口金额(千美元),4099300.00,12037400.00,-11.80,6,2024-03-31 00:00:00,1,0,2024-07-02 18:03:16,0,2024-07-02 18:03:16,,,
2024-02,进口数量(万吨),3375.00,7452.00,22.90,7,2024-02-29 00:00:00,1,0,2024-07-02 18:03:16,0,2024-07-02 18:03:16,,,
2024-02,进口金额(千美元),3525192.00,7930300.00,-5.10,8,2024-02-29 00:00:00,1,0,2024-07-02 18:03:16,0,2024-07-02 18:03:16,,,
2024-01,进口数量(万吨),4077.00,4077.00,29.50,9,2024-01-31 00:00:00,1,0,2024-07-02 18:03:16,0,2024-07-02 18:03:16,,,
2024-01,进口金额(千美元),4405107.00,4405107.00,-0.50,10,2024-01-31 00:00:00,1,0,2024-07-02 18:03:16,0,2024-07-02 18:03:16,,,
2023-12,进口数量(万吨),4729.70,47441.60,61.80,11,2023-12-31 00:00:00,1,0,2024-07-02 18:03:16,0,2024-07-02 18:03:16,,,
2023-12,进口金额(千美元),5156900.00,52966400.00,24.10,12,2023-12-31 00:00:00,1,0,2024-07-02 18:03:16,0,2024-07-02 18:03:16,,,
2023-11,进口数量(万吨),4350.60,42713.90,62.80,13,2023-11-30 00:00:00,1,0,2024-07-02 18:03:16,0,2024-07-02 18:03:16,,,
2023-11,进口金额(千美元),4545300.00,47797200.00,24.20,14,2023-11-30 00:00:00,1,0,2024-07-02 18:03:16,0,2024-07-02 18:03:16,,,
2023-10,进口数量(万吨),3599.20,38364.00,66.80,15,2023-10-31 00:00:00,1,0,2024-07-02 18:03:16,0,2024-07-02 18:03:16,,,
2023-10,进口金额(千美元),3553800.00,43238700.00,26.70,16,2023-10-31 00:00:00,1,0,2024-07-02 18:03:16,0,2024-07-02 18:03:16,,,
2023-09,进口数量(万吨),4214.00,34765.20,73.10,17,2023-09-30 00:00:00,1,0,2024-07-02 18:03:16,0,2024-07-02 18:03:16,,,
2023-09,进口金额(千美元),3993284.00,39668842.00,30.50,18,2023-09-30 00:00:00,1,0,2024-07-02 18:03:16,0,2024-07-02 18:03:16,,,
2023-08,进口数量(万吨),4433.30,30551.30,82.00,19,2023-08-31 00:00:00,1,0,2024-07-02 18:03:16,0,2024-07-02 18:03:16,,,
2023-08,进口金额(千美元),4080400.00,35658700.00,35.00,20,2023-08-31 00:00:00,1,0,2024-07-02 18:03:16,0,2024-07-02 18:03:16,,,
2023-07,进口数量(万吨),3926.00,26118.40,88.60,21,2023-07-31 00:00:00,1,0,2024-07-02 18:03:16,0,2024-07-02 18:03:16,,,
2023-07,进口金额(千美元),3867000.00,31563100.00,41.40,22,2023-07-31 00:00:00,1,0,2024-07-02 18:03:16,0,2024-07-02 18:03:16,,,
2023-06,进口数量(万吨),3987.10,22193.00,93.00,23,2023-06-30 00:00:00,1,0,2024-07-02 18:03:16,0,2024-07-02 18:03:16,,,
2023-06,进口金额(千美元),4489700.00,27672400.00,49.20,24,2023-06-30 00:00:00,1,0,2024-07-02 18:03:16,0,2024-07-02 18:03:16,,,
2023-05,进口数量(万吨),3958.40,18205.90,89.60,25,2023-05-31 00:00:00,1,0,2024-07-02 18:03:16,0,2024-07-02 18:03:16,,,
2023-05,进口金额(千美元),4612000.00,23167800.00,49.50,26,2023-05-31 00:00:00,1,0,2024-07-02 18:03:16,0,2024-07-02 18:03:16,,,
2023-04,进口数量(万吨),4067.60,14247.60,88.80,27,2023-04-30 00:00:00,1,0,2024-07-02 18:03:16,0,2024-07-02 18:03:16,,,
2023-04,进口金额(千美元),4991800.00,18551700.00,53.90,28,2023-04-30 00:00:00,1,0,2024-07-02 18:03:16,0,2024-07-02 18:03:16,,,
2023-03,进口数量(万吨),4117.00,10180.00,96.00,29,2023-03-31 00:00:00,1,0,2024-07-02 18:03:16,0,2024-07-02 18:03:16,,,
2023-03,进口金额(千美元),5268600.00,13555300.00,63.00,30,2023-03-31 00:00:00,1,0,2024-07-02 18:03:16,0,2024-07-02 18:03:16,,,
2023-02,进口数量(万吨),2917.00,6064.00,71.00,31,2023-02-28 00:00:00,1,0,2024-07-02 18:03:22,0,2024-07-02 18:03:22,,,
2023-02,进口金额(千美元),3904518.00,8283806.00,39.00,32,2023-02-28 00:00:00,1,0,2024-07-02 18:03:22,0,2024-07-02 18:03:22,,,
2023-01,进口数量(万吨),3148.00,3148.00,29.70,33,2023-01-31 00:00:00,1,0,2024-07-02 18:03:22,0,2024-07-02 18:03:22,,,
2023-01,进口金额(千美元),4379289.00,4379289.00,5.00,34,2023-01-31 00:00:00,1,0,2024-07-02 18:03:22,0,2024-07-02 18:03:22,,,
2022-12,进口数量(万吨),3090.80,29320.40,-9.20,35,2022-12-31 00:00:00,1,0,2024-07-02 18:03:22,0,2024-07-02 18:03:22,,,
2022-12,进口金额(千美元),4180000.00,42615500.00,17.80,36,2022-12-31 00:00:00,1,0,2024-07-02 18:03:22,0,2024-07-02 18:03:22,,,
2022-11,进口数量(万吨),3231.30,26241.10,-10.10,37,2022-11-30 00:00:00,1,0,2024-07-02 18:03:22,0,2024-07-02 18:03:22,,,
2022-11,进口金额(千美元),4341000.00,38435700.00,24.90,38,2022-11-30 00:00:00,1,0,2024-07-02 18:03:22,0,2024-07-02 18:03:22,,,
2022-10,进口数量(万吨),2918.20,23009.80,-10.50,39,2022-10-31 00:00:00,1,0,2024-07-02 18:03:22,0,2024-07-02 18:03:22,,,
2022-10,进口金额(千美元),3708900.00,34065800.00,37.30,40,2022-10-31 00:00:00,1,0,2024-07-02 18:03:22,0,2024-07-02 18:03:22,,,
2022-09,进口数量(万吨),3304.80,20092.40,-12.70,41,2022-09-30 00:00:00,1,0,2024-07-02 18:03:22,0,2024-07-02 18:03:22,,,
2022-09,进口金额(千美元),3970700.00,30343200.00,43.30,42,2022-09-30 00:00:00,1,0,2024-07-02 18:03:22,0,2024-07-02 18:03:22,,,
2022-08,进口数量(万吨),2945.60,16797.80,-14.90,43,2022-08-31 00:00:00,1,0,2024-07-02 18:03:22,0,2024-07-02 18:03:22,,,
2022-08,进口金额(千美元),4110900.00,26331100.00,53.10,44,2022-08-31 00:00:00,1,0,2024-07-02 18:03:22,0,2024-07-02 18:03:22,,,
2022-07,进口数量(万吨),2352.30,13852.20,-18.20,45,2022-07-31 00:00:00,1,0,2024-07-02 18:03:22,0,2024-07-02 18:03:22,,,
2022-07,进口金额(千美元),3783600.00,22208900.00,57.90,46,2022-07-31 00:00:00,1,0,2024-07-02 18:03:22,0,2024-07-02 18:03:22,,,
2022-06,进口数量(万吨),1898.20,11500.10,-17.50,47,2022-06-30 00:00:00,1,0,2024-07-02 18:03:22,0,2024-07-02 18:03:22,,,
2022-06,进口金额(千美元),3042500.00,18378500.00,65.40,48,2022-06-30 00:00:00,1,0,2024-07-02 18:03:22,0,2024-07-02 18:03:22,,,
2022-05,进口数量(万吨),2054.90,9595.50,-13.60,49,2022-05-31 00:00:00,1,0,2024-07-02 18:03:22,0,2024-07-02 18:03:22,,,
2022-05,进口金额(千美元),3399500.00,15312500.00,77.50,50,2022-05-31 00:00:00,1,0,2024-07-02 18:03:22,0,2024-07-02 18:03:22,,,
2022-04,进口数量(万吨),2354.90,7540.60,-16.20,51,2022-04-30 00:00:00,1,0,2024-07-02 18:03:22,0,2024-07-02 18:03:22,,,
2022-04,进口金额(千美元),3702200.00,11895400.00,78.60,52,2022-04-30 00:00:00,1,0,2024-07-02 18:03:22,0,2024-07-02 18:03:22,,,
2022-03,进口数量(万吨),1642.30,5181.20,-24.20,53,2022-03-31 00:00:00,1,0,2024-07-02 18:03:22,0,2024-07-02 18:03:22,,,
2022-03,进口金额(千美元),2315200.00,8179600.00,69.70,54,2022-03-31 00:00:00,1,0,2024-07-02 18:03:22,0,2024-07-02 18:03:22,,,
2022-02,进口数量(万吨),1123.00,3539.00,-14.00,55,2022-02-28 00:00:00,1,0,2024-07-02 18:03:22,0,2024-07-02 18:03:22,,,
2022-02,进口金额(千美元),1723299.00,5860263.00,121.50,56,2022-02-28 00:00:00,1,0,2024-07-02 18:03:22,0,2024-07-02 18:03:22,,,
2022-01,进口数量(万吨),2416.00,2416.00,18.30,57,2022-01-31 00:00:00,1,0,2024-07-02 18:03:22,0,2024-07-02 18:03:22,,,
2022-01,进口金额(千美元),4136965.00,4136965.00,231.10,58,2022-01-31 00:00:00,1,0,2024-07-02 18:03:22,0,2024-07-02 18:03:22,,,
2021-12,进口数量(万吨),3095.00,32322.00,6.60,59,2021-12-31 00:00:00,1,0,2024-07-02 18:03:22,0,2024-07-02 18:03:22,,,
2021-12,进口金额(千美元),5316496.00,35896352.00,76.90,60,2021-12-31 00:00:00,1,0,2024-07-02 18:03:22,0,2024-07-02 18:03:22,,,
2021-11,进口数量(万吨),3505.20,29232.10,10.60,61,2021-11-30 00:00:00,1,0,2024-07-02 18:03:29,0,2024-07-02 18:03:29,,,
2021-11,进口金额(千美元),5869900.00,30576500.00,67.20,62,2021-11-30 00:00:00,1,0,2024-07-02 18:03:29,0,2024-07-02 18:03:29,,,
2021-10,进口数量(万吨),2694.30,25734.00,1.90,63,2021-10-31 00:00:00,1,0,2024-07-02 18:03:29,0,2024-07-02 18:03:29,,,
2021-10,进口金额(千美元),3608900.00,24695100.00,40.30,64,2021-10-31 00:00:00,1,0,2024-07-02 18:03:29,0,2024-07-02 18:03:29,,,
2021-09,进口数量(万吨),3288.30,23039.60,-3.60,65,2021-09-30 00:00:00,1,0,2024-07-02 18:03:29,0,2024-07-02 18:03:29,,,
2021-09,进口金额(千美元),3913200.00,21049000.00,26.10,66,2021-09-30 00:00:00,1,0,2024-07-02 18:03:29,0,2024-07-02 18:03:29,,,
2021-08,进口数量(万吨),2805.20,19768.80,-10.30,67,2021-08-31 00:00:00,1,0,2024-07-02 18:03:29,0,2024-07-02 18:03:29,,,
2021-08,进口金额(千美元),3111700.00,17137400.00,10.50,68,2021-08-31 00:00:00,1,0,2024-07-02 18:03:29,0,2024-07-02 18:03:29,,,
2021-07,进口数量(万吨),3017.80,16973.80,-15.00,69,2021-07-31 00:00:00,1,0,2024-07-02 18:03:29,0,2024-07-02 18:03:29,,,
2021-07,进口金额(千美元),2934900.00,14017200.00,-0.70,70,2021-07-31 00:00:00,1,0,2024-07-02 18:03:29,0,2024-07-02 18:03:29,,,
2021-06,进口数量(万吨),2839.20,13956.10,-19.70,71,2021-06-30 00:00:00,1,0,2024-07-02 18:03:29,0,2024-07-02 18:03:29,,,
2021-06,进口金额(千美元),2612100.00,11065600.00,-10.70,72,2021-06-30 00:00:00,1,0,2024-07-02 18:03:29,0,2024-07-02 18:03:29,,,
2021-05,进口数量(万吨),2104.00,11116.60,-25.20,73,2021-05-31 00:00:00,1,0,2024-07-02 18:03:29,0,2024-07-02 18:03:29,,,
2021-05,进口金额(千美元),1810100.00,8441800.00,-21.30,74,2021-05-31 00:00:00,1,0,2024-07-02 18:03:29,0,2024-07-02 18:03:29,,,
2021-04,进口数量(万吨),2173.40,9012.60,-28.80,75,2021-04-30 00:00:00,1,0,2024-07-02 18:03:29,0,2024-07-02 18:03:29,,,
2021-04,进口金额(千美元),1830400.00,6631600.00,-28.40,76,2021-04-30 00:00:00,1,0,2024-07-02 18:03:29,0,2024-07-02 18:03:29,,,
2021-03,进口数量(万吨),2733.00,6846.00,-28.50,77,2021-03-31 00:00:00,1,0,2024-07-02 18:03:29,0,2024-07-02 18:03:29,,,
2021-03,进口金额(千美元),2170141.00,4800885.00,-31.70,78,2021-03-31 00:00:00,1,0,2024-07-02 18:03:29,0,2024-07-02 18:03:29,,,
2021-02,进口数量(万吨),2077.00,4112.60,-39.50,79,2021-02-28 00:00:00,1,0,2024-07-02 18:03:29,0,2024-07-02 18:03:29,,,
2021-02,进口金额(千美元),1392894.00,2618000.00,-47.70,80,2021-02-28 00:00:00,1,0,2024-07-02 18:03:29,0,2024-07-02 18:03:29,,,
2021-01,进口数量(万吨),2035.00,2035.00,-53.30,81,2021-01-31 00:00:00,1,0,2024-07-02 18:03:29,0,2024-07-02 18:03:29,,,
2021-01,进口金额(千美元),1225126.00,1225126.00,-62.20,82,2021-01-31 00:00:00,1,0,2024-07-02 18:03:29,0,2024-07-02 18:03:29,,,
2020-12,进口数量(万吨),3907.50,30399.10,1.50,83,2020-12-31 00:00:00,1,0,2024-07-02 18:03:29,0,2024-07-02 18:03:29,,,
2020-12,进口金额(千美元),1946100.00,20237300.00,-13.50,84,2020-12-31 00:00:00,1,0,2024-07-02 18:03:29,0,2024-07-02 18:03:29,,,
2020-11,进口数量(万吨),1167.10,26482.60,-10.80,85,2020-11-30 00:00:00,1,0,2024-07-02 18:03:29,0,2024-07-02 18:03:29,,,
2020-11,进口金额(千美元),674700.00,18285400.00,-21.20,86,2020-11-30 00:00:00,1,0,2024-07-02 18:03:29,0,2024-07-02 18:03:29,,,
2020-10,进口数量(万吨),1372.60,25315.50,-8.30,87,2020-10-31 00:00:00,1,0,2024-07-02 18:03:29,0,2024-07-02 18:03:29,,,
2020-10,进口金额(千美元),921000.00,17610700.00,-18.50,88,2020-10-31 00:00:00,1,0,2024-07-02 18:03:29,0,2024-07-02 18:03:29,,,
2020-09,进口数量(万吨),1867.60,23942.90,-4.40,89,2020-09-30 00:00:00,1,0,2024-07-02 18:03:29,0,2024-07-02 18:03:29,,,
2020-09,进口金额(千美元),1172800.00,16689700.00,-15.80,90,2020-09-30 00:00:00,1,0,2024-07-02 18:03:29,0,2024-07-02 18:03:29,,,
2020-08,进口数量(万吨),2066.30,22075.30,0.20,91,2020-08-31 00:00:00,1,0,2024-07-02 18:03:34,0,2024-07-02 18:03:34,,,
2020-08,进口金额(千美元),1389800.00,15516900.00,-10.90,92,2020-08-31 00:00:00,1,0,2024-07-02 18:03:34,0,2024-07-02 18:03:34,,,
2020-07,进口数量(万吨),2610.00,20009.00,6.80,93,2020-07-31 00:00:00,1,0,2024-07-02 18:03:34,0,2024-07-02 18:03:34,,,
2020-07,进口金额(千美元),1735700.00,14127100.00,-4.40,94,2020-07-31 00:00:00,1,0,2024-07-02 18:03:34,0,2024-07-02 18:03:34,,,
2020-06,进口数量(万吨),2528.60,17399.10,12.70,95,2020-06-30 00:00:00,1,0,2024-07-02 18:03:34,0,2024-07-02 18:03:34,,,
2020-06,进口金额(千美元),1689100.00,102391400.00,2.30,96,2020-06-30 00:00:00,1,0,2024-07-02 18:03:34,0,2024-07-02 18:03:34,,,
2020-05,进口数量(万吨),2205.70,14871.10,16.80,97,2020-05-31 00:00:00,1,0,2024-07-02 18:03:34,0,2024-07-02 18:03:34,,,
2020-05,进口金额(千美元),1449700.00,10692100.00,8.00,98,2020-05-31 00:00:00,1,0,2024-07-02 18:03:34,0,2024-07-02 18:03:34,,,
2020-04,进口数量(万吨),3094.80,12672.60,26.90,99,2020-04-30 00:00:00,1,0,2024-07-02 18:03:34,0,2024-07-02 18:03:34,,,
2020-04,进口金额(千美元),2224300.00,9238700.00,17.50,100,2020-04-30 00:00:00,1,0,2024-07-02 18:03:34,0,2024-07-02 18:03:34,,,
2020-03,进口数量(万吨),2783.30,9577.80,28.40,101,2020-03-31 00:00:00,1,0,2024-07-02 18:03:34,0,2024-07-02 18:03:34,,,
2020-03,进口金额(千美元),2009200.00,7004900.00,21.00,102,2020-03-31 00:00:00,1,0,2024-07-02 18:03:34,0,2024-07-02 18:03:34,,,
2020-02,进口数量(万吨),0.00,6806.00,33.10,103,2020-02-29 00:00:00,1,0,2024-07-02 18:03:34,0,2024-07-02 18:03:34,,,
2020-02,进口金额(千美元),0.00,4999600.00,25.10,104,2020-02-29 00:00:00,1,0,2024-07-02 18:03:34,0,2024-07-02 18:03:34,,,
2019-12,进口数量(万吨),277.20,29967.40,6.30,105,2019-12-31 00:00:00,1,0,2024-07-02 18:03:34,0,2024-07-02 18:03:34,,,
2019-12,进口金额(千美元),193700.00,23394700.00,-5.50,106,2019-12-31 00:00:00,1,0,2024-07-02 18:03:34,0,2024-07-02 18:03:34,,,
2019-11,进口数量(万吨),2078.10,29929.60,10.20,107,2019-11-30 00:00:00,1,0,2024-07-02 18:03:34,0,2024-07-02 18:03:34,,,
2019-11,进口金额(千美元),1599500.00,23397500.00,-2.60,108,2019-11-30 00:00:00,1,0,2024-07-02 18:03:34,0,2024-07-02 18:03:34,,,
2019-10,进口数量(万吨),2568.50,27624.40,9.60,109,2019-10-31 00:00:00,1,0,2024-07-02 18:03:34,0,2024-07-02 18:03:34,,,
2019-10,进口金额(千美元),1792200.00,21592600.00,-3.00,110,2019-10-31 00:00:00,1,0,2024-07-02 18:03:34,0,2024-07-02 18:03:34,,,
2019-09,进口数量(万吨),3028.80,25057.30,9.50,111,2019-09-30 00:00:00,1,0,2024-07-02 18:03:34,0,2024-07-02 18:03:34,,,
2019-09,进口金额(千美元),2408100.00,19795100.00,-2.50,112,2019-09-30 00:00:00,1,0,2024-07-02 18:03:34,0,2024-07-02 18:03:34,,,
2019-08,进口数量(万吨),3295.20,22028.40,8.10,113,2019-08-31 00:00:00,1,0,2024-07-02 18:03:34,0,2024-07-02 18:03:34,,,
2019-08,进口金额(千美元),2632000.00,17380800.00,-4.10,114,2019-08-31 00:00:00,1,0,2024-07-02 18:03:34,0,2024-07-02 18:03:34,,,
2019-07,进口数量(万吨),3288.50,18736.50,7.00,115,2019-07-31 00:00:00,1,0,2024-07-02 18:03:34,0,2024-07-02 18:03:34,,,
2019-07,进口金额(千美元),2653900.00,14743000.00,-4.50,116,2019-07-31 00:00:00,1,0,2024-07-02 18:03:34,0,2024-07-02 18:03:34,,,
2019-06,进口数量(万吨),2709.80,15448.60,5.80,117,2019-06-30 00:00:00,1,0,2024-07-02 18:03:34,0,2024-07-02 18:03:34,,,
2019-06,进口金额(千美元),2202700.00,12085300.00,-4.60,118,2019-06-30 00:00:00,1,0,2024-07-02 18:03:34,0,2024-07-02 18:03:34,,,
2019-05,进口数量(万吨),2746.70,12738.80,5.60,119,2019-05-31 00:00:00,1,0,2024-07-02 18:03:34,0,2024-07-02 18:03:34,,,
2019-05,进口金额(千美元),2033900.00,9885600.00,-5.10,120,2019-05-31 00:00:00,1,0,2024-07-02 18:03:34,0,2024-07-02 18:03:34,,,
2019-04,进口数量(万吨),2529.90,9992.60,1.70,121,2019-04-30 00:00:00,1,0,2024-07-02 18:03:39,0,2024-07-02 18:03:39,,,
2019-04,进口金额(千美元),2066700.00,7851000.00,-6.50,122,2019-04-30 00:00:00,1,0,2024-07-02 18:03:39,0,2024-07-02 18:03:39,,,
2019-03,进口数量(万吨),2348.20,7462.80,-1.80,123,2019-03-31 00:00:00,1,0,2024-07-02 18:03:39,0,2024-07-02 18:03:39,,,
2019-03,进口金额(千美元),1794600.00,5780900.00,-10.80,124,2019-03-31 00:00:00,1,0,2024-07-02 18:03:39,0,2024-07-02 18:03:39,,,
2019-02,进口数量(万吨),1764.10,5114.50,3.80,125,2019-02-28 00:00:00,1,0,2024-07-02 18:03:39,0,2024-07-02 18:03:39,,,
2019-02,进口金额(千美元),1190300.00,3988700.00,-5.00,126,2019-02-28 00:00:00,1,0,2024-07-02 18:03:39,0,2024-07-02 18:03:39,,,
2019-01,进口数量(万吨),3350.30,3350.30,19.50,127,2019-01-31 00:00:00,1,0,2024-07-02 18:03:39,0,2024-07-02 18:03:39,,,
2019-01,进口金额(千美元),2797800.00,2797800.00,18.40,128,2019-01-31 00:00:00,1,0,2024-07-02 18:03:39,0,2024-07-02 18:03:39,,,
2018-12,进口数量(万吨),1023.00,28123.20,3.90,129,2018-12-31 00:00:00,1,0,2024-07-02 18:03:39,0,2024-07-02 18:03:39,,,
2018-12,进口金额(千美元),735000.00,24606100.00,8.60,130,2018-12-31 00:00:00,1,0,2024-07-02 18:03:39,0,2024-07-02 18:03:39,,,
2018-11,进口数量(万吨),1915.30,27118.70,9.30,131,2018-11-30 00:00:00,1,0,2024-07-02 18:03:39,0,2024-07-02 18:03:39,,,
2018-11,进口金额(千美元),1640700.00,23877500.00,15.70,132,2018-11-30 00:00:00,1,0,2024-07-02 18:03:39,0,2024-07-02 18:03:39,,,
2018-10,进口数量(万吨),2307.90,25204.00,11.50,133,2018-10-31 00:00:00,1,0,2024-07-02 18:03:39,0,2024-07-02 18:03:39,,,
2018-10,进口金额(千美元),1964200.00,22230200.00,18.60,134,2018-10-31 00:00:00,1,0,2024-07-02 18:03:39,0,2024-07-02 18:03:39,,,
2018-09,进口数量(万吨),2513.70,22859.90,11.80,135,2018-09-30 00:00:00,1,0,2024-07-02 18:03:39,0,2024-07-02 18:03:39,,,
2018-09,进口金额(千美元),2164600.00,20263100.00,19.00,136,2018-09-30 00:00:00,1,0,2024-07-02 18:03:39,0,2024-07-02 18:03:39,,,
2018-08,进口数量(万吨),2867.90,20381.80,14.70,137,2018-08-31 00:00:00,1,0,2024-07-02 18:03:39,0,2024-07-02 18:03:39,,,
2018-08,进口金额(千美元),2673000.00,18096000.00,21.30,138,2018-08-31 00:00:00,1,0,2024-07-02 18:03:39,0,2024-07-02 18:03:39,,,
2018-07,进口数量(万吨),2900.60,17519.50,15.00,139,2018-07-31 00:00:00,1,0,2024-07-02 18:03:39,0,2024-07-02 18:03:39,,,
2018-07,进口金额(千美元),2767000.00,15420200.00,19.20,140,2018-07-31 00:00:00,1,0,2024-07-02 18:03:39,0,2024-07-02 18:03:39,,,
2018-06,进口数量(万吨),2546.70,14618.70,9.90,141,2018-06-30 00:00:00,1,0,2024-07-02 18:03:39,0,2024-07-02 18:03:39,,,
2018-06,进口金额(千美元),2235600.00,12651800.00,11.70,142,2018-06-30 00:00:00,1,0,2024-07-02 18:03:39,0,2024-07-02 18:03:39,,,
2018-05,进口数量(万吨),2233.30,12073.30,8.20,143,2018-05-31 00:00:00,1,0,2024-07-02 18:03:39,0,2024-07-02 18:03:39,,,
2018-05,进口金额(千美元),2023000.00,10406.80,8.10,144,2018-05-31 00:00:00,1,0,2024-07-02 18:03:39,0,2024-07-02 18:03:39,,,
2018-04,进口数量(万吨),2228.30,9767.70,9.30,145,2018-04-30 00:00:00,1,0,2024-07-02 18:03:39,0,2024-07-02 18:03:39,,,
2018-04,进口金额(千美元),1910600.00,8300800.00,3.80,146,2018-04-30 00:00:00,1,0,2024-07-02 18:03:39,0,2024-07-02 18:03:39,,,
2018-03,进口数量(万吨),2670.00,7541.00,16.60,147,2018-03-31 00:00:00,1,0,2024-07-02 18:03:39,0,2024-07-02 18:03:39,,,
2018-03,进口金额(千美元),2265700.00,6379900.00,9.20,148,2018-03-31 00:00:00,1,0,2024-07-02 18:03:39,0,2024-07-02 18:03:39,,,
2018-02,进口数量(万吨),2090.60,4871.40,14.40,149,2018-02-28 00:00:00,1,0,2024-07-02 18:03:39,0,2024-07-02 18:03:39,,,
2018-02,进口金额(千美元),1783500.00,4107100.00,3.60,150,2018-02-28 00:00:00,1,0,2024-07-02 18:03:39,0,2024-07-02 18:03:39,,,
2018-01,进口数量(万吨),2780.70,2780.70,11.50,151,2018-01-31 00:00:00,1,0,2024-07-02 18:03:46,0,2024-07-02 18:03:46,,,
2018-01,进口金额(千美元),2322600.00,2322600.00,-1.40,152,2018-01-31 00:00:00,1,0,2024-07-02 18:03:46,0,2024-07-02 18:03:46,,,
2017-12,进口数量(万吨),2274.00,27090.00,6.10,153,2017-12-31 00:00:00,1,0,2024-07-02 18:03:46,0,2024-07-02 18:03:46,,,
2017-12,进口金额(千美元),2038990.00,22636707.00,60.00,154,2017-12-31 00:00:00,1,0,2024-07-02 18:03:46,0,2024-07-02 18:03:46,,,
2017-11,进口数量(万吨),2205.00,24817.00,8.50,155,2017-11-30 00:00:00,1,0,2024-07-02 18:03:46,0,2024-07-02 18:03:46,,,
2017-11,进口金额(千美元),1871475.00,20574163.00,72.20,156,2017-11-30 00:00:00,1,0,2024-07-02 18:03:46,0,2024-07-02 18:03:46,,,
2017-10,进口数量(万吨),2128.00,22612.00,12.10,157,2017-10-31 00:00:00,1,0,2024-07-02 18:03:46,0,2024-07-02 18:03:46,,,
2017-10,进口金额(千美元),1702249.00,18691965.00,83.10,158,2017-10-31 00:00:00,1,0,2024-07-02 18:03:46,0,2024-07-02 18:03:46,,,
2017-09,进口数量(万吨),2708.00,20485.00,13.70,159,2017-09-30 00:00:00,1,0,2024-07-02 18:03:46,0,2024-07-02 18:03:46,,,
2017-09,进口金额(千美元),2078874.00,16984342.00,91.00,160,2017-09-30 00:00:00,1,0,2024-07-02 18:03:46,0,2024-07-02 18:03:46,,,
2017-08,进口数量(万吨),2527.00,17782.00,14.20,161,2017-08-31 00:00:00,1,0,2024-07-02 18:03:46,0,2024-07-02 18:03:46,,,
2017-08,进口金额(千美元),1962595.00,14879477.00,94.60,162,2017-08-31 00:00:00,1,0,2024-07-02 18:03:46,0,2024-07-02 18:03:46,,,
2017-07,进口数量(万吨),1946.00,15271.00,18.20,163,2017-07-31 00:00:00,1,0,2024-07-02 18:03:46,0,2024-07-02 18:03:46,,,
2017-07,进口金额(千美元),1602680.00,12925721.00,106.20,164,2017-07-31 00:00:00,1,0,2024-07-02 18:03:46,0,2024-07-02 18:03:46,,,
2017-06,进口数量(万吨),2160.00,13326.00,23.50,165,2017-06-30 00:00:00,1,0,2024-07-02 18:03:46,0,2024-07-02 18:03:46,,,
2017-06,进口金额(千美元),1711128.00,11322202.00,117.20,166,2017-06-30 00:00:00,1,0,2024-07-02 18:03:46,0,2024-07-02 18:03:46,,,
2017-05,进口数量(万吨),2219.00,11168.00,29.60,167,2017-05-31 00:00:00,1,0,2024-07-02 18:03:46,0,2024-07-02 18:03:46,,,
2017-05,进口金额(千美元),1633752.00,9618731.00,133.20,168,2017-05-31 00:00:00,1,0,2024-07-02 18:03:46,0,2024-07-02 18:03:46,,,
2017-04,进口数量(万吨),2478.00,8949.00,33.20,169,2017-04-30 00:00:00,1,0,2024-07-02 18:03:46,0,2024-07-02 18:03:46,,,
2017-04,进口金额(千美元),2162672.00,7987045.00,146.80,170,2017-04-30 00:00:00,1,0,2024-07-02 18:03:46,0,2024-07-02 18:03:46,,,
2017-03,进口数量(万吨),2209.00,6471.00,33.80,171,2017-03-31 00:00:00,1,0,2024-07-02 18:03:46,0,2024-07-02 18:03:46,,,
2017-03,进口金额(千美元),1868897.00,5821525.00,152.20,172,2017-03-31 00:00:00,1,0,2024-07-02 18:03:46,0,2024-07-02 18:03:46,,,
2017-02,进口数量(万吨),1768.00,4261.00,48.50,173,2017-02-28 00:00:00,1,0,2024-07-02 18:03:46,0,2024-07-02 18:03:46,,,
2017-02,进口金额(千美元),1614237.00,3955722.00,187.70,174,2017-02-28 00:00:00,1,0,2024-07-02 18:03:46,0,2024-07-02 18:03:46,,,
2017-01,进口数量(万吨),2491.00,2491.00,64.40,175,2017-01-31 00:00:00,1,0,2024-07-02 18:03:46,0,2024-07-02 18:03:46,,,
2017-01,进口金额(千美元),2340812.00,2340812.00,225.40,176,2017-01-31 00:00:00,1,0,2024-07-02 18:03:46,0,2024-07-02 18:03:46,,,
2024-06,进口数量(万吨),4460.30,24957.20,12.50,249,2024-06-30 00:00:00,1,0,2024-07-12 18:00:35,0,2024-07-12 18:00:35,,,
2024-06,进口金额(千美元),4336500.00,25165900.00,-9.30,250,2024-06-30 00:00:00,1,0,2024-07-12 18:00:35,0,2024-07-12 18:00:35,,,
2024-07,进口数量(万吨),4620.90,29577.90,13.30,251,2024-07-31 00:00:00,1,0,2024-08-07 18:00:32,0,2024-08-07 18:00:32,,,
2024-07,进口金额(千美元),4539700.00,29717800.00,-6.00,252,2024-07-31 00:00:00,1,0,2024-08-07 18:00:32,0,2024-08-07 18:00:32,,,
2024-08,进口数量(万吨),4584.40,34162.10,11.80,253,2024-08-31 00:00:00,1,0,2024-09-10 18:02:07,0,2024-09-10 18:02:07,,,
2024-08,进口金额(千美元),4379400.00,34103900.00,-4.50,254,2024-08-31 00:00:00,1,0,2024-09-10 18:02:07,0,2024-09-10 18:02:07,,,
2024-09,进口数量(万吨),4758.80,38912.80,11.90,255,2024-09-30 00:00:00,1,0,2024-10-15 18:00:25,0,2024-10-15 18:00:25,,,
2024-09,进口金额(千美元),4350300.00,38439300.00,-3.30,256,2024-09-30 00:00:00,1,0,2024-10-15 18:00:25,0,2024-10-15 18:00:25,,,
2024-10,进口数量(万吨),4624.80,43536.90,13.50,257,2024-10-31 00:00:00,1,0,2024-11-08 18:00:27,0,2024-11-08 18:00:27,,,
2024-10,进口金额(千美元),4108300.00,42539000.00,-1.80,258,2024-10-31 00:00:00,1,0,2024-11-08 18:00:27,0,2024-11-08 18:00:27,,,
2024-11,进口数量(万吨),5498.20,49034.90,14.80,259,2024-11-30 00:00:00,1,0,2024-12-10 18:00:29,0,2024-12-10 18:00:29,,,
2024-11,进口金额(千美元),4956500.00,47503500.00,-0.90,260,2024-11-30 00:00:00,1,0,2024-12-10 18:00:29,0,2024-12-10 18:00:29,,,
2024-12,进口数量(万吨),5234.60,54269.70,14.40,261,2024-12-31 00:00:00,1,0,2025-01-13 18:00:17,0,2025-01-13 18:00:17,,,
2024-12,进口金额(千美元),4586500.00,52098600.00,-1.80,262,2024-12-31 00:00:00,1,0,2025-01-13 18:00:17,0,2025-01-13 18:00:17,,,
2025-02,进口数量(万吨),0.00,7611.90,2.10,263,2025-02-28 00:00:00,1,0,2025-03-07 18:00:25,0,2025-03-07 18:00:25,,,
2025-02,进口金额(千美元),0.00,6490500.00,-18.50,264,2025-02-28 00:00:00,1,0,2025-03-07 18:00:25,0,2025-03-07 18:00:25,,,
2025-03,进口数量(万吨),3873.20,11484.60,-0.90,265,2025-03-31 00:00:00,1,0,2025-04-14 18:00:20,0,2025-04-14 18:00:20,,,
2025-03,进口金额(千美元),2856600.00,9343200.00,-22.50,266,2025-03-31 00:00:00,1,0,2025-04-14 18:00:20,0,2025-04-14 18:00:20,,,
2025-04,进口数量(万吨),3782.50,15267.10,-5.30,267,2025-04-30 00:00:00,1,0,2025-05-09 18:00:25,0,2025-05-09 18:00:25,,,
2025-04,进口金额(千美元),2788300.00,12111500.00,-27.10,268,2025-04-30 00:00:00,1,0,2025-05-09 18:00:25,0,2025-05-09 18:00:25,,,
2025-05,进口数量(万吨),3604.00,18867.10,-7.90,269,2025-05-31 00:00:00,1,0,2025-06-09 18:00:19,0,2025-06-09 18:00:19,,,
2025-05,进口金额(千美元),2589800.00,14682600.00,-29.50,270,2025-05-31 00:00:00,1,0,2025-06-09 18:00:19,0,2025-06-09 18:00:19,,,
2025-06,进口数量(万吨),3303.70,22170.20,-11.10,271,2025-06-30 00:00:00,1,0,2025-07-14 19:00:06,0,2025-07-14 19:00:06,,,
2025-06,进口金额(千美元),2403700.00,17078700.00,-32.10,272,2025-06-30 00:00:00,1,0,2025-07-14 19:00:06,0,2025-07-14 19:00:06,,,
2025-07,进口数量(万吨),3560.90,25730.50,-13.00,273,2025-07-31 00:00:00,1,0,2025-08-07 19:00:07,0,2025-08-07 19:00:07,,,
2025-07,进口金额(千美元),2368900.00,19434700.00,-34.60,274,2025-07-31 00:00:00,1,0,2025-08-07 19:00:07,0,2025-08-07 19:00:07,,,
2025-08,进口数量(万吨),4273.70,29993.70,-12.20,275,2025-08-31 00:00:00,1,0,2025-09-08 19:00:07,0,2025-09-08 19:00:07,,,
2025-08,进口金额(千美元),2807200.00,22225100.00,-34.80,276,2025-08-31 00:00:00,1,0,2025-09-08 19:00:07,0,2025-09-08 19:00:07,,,
