_ID,_ACTIVE,_CREATE_ID,_CREATE_TIME,_UPDATE_ID,_UPDATE_TIME,_REMARK,_CHANGE_LOG,_RESERVE,发布日期,煤种,起拍价,销售量,硫分,热值,交货开始时间,交货结束时间
1,1,0,2024-07-02 13:52:40.985000,0,2024-07-02 13:52:40.985000,,,,2024-05-27,珠投2号,790.00,5.00,0.6-0.8,5000,2024-05-28,2024-06-10
2,1,0,2024-07-02 13:52:40.985000,0,2024-07-02 13:52:40.985000,,,,2024-05-24,珠投2号,805.00,5.00,0.6-0.8,5000,2024-05-25,2024-06-10
3,1,0,2024-07-02 13:52:40.985000,0,2024-07-02 13:52:40.985000,,,,2024-05-24,珠投5号,710.00,5.00,0.6-0.8,4500,2024-05-25,2024-06-10
4,1,0,2024-07-02 13:52:40.985000,0,2024-07-02 13:52:40.985000,,,,2024-05-24,珠投1号,900.00,1.80,0.6-0.8,5500,2024-05-25,2024-06-10
5,1,0,2024-07-02 13:52:40.985000,0,2024-07-02 13:52:40.985000,,,,2024-05-24,珠投1号,900.00,1.80,0.6-0.8,5500,2024-05-25,2024-06-10
6,1,0,2024-07-02 13:52:40.985000,0,2024-07-02 13:52:40.985000,,,,2024-05-24,珠投5号,710.00,5.00,0.6-0.8,4500,2024-05-25,2024-06-10
7,1,0,2024-07-02 13:52:40.985000,0,2024-07-02 13:52:40.985000,,,,2024-05-23,珠投2号,805.00,5.00,0.6-0.8,5000,2024-05-24,2024-06-10
8,1,0,2024-07-02 13:52:40.985000,0,2024-07-02 13:52:40.985000,,,,2024-05-22,珠投5号,700.00,5.00,0.6-0.8,4500,2024-05-23,2024-06-10
9,1,0,2024-07-02 13:52:40.985000,0,2024-07-02 13:52:40.985000,,,,2024-05-21,珠投2号,800.00,5.00,0.6-0.8,5000,2024-05-22,2024-06-10
10,1,0,2024-07-02 13:52:40.985000,0,2024-07-02 13:52:40.985000,,,,2024-05-21,珠投5号,700.00,5.00,0.6-0.8,4500,2024-05-22,2024-06-10
11,1,0,2024-07-02 13:52:40.985000,0,2024-07-02 13:52:40.985000,,,,2024-05-20,珠投2号,800.00,5.00,0.6-0.8,5000,2024-05-21,2024-06-10
12,1,0,2024-07-02 13:52:40.985000,0,2024-07-02 13:52:40.985000,,,,2024-05-17,珠投2号,800.00,5.00,0.6-0.8,5000,2024-05-18,2024-06-05
13,1,0,2024-07-02 13:52:40.985000,0,2024-07-02 13:52:40.985000,,,,2024-05-17,珠投5号,700.00,5.00,0.6-0.8,4500,2024-05-18,2024-06-05
14,1,0,2024-07-02 13:52:40.985000,0,2024-07-02 13:52:40.985000,,,,2024-05-17,珠投5号,700.00,5.00,0.6-0.8,4500,2024-05-18,2024-06-05
15,1,0,2024-07-02 13:52:40.985000,0,2024-07-02 13:52:40.985000,,,,2024-05-17,珠投2号,800.00,5.00,0.6-0.8,5000,2024-05-18,2024-06-05
16,1,0,2024-07-02 13:52:40.985000,0,2024-07-02 13:52:40.985000,,,,2024-05-16,珠投2号,800.00,5.00,0.6-0.8,5000,2024-05-17,2024-06-05
17,1,0,2024-07-02 13:52:40.985000,0,2024-07-02 13:52:40.985000,,,,2024-05-16,珠投5号,700.00,5.00,0.6-0.8,4500,2024-05-17,2024-06-05
18,1,0,2024-07-02 13:52:40.985000,0,2024-07-02 13:52:40.985000,,,,2024-05-16,珠投5号,700.00,5.00,0.6-0.8,4500,2024-05-17,2024-06-05
19,1,0,2024-07-02 13:52:40.985000,0,2024-07-02 13:52:40.985000,,,,2024-05-16,珠投2号,800.00,5.00,0.6-0.8,5000,2024-05-17,2024-06-05
20,1,0,2024-07-02 13:52:40.985000,0,2024-07-02 13:52:40.985000,,,,2024-05-13,珠投5号,700.00,5.00,0.6-0.8,4500,2024-05-14,2024-06-05
21,1,0,2024-07-02 13:52:40.985000,0,2024-07-02 13:52:40.985000,,,,2024-05-13,珠投2号,800.00,5.00,0.6-0.8,5000,2024-05-14,2024-06-05
22,1,0,2024-07-02 13:52:40.985000,0,2024-07-02 13:52:40.985000,,,,2024-05-13,珠投2号,800.00,5.00,0.6-0.8,5000,2024-05-14,2024-05-31
23,1,0,2024-07-02 13:52:40.985000,0,2024-07-02 13:52:40.985000,,,,2024-05-13,珠投5号,700.00,5.00,0.6-0.8,4500,2024-05-14,2024-05-31
24,1,0,2024-07-02 13:52:40.985000,0,2024-07-02 13:52:40.985000,,,,2024-05-11,珠投5号,700.00,4.00,0.6-0.8,4500,2024-05-12,2024-05-18
25,1,0,2024-07-02 13:52:40.985000,0,2024-07-02 13:52:40.985000,,,,2024-05-11,珠投2号,800.00,5.00,0.6-0.8,5000,2024-05-12,2024-05-18
26,1,0,2024-07-02 13:52:40.985000,0,2024-07-02 13:52:40.985000,,,,2024-05-08,珠投2号,800.00,5.00,0.6-0.8,5000,2024-05-09,2024-05-16
27,1,0,2024-07-02 13:52:40.985000,0,2024-07-02 13:52:40.985000,,,,2024-05-08,珠投1号,895.00,2.00,0.6-0.8,5500,2024-05-09,2024-05-16
28,1,0,2024-07-02 13:52:40.985000,0,2024-07-02 13:52:40.985000,,,,2024-05-08,珠投5号,700.00,4.00,0.6-0.8,4500,2024-05-09,2024-05-16
29,1,0,2024-07-02 13:52:40.985000,0,2024-07-02 13:52:40.985000,,,,2024-05-07,珠投2号,775.00,5.00,0.6-0.8,5000,2024-05-08,2024-05-15
30,1,0,2024-07-02 13:52:40.985000,0,2024-07-02 13:52:40.985000,,,,2024-05-06,珠投2号,755.00,5.00,0.6-0.8,5000,2024-05-07,2024-05-15
31,1,0,2024-07-02 13:52:40.985000,0,2024-07-02 13:52:40.985000,,,,2024-04-26,珠投2号,750.00,5.00,0.6-0.8,5000,2024-04-27,2024-05-05
32,1,0,2024-07-02 13:52:40.985000,0,2024-07-02 13:52:40.985000,,,,2024-04-26,珠投2号,750.00,5.00,0.6-0.8,5000,2024-04-27,2024-05-05
33,1,0,2024-07-02 13:52:40.985000,0,2024-07-02 13:52:40.985000,,,,2024-04-25,珠投2号,750.00,5.00,0.6-0.8,5000,2024-04-26,2024-05-05
34,1,0,2024-07-02 13:52:40.985000,0,2024-07-02 13:52:40.985000,,,,2024-04-25,珠投2号,750.00,5.00,0.6-0.8,5000,2024-04-26,2024-05-05
35,1,0,2024-07-02 13:52:40.985000,0,2024-07-02 13:52:40.985000,,,,2024-04-19,珠投2号,750.00,5.00,0.6-0.8,5000,2024-04-20,2024-04-27
36,1,0,2024-07-02 13:52:40.985000,0,2024-07-02 13:52:40.985000,,,,2024-04-18,珠投2号,750.00,5.00,0.6-0.8,5000,2024-04-19,2024-04-27
37,1,0,2024-07-02 13:52:40.985000,0,2024-07-02 13:52:40.985000,,,,2024-04-18,珠投2号,750.00,5.00,0.6-0.8,5000,2024-04-19,2024-04-27
38,1,0,2024-07-02 13:52:40.985000,0,2024-07-02 13:52:40.985000,,,,2024-04-17,珠投2号,740.00,5.00,0.6-0.8,5000,2024-04-18,2024-04-25
39,1,0,2024-07-02 13:52:40.985000,0,2024-07-02 13:52:40.985000,,,,2024-04-17,珠投2号,740.00,5.00,0.6-0.8,5000,2024-04-18,2024-04-25
40,1,0,2024-07-02 13:52:40.985000,0,2024-07-02 13:52:40.985000,,,,2024-04-16,珠投2号,740.00,5.00,0.6-0.8,5000,2024-04-17,2024-04-25
41,1,0,2024-07-02 13:52:40.985000,0,2024-07-02 13:52:40.985000,,,,2024-04-16,珠投2号,740.00,5.00,0.6-0.8,5000,2024-04-17,2024-04-25
42,1,0,2024-07-02 13:52:40.985000,0,2024-07-02 13:52:40.985000,,,,2024-04-15,珠投2号,740.00,5.00,0.6-0.8,5000,2024-04-16,2024-04-23
43,1,0,2024-07-02 13:52:40.985000,0,2024-07-02 13:52:40.985000,,,,2024-04-15,珠投2号,740.00,5.00,0.6-0.8,5000,2024-04-16,2024-04-23
44,1,0,2024-07-02 13:52:40.985000,0,2024-07-02 13:52:40.985000,,,,2024-04-12,珠投2号,740.00,5.00,0.6-0.8,5000,2024-04-13,2024-04-20
45,1,0,2024-07-02 13:52:40.985000,0,2024-07-02 13:52:40.985000,,,,2024-04-12,珠投2号,740.00,5.00,0.6-0.8,5000,2024-04-13,2024-04-20
46,1,0,2024-07-02 13:52:40.985000,0,2024-07-02 13:52:40.985000,,,,2024-04-11,珠投2号,740.00,5.00,0.6-0.8,5000,2024-04-12,2024-04-20
47,1,0,2024-07-02 13:52:40.985000,0,2024-07-02 13:52:40.985000,,,,2024-04-11,珠投5号,640.00,1.00,0.6-0.8,4500,2024-04-12,2024-04-20
48,1,0,2024-07-02 13:52:40.985000,0,2024-07-02 13:52:40.985000,,,,2024-04-11,珠投2号,735.00,5.00,0.6-0.8,5000,2024-04-12,2024-04-20
49,1,0,2024-07-02 13:52:40.985000,0,2024-07-02 13:52:40.985000,,,,2024-04-11,珠投2号,740.00,5.00,0.6-0.8,5000,2024-04-12,2024-04-20
50,1,0,2024-07-02 13:52:40.985000,0,2024-07-02 13:52:40.985000,,,,2024-04-11,珠投5号,640.00,3.00,0.6-0.8,4500,2024-04-12,2024-04-20
51,1,0,2024-07-02 13:52:40.985000,0,2024-07-02 13:52:40.985000,,,,2024-04-10,珠投2号,740.00,5.00,0.6-0.8,5000,2024-04-11,2024-04-19
52,1,0,2024-07-02 13:52:40.985000,0,2024-07-02 13:52:40.985000,,,,2024-04-10,珠投5号,640.00,3.00,0.6-0.8,4500,2024-04-11,2024-04-19
53,1,0,2024-07-02 13:52:40.985000,0,2024-07-02 13:52:40.985000,,,,2024-04-10,珠投1号,835.00,3.00,0.6-0.8,5500,2024-04-11,2024-04-19
54,1,0,2024-07-02 13:52:40.985000,0,2024-07-02 13:52:40.985000,,,,2024-04-10,珠投5号,640.00,3.00,0.6-0.8,4500,2024-04-11,2024-04-19
55,1,0,2024-07-02 13:52:40.985000,0,2024-07-02 13:52:40.985000,,,,2024-04-10,珠投2号,740.00,5.00,0.6-0.8,5000,2024-04-11,2024-04-19
56,1,0,2024-07-02 13:52:40.985000,0,2024-07-02 13:52:40.985000,,,,2024-04-09,珠投1号,835.00,3.00,0.6-0.8,5500,2024-04-10,2024-04-17
57,1,0,2024-07-02 13:52:40.985000,0,2024-07-02 13:52:40.985000,,,,2024-04-09,珠投5号,640.00,3.00,0.6-0.8,4500,2024-04-10,2024-04-17
58,1,0,2024-07-02 13:52:40.985000,0,2024-07-02 13:52:40.985000,,,,2024-04-09,珠投2号,740.00,5.00,0.6-0.8,5000,2024-04-10,2024-04-17
59,1,0,2024-07-02 13:52:40.985000,0,2024-07-02 13:52:40.985000,,,,2024-04-09,珠投1号,835.00,3.00,0.6-0.8,5500,2024-04-10,2024-04-17
60,1,0,2024-07-02 13:52:40.985000,0,2024-07-02 13:52:40.985000,,,,2024-04-09,珠投5号,640.00,3.00,0.6-0.8,4500,2024-04-10,2024-04-17
61,1,0,2024-07-02 13:52:40.985000,0,2024-07-02 13:52:40.985000,,,,2024-04-09,珠投2号,740.00,5.00,0.6-0.8,5000,2024-04-10,2024-04-17
62,1,0,2024-07-02 13:52:40.985000,0,2024-07-02 13:52:40.985000,,,,2024-04-08,珠投1号,835.00,3.00,0.6-0.8,5500,2024-04-09,2024-04-15
63,1,0,2024-07-02 13:52:40.985000,0,2024-07-02 13:52:40.985000,,,,2024-04-08,珠投5号,640.00,3.00,0.6-0.8,4500,2024-04-09,2024-04-15
64,1,0,2024-07-02 13:52:40.985000,0,2024-07-02 13:52:40.985000,,,,2024-04-08,珠投2号,740.00,5.00,0.6-0.8,5000,2024-04-09,2024-04-15
65,1,0,2024-07-02 13:52:40.985000,0,2024-07-02 13:52:40.985000,,,,2024-04-08,珠投1号,835.00,3.00,0.6-0.8,5500,2024-04-09,2024-04-15
66,1,0,2024-07-02 13:52:40.985000,0,2024-07-02 13:52:40.985000,,,,2024-04-08,珠投5号,640.00,3.00,0.6-0.8,4500,2024-04-09,2024-04-15
67,1,0,2024-07-02 13:52:40.985000,0,2024-07-02 13:52:40.985000,,,,2024-04-08,珠投2号,740.00,5.00,0.6-0.8,5000,2024-04-09,2024-04-15
68,1,0,2024-07-02 13:52:40.985000,0,2024-07-02 13:52:40.985000,,,,2024-04-07,珠投1号,835.00,3.00,0.6-0.8,5500,2024-04-08,2024-04-15
69,1,0,2024-07-02 13:52:40.985000,0,2024-07-02 13:52:40.985000,,,,2024-04-07,珠投5号,635.00,3.00,0.6-0.8,4500,2024-04-08,2024-04-15
70,1,0,2024-07-02 13:52:40.985000,0,2024-07-02 13:52:40.985000,,,,2024-04-07,珠投2号,740.00,5.00,0.6-0.8,5000,2024-04-08,2024-04-15
71,1,0,2024-07-02 13:52:40.985000,0,2024-07-02 13:52:40.985000,,,,2024-03-29,珠投1号,855.00,3.00,0.6-0.8,5500,2024-03-30,2024-04-05
72,1,0,2024-07-02 13:52:40.985000,0,2024-07-02 13:52:40.985000,,,,2024-03-29,珠投5号,645.00,3.00,0.6-0.8,4500,2024-03-30,2024-04-05
73,1,0,2024-07-02 13:52:40.985000,0,2024-07-02 13:52:40.985000,,,,2024-03-29,珠投2号,745.00,5.00,0.6-0.8,5000,2024-03-30,2024-04-05
74,1,0,2024-07-02 13:52:40.985000,0,2024-07-02 13:52:40.985000,,,,2024-03-28,珠投2号,745.00,5.00,0.6-0.8,5000,2024-03-29,2024-04-05
75,1,0,2024-07-02 13:52:40.985000,0,2024-07-02 13:52:40.985000,,,,2024-03-28,珠投2号,745.00,5.00,0.6-0.8,5000,2024-03-29,2024-04-05
76,1,0,2024-07-02 13:52:40.985000,0,2024-07-02 13:52:40.985000,,,,2024-03-27,珠投2号,745.00,5.00,0.6-0.8,5000,2024-03-28,2024-04-05
77,1,0,2024-07-02 13:52:40.985000,0,2024-07-02 13:52:40.985000,,,,2024-03-26,珠投2号,750.00,5.00,0.6-0.8,5000,2024-03-27,2024-04-05
78,1,0,2024-07-02 13:52:40.985000,0,2024-07-02 13:52:40.985000,,,,2024-03-26,珠投1号,855.00,3.00,0.6-0.8,5500,2024-03-27,2024-04-05
79,1,0,2024-07-02 13:52:40.985000,0,2024-07-02 13:52:40.985000,,,,2024-03-25,珠投1号,855.00,3.00,0.6-0.8,5500,2024-03-26,2024-04-03
80,1,0,2024-07-02 13:52:40.985000,0,2024-07-02 13:52:40.985000,,,,2024-03-25,珠投2号,750.00,5.00,0.6-0.8,5000,2024-03-26,2024-04-03
81,1,0,2024-07-02 13:52:40.985000,0,2024-07-02 13:52:40.985000,,,,2024-03-25,珠投2号,750.00,5.00,0.6-0.8,5000,2024-03-26,2024-04-03
82,1,0,2024-07-02 13:52:40.985000,0,2024-07-02 13:52:40.985000,,,,2024-03-22,珠投2号,755.00,5.00,0.6-0.8,5000,2024-03-23,2024-03-31
83,1,0,2024-07-02 13:52:40.985000,0,2024-07-02 13:52:40.985000,,,,2024-03-22,珠投2号,750.00,5.00,0.6-0.8,5000,2024-03-23,2024-03-31
84,1,0,2024-07-02 13:52:40.985000,0,2024-07-02 13:52:40.985000,,,,2024-03-21,珠投2号,745.00,5.00,0.6-0.8,5000,2024-03-22,2024-03-31
85,1,0,2024-07-02 13:52:40.985000,0,2024-07-02 13:52:40.985000,,,,2024-03-21,珠投2号,745.00,5.00,0.6-0.8,5000,2024-03-22,2024-03-31
86,1,0,2024-07-02 13:52:40.985000,0,2024-07-02 13:52:40.985000,,,,2024-03-20,珠投2号,750.00,5.00,0.6-0.8,5000,2024-03-21,2024-03-27
87,1,0,2024-07-02 13:52:40.985000,0,2024-07-02 13:52:40.985000,,,,2024-03-20,珠投2号,750.00,5.00,0.6-0.8,5000,2024-03-21,2024-03-27
88,1,0,2024-07-02 13:52:40.985000,0,2024-07-02 13:52:40.985000,,,,2024-03-19,珠投2号,750.00,5.00,0.6-0.8,5000,2024-03-20,2024-03-27
89,1,0,2024-07-02 13:52:40.985000,0,2024-07-02 13:52:40.985000,,,,2024-03-19,珠投2号,750.00,5.00,0.6-0.8,5000,2024-03-20,2024-03-27
90,1,0,2024-07-02 13:52:40.985000,0,2024-07-02 13:52:40.985000,,,,2024-03-15,珠投2号,765.00,5.00,0.6-0.8,5000,2024-03-16,2024-03-25
91,1,0,2024-07-02 13:52:40.985000,0,2024-07-02 13:52:40.985000,,,,2024-03-15,珠投2号,765.00,5.00,0.6-0.8,5000,2024-03-16,2024-03-25
92,1,0,2024-07-02 13:52:40.985000,0,2024-07-02 13:52:40.985000,,,,2024-03-14,珠投2号,785.00,5.00,0.6-0.8,5000,2024-03-15,2024-03-20
93,1,0,2024-07-02 13:52:40.985000,0,2024-07-02 13:52:40.985000,,,,2024-03-14,珠投2号,785.00,5.00,0.6-0.8,5000,2024-03-15,2024-03-20
94,1,0,2024-07-02 13:52:40.985000,0,2024-07-02 13:52:40.985000,,,,2024-03-13,珠投2号,785.00,5.00,0.6-0.8,5000,2024-03-14,2024-03-20
95,1,0,2024-07-02 13:52:40.985000,0,2024-07-02 13:52:40.985000,,,,2024-03-13,珠投2号,795.00,5.00,0.6-0.8,5000,2024-03-14,2024-03-20
96,1,0,2024-07-02 13:52:40.985000,0,2024-07-02 13:52:40.985000,,,,2024-03-12,珠投2号,800.00,5.00,0.6-0.8,5000,2024-03-13,2024-03-20
97,1,0,2024-07-02 13:52:40.985000,0,2024-07-02 13:52:40.985000,,,,2024-03-12,珠投2号,795.00,5.00,0.6-0.8,5000,2024-03-13,2024-03-20
98,1,0,2024-07-02 13:52:40.985000,0,2024-07-02 13:52:40.985000,,,,2024-03-12,珠投2号,795.00,5.00,0.6-0.8,5000,2024-03-13,2024-03-20
99,1,0,2024-07-02 13:52:40.985000,0,2024-07-02 13:52:40.985000,,,,2024-03-12,珠投2号,800.00,5.00,0.6-0.8,5000,2024-03-13,2024-03-20
100,1,0,2024-07-02 13:52:40.985000,0,2024-07-02 13:52:40.985000,,,,2024-03-11,珠投2号,805.00,5.00,0.6-0.8,5000,2024-03-12,2024-03-20
101,1,0,2024-07-02 13:52:40.985000,0,2024-07-02 13:52:40.985000,,,,2024-03-11,珠投2号,805.00,5.00,0.6-0.8,5000,2024-03-12,2024-03-20
102,1,0,2024-07-02 13:52:40.985000,0,2024-07-02 13:52:40.985000,,,,2024-03-08,珠投2号,805.00,5.00,0.6-0.8,5000,2024-03-09,2024-03-15
103,1,0,2024-07-02 13:52:40.985000,0,2024-07-02 13:52:40.985000,,,,2024-03-08,珠投2号,805.00,5.00,0.6-0.8,5000,2024-03-09,2024-03-15
104,1,0,2024-07-02 13:52:40.985000,0,2024-07-02 13:52:40.985000,,,,2024-03-07,珠投2号,810.00,5.00,0.6-0.8,5000,2024-03-08,2024-03-15
105,1,0,2024-07-02 13:52:40.985000,0,2024-07-02 13:52:40.985000,,,,2024-03-07,珠投2号,810.00,5.00,0.6-0.8,5000,2024-03-08,2024-03-15
106,1,0,2024-07-02 13:52:40.985000,0,2024-07-02 13:52:40.985000,,,,2024-03-06,珠投2号,810.00,5.00,0.6-0.8,5000,2024-03-07,2024-03-15
107,1,0,2024-07-02 13:52:40.985000,0,2024-07-02 13:52:40.985000,,,,2024-03-06,珠投2号,810.00,5.00,0.6-0.8,5000,2024-03-07,2024-03-15
108,1,0,2024-07-02 13:52:40.985000,0,2024-07-02 13:52:40.985000,,,,2024-03-04,珠投2号,815.00,5.00,0.6-0.8,5000,2024-03-05,2024-03-12
109,1,0,2024-07-02 13:52:40.985000,0,2024-07-02 13:52:40.985000,,,,2024-03-04,珠投2号,820.00,5.00,0.6-0.8,5000,2024-03-05,2024-03-12
110,1,0,2024-07-02 13:52:40.985000,0,2024-07-02 13:52:40.985000,,,,2024-03-01,珠投2号,820.00,5.00,0.6-0.8,5000,2024-03-02,2024-03-10
111,1,0,2024-07-02 13:52:40.985000,0,2024-07-02 13:52:40.985000,,,,2024-03-01,珠投2号,820.00,5.00,0.6-0.8,5000,2024-03-02,2024-03-10
112,1,0,2024-07-02 13:52:40.985000,0,2024-07-02 13:52:40.985000,,,,2024-02-27,珠投2号,840.00,5.00,0.6-0.8,5000,2024-02-28,2024-03-08
113,1,0,2024-07-02 13:52:40.985000,0,2024-07-02 13:52:40.985000,,,,2024-02-21,珠投外购5号（山西煤）,740.00,3.30,0.6-0.8,4500,2024-02-22,2024-02-29
114,1,0,2024-07-02 13:52:40.985000,0,2024-07-02 13:52:40.985000,,,,2024-02-21,珠投2号,850.00,5.00,0.6-0.8,5000,2024-02-22,2024-02-29
115,1,0,2024-07-02 13:52:40.985000,0,2024-07-02 13:52:40.985000,,,,2024-02-21,珠投2号,850.00,5.00,0.6-0.8,5000,2024-02-22,2024-02-29
116,1,0,2024-07-02 13:52:40.985000,0,2024-07-02 13:52:40.985000,,,,2024-02-21,珠投外购5号（山西煤）,740.00,3.30,0.6-0.8,4500,2024-02-22,2024-02-29
117,1,0,2024-07-02 13:52:40.985000,0,2024-07-02 13:52:40.985000,,,,2024-02-20,珠投外购5号（山西煤）,740.00,3.30,0.6-0.8,4500,2024-02-21,2024-02-29
118,1,0,2024-07-02 13:52:40.985000,0,2024-07-02 13:52:40.985000,,,,2024-02-20,珠投2号,850.00,5.00,0.6-0.8,5000,2024-02-21,2024-02-29
119,1,0,2024-07-02 13:52:40.985000,0,2024-07-02 13:52:40.985000,,,,2024-02-19,珠投2号,845.00,5.00,0.6-0.8,5000,2024-02-20,2024-02-29
120,1,0,2024-07-02 13:52:40.985000,0,2024-07-02 13:52:40.985000,,,,2024-02-19,珠投2号,845.00,5.00,0.6-0.8,5000,2024-02-20,2024-02-29
121,1,0,2024-07-02 13:52:40.985000,0,2024-07-02 13:52:40.985000,,,,2024-02-05,珠投2号,820.00,5.00,0.6-0.8,5000,2024-02-06,2024-02-20
122,1,0,2024-07-02 13:52:40.985000,0,2024-07-02 13:52:40.985000,,,,2024-02-05,珠投2号,820.00,5.00,0.6-0.8,5000,2024-02-06,2024-02-20
123,1,0,2024-07-02 13:52:40.985000,0,2024-07-02 13:52:40.985000,,,,2024-02-04,珠投2号,820.00,5.00,0.6-0.8,5000,2024-02-05,2024-02-20
124,1,0,2024-07-02 13:52:40.985000,0,2024-07-02 13:52:40.985000,,,,2024-02-04,珠投1号,920.00,3.00,0.6-0.8,5500,2024-02-05,2024-02-20
125,1,0,2024-07-02 13:52:40.985000,0,2024-07-02 13:52:40.985000,,,,2024-02-04,珠投1号,920.00,3.00,0.6-0.8,5500,2024-02-05,2024-02-20
126,1,0,2024-07-02 13:52:40.985000,0,2024-07-02 13:52:40.985000,,,,2024-02-04,珠投2号,820.00,5.00,0.6-0.8,5000,2024-02-05,2024-02-20
127,1,0,2024-07-02 13:52:40.985000,0,2024-07-02 13:52:40.985000,,,,2024-02-02,珠投1号,925.00,4.00,0.6-0.8,5500,2024-02-03,2024-02-10
128,1,0,2024-07-02 13:52:40.985000,0,2024-07-02 13:52:40.985000,,,,2024-02-02,珠投2号,820.00,5.00,0.6-0.8,5000,2024-02-03,2024-02-15
129,1,0,2024-07-02 13:52:40.985000,0,2024-07-02 13:52:40.985000,,,,2024-02-02,珠投1号,925.00,4.00,0.6-0.8,5500,2024-02-03,2024-02-10
130,1,0,2024-07-02 13:52:40.985000,0,2024-07-02 13:52:40.985000,,,,2024-02-02,珠投2号,820.00,5.00,0.6-0.8,5000,2024-02-03,2024-02-10
131,1,0,2024-07-02 13:52:40.985000,0,2024-07-02 13:52:40.985000,,,,2024-01-24,珠投1号,920.00,1.30,0.6-0.8,5500,2024-01-25,2024-01-31
132,1,0,2024-07-02 13:52:40.985000,0,2024-07-02 13:52:40.985000,,,,2024-01-24,珠投2号,815.00,5.00,0.6-0.8,5000,2024-01-25,2024-01-31
133,1,0,2024-07-02 13:52:40.985000,0,2024-07-02 13:52:40.985000,,,,2024-01-24,珠投1号,920.00,1.30,0.6-0.8,5500,2024-01-25,2024-01-31
134,1,0,2024-07-02 13:52:40.985000,0,2024-07-02 13:52:40.985000,,,,2024-01-24,珠投2号,815.00,5.00,0.6-0.8,5000,2024-01-25,2024-01-31
135,1,0,2024-07-02 13:52:40.985000,0,2024-07-02 13:52:40.985000,,,,2024-01-23,珠投2号,815.00,5.00,0.6-0.8,5000,2024-01-24,2024-01-31
136,1,0,2024-07-02 13:52:40.985000,0,2024-07-02 13:52:40.985000,,,,2024-01-23,珠投2号,815.00,5.00,0.6-0.8,5000,2024-01-24,2024-01-31
137,1,0,2024-07-02 13:52:40.985000,0,2024-07-02 13:52:40.985000,,,,2024-01-19,珠投2号,805.00,5.00,0.6-0.8,5000,2024-01-20,2024-01-31
138,1,0,2024-07-02 13:52:40.985000,0,2024-07-02 13:52:40.985000,,,,2024-01-19,珠投2号,805.00,5.00,0.6-0.8,5000,2024-01-20,2024-01-31
139,1,0,2024-07-02 13:52:40.985000,0,2024-07-02 13:52:40.985000,,,,2024-01-17,珠投2号,805.00,5.00,0.6-0.8,5000,2024-01-18,2024-01-25
140,1,0,2024-07-02 13:52:40.985000,0,2024-07-02 13:52:40.985000,,,,2024-01-17,珠投2号,810.00,5.00,0.6-0.8,5000,2024-01-18,2024-01-25
141,1,0,2024-07-02 13:52:40.985000,0,2024-07-02 13:52:40.985000,,,,2024-01-16,珠投2号,800.00,5.00,0.6-0.8,5000,2024-01-17,2024-01-25
142,1,0,2024-07-02 13:52:40.985000,0,2024-07-02 13:52:40.985000,,,,2024-01-12,珠投2号,805.00,5.00,0.6-0.8,5000,2024-01-13,2024-01-20
143,1,0,2024-07-02 13:52:40.985000,0,2024-07-02 13:52:40.985000,,,,2024-01-12,珠投2号,805.00,5.00,0.6-0.8,5000,2024-01-13,2024-01-20
144,1,0,2024-07-02 13:52:40.985000,0,2024-07-02 13:52:40.985000,,,,2024-01-11,珠投2号,810.00,5.00,0.6-0.8,5000,2024-01-12,2024-01-20
145,1,0,2024-07-02 13:52:40.985000,0,2024-07-02 13:52:40.985000,,,,2024-01-11,珠投2号,810.00,5.00,0.6-0.8,5000,2024-01-12,2024-01-20
146,1,0,2024-07-02 13:52:40.985000,0,2024-07-02 13:52:40.985000,,,,2024-01-08,珠投1号,930.00,5.00,0.6-0.8,5500,2024-01-09,2024-01-15
147,1,0,2024-07-02 13:52:40.985000,0,2024-07-02 13:52:40.985000,,,,2024-01-08,珠投2号,820.00,5.00,0.6-0.8,5000,2024-01-09,2024-01-15
148,1,0,2024-07-02 13:52:40.985000,0,2024-07-02 13:52:40.985000,,,,2024-01-05,珠投2号,830.00,5.00,0.6-0.8,5000,2024-01-06,2024-01-15
149,1,0,2024-07-02 13:52:40.985000,0,2024-07-02 13:52:40.985000,,,,2024-01-03,珠投2号,830.00,5.00,0.6-0.8,5000,2024-01-04,2024-01-10
150,1,0,2024-07-02 13:52:40.985000,0,2024-07-02 13:52:40.985000,,,,2024-01-03,珠投2号,825.00,5.00,0.6-0.8,5000,2024-01-04,2024-01-10
151,1,0,2024-07-02 13:52:40.985000,0,2024-07-02 13:52:40.985000,,,,2024-01-02,珠投2号,820.00,5.00,0.6-0.8,5000,2024-01-03,2024-01-10
152,1,0,2024-07-02 13:52:40.985000,0,2024-07-02 13:52:40.985000,,,,2023-12-29,珠投2号,820.00,5.00,0.6-0.8,5000,2023-12-30,2024-01-10
153,1,0,2024-07-02 13:52:40.985000,0,2024-07-02 13:52:40.985000,,,,2023-12-29,珠投2号,820.00,5.00,0.6-0.8,5000,2023-12-30,2024-01-10
154,1,0,2024-07-02 13:52:40.985000,0,2024-07-02 13:52:40.985000,,,,2023-12-28,珠投2号,820.00,5.00,0.6-0.8,5000,2023-12-29,2024-01-05
155,1,0,2024-07-02 13:52:40.985000,0,2024-07-02 13:52:40.985000,,,,2023-12-26,珠投2号,835.00,5.00,0.6-0.8,5000,2023-12-27,2023-12-31
156,1,0,2024-07-02 13:52:40.985000,0,2024-07-02 13:52:40.985000,,,,2023-12-26,珠投1号,940.00,5.00,0.6-0.8,5500,2023-12-27,2023-12-31
157,1,0,2024-07-02 13:52:40.985000,0,2024-07-02 13:52:40.985000,,,,2023-12-26,珠投外购5号（混）,725.00,3.00,0.6-0.8,4500,2023-12-27,2023-12-31
158,1,0,2024-07-02 13:52:40.985000,0,2024-07-02 13:52:40.985000,,,,2023-12-26,珠投2号,835.00,5.00,0.6-0.8,5000,2023-12-27,2023-12-31
159,1,0,2024-07-02 13:52:40.985000,0,2024-07-02 13:52:40.985000,,,,2023-12-26,珠投1号,940.00,5.00,0.6-0.8,5500,2023-12-27,2023-12-31
160,1,0,2024-07-02 13:52:40.985000,0,2024-07-02 13:52:40.985000,,,,2023-12-26,珠投外购5号（混）,725.00,3.00,0.6-0.8,4500,2023-12-27,2023-12-31
161,1,0,2024-07-02 13:52:40.985000,0,2024-07-02 13:52:40.985000,,,,2023-12-25,珠投2号,835.00,5.00,0.6-0.8,5000,2023-12-26,2023-12-31
162,1,0,2024-07-02 13:52:40.985000,0,2024-07-02 13:52:40.985000,,,,2023-12-25,珠投1号,940.00,3.00,0.6-0.8,5500,2023-12-26,2023-12-31
163,1,0,2024-07-02 13:52:40.985000,0,2024-07-02 13:52:40.985000,,,,2023-12-21,珠投外购5号（混）,735.00,5.00,0.6-0.8,4500,2023-12-22,2023-12-31
164,1,0,2024-07-02 13:52:40.985000,0,2024-07-02 13:52:40.985000,,,,2023-12-21,珠投2号,860.00,5.00,0.6-0.8,5000,2023-12-22,2023-12-31
165,1,0,2024-07-02 13:52:40.985000,0,2024-07-02 13:52:40.985000,,,,2023-12-21,珠投1号,960.00,4.00,0.6-0.8,5500,2023-12-22,2023-12-31
166,1,0,2024-07-02 13:52:40.985000,0,2024-07-02 13:52:40.985000,,,,2023-12-20,珠投外购5号（混）,740.00,5.00,0.6-0.8,4500,2023-12-21,2023-12-25
167,1,0,2024-07-02 13:52:40.985000,0,2024-07-02 13:52:40.985000,,,,2023-12-18,珠投1号,975.00,5.00,0.6-0.8,5500,2023-12-19,2023-12-25
168,1,0,2024-07-02 13:52:40.985000,0,2024-07-02 13:52:40.985000,,,,2023-12-18,珠投2号,875.00,5.00,0.6-0.8,5000,2023-12-19,2023-12-25
169,1,0,2024-07-02 13:52:40.985000,0,2024-07-02 13:52:40.985000,,,,2023-12-18,珠投外购5号（混）,750.00,3.00,0.6-0.8,4500,2023-12-19,2023-12-25
170,1,0,2024-07-02 13:52:40.985000,0,2024-07-02 13:52:40.985000,,,,2023-12-18,珠投外购5号（混）,750.00,3.00,0.6-0.8,4500,2023-12-19,2023-12-25
171,1,0,2024-07-02 13:52:40.985000,0,2024-07-02 13:52:40.985000,,,,2023-12-18,珠投1号,975.00,5.00,0.6-0.8,5500,2023-12-19,2023-12-25
172,1,0,2024-07-02 13:52:40.985000,0,2024-07-02 13:52:40.985000,,,,2023-12-18,珠投2号,875.00,5.00,0.6-0.8,5000,2023-12-19,2023-12-25
173,1,0,2024-07-02 13:52:40.985000,0,2024-07-02 13:52:40.985000,,,,2023-12-13,珠投1号,965.00,5.00,0.6-0.8,5500,2023-12-14,2023-12-20
174,1,0,2024-07-02 13:52:40.985000,0,2024-07-02 13:52:40.985000,,,,2023-12-13,珠投2号,860.00,5.00,0.6-0.8,5000,2023-12-14,2023-12-22
175,1,0,2024-07-02 13:52:40.985000,0,2024-07-02 13:52:40.985000,,,,2023-12-13,珠投外购5号（混）,740.00,3.00,0.6-0.8,4500,2023-12-14,2023-12-20
176,1,0,2024-07-02 13:52:40.985000,0,2024-07-02 13:52:40.985000,,,,2023-12-13,珠投外购5号（混）,745.00,3.00,0.6-0.8,4500,2023-12-14,2023-12-20
177,1,0,2024-07-02 13:52:40.985000,0,2024-07-02 13:52:40.985000,,,,2023-12-13,珠投1号,970.00,3.00,0.6-0.8,5500,2023-12-14,2023-12-20
178,1,0,2024-07-02 13:52:40.985000,0,2024-07-02 13:52:40.985000,,,,2023-12-13,珠投2号,860.00,5.00,0.6-0.8,5000,2023-12-14,2023-12-20
179,1,0,2024-07-02 13:52:40.985000,0,2024-07-02 13:52:40.985000,,,,2023-12-12,珠投2号,855.00,5.00,0.6-0.8,5000,2023-12-13,2023-12-20
180,1,0,2024-07-02 13:52:40.985000,0,2024-07-02 13:52:40.985000,,,,2023-12-08,珠投2号,840.00,5.00,0.6-0.8,5000,2023-12-09,2023-12-15
181,1,0,2024-07-02 13:52:40.985000,0,2024-07-02 13:52:40.985000,,,,2023-12-08,珠投2号,835.00,5.00,0.6-0.8,5000,2023-12-09,2023-12-15
182,1,0,2024-07-02 13:52:40.985000,0,2024-07-02 13:52:40.985000,,,,2023-12-08,珠投1号,940.00,3.00,0.6-0.8,5500,2023-12-09,2023-12-15
183,1,0,2024-07-02 13:52:40.985000,0,2024-07-02 13:52:40.985000,,,,2023-12-07,珠投1号,940.00,3.00,0.6-0.8,5500,2023-12-08,2023-12-15
184,1,0,2024-07-02 13:52:40.985000,0,2024-07-02 13:52:40.985000,,,,2023-12-07,珠投2号,830.00,5.00,0.6-0.8,5000,2023-12-08,2023-12-15
185,1,0,2024-07-02 13:52:40.985000,0,2024-07-02 13:52:40.985000,,,,2023-12-07,珠投1号,940.00,3.00,0.6-0.8,5500,2023-12-08,2023-12-15
186,1,0,2024-07-02 13:52:40.985000,0,2024-07-02 13:52:40.985000,,,,2023-12-07,珠投2号,830.00,5.00,0.6-0.8,5000,2023-12-08,2023-12-15
187,1,0,2024-07-02 13:52:40.985000,0,2024-07-02 13:52:40.985000,,,,2023-12-06,珠投1号,945.00,3.00,0.6-0.8,5500,2023-12-07,2023-12-15
188,1,0,2024-07-02 13:52:40.985000,0,2024-07-02 13:52:40.985000,,,,2023-12-06,珠投2号,830.00,5.00,0.6-0.8,5000,2023-12-07,2023-12-15
189,1,0,2024-07-02 13:52:40.985000,0,2024-07-02 13:52:40.985000,,,,2023-12-04,珠投1号,945.00,3.00,0.6-0.8,5500,2023-12-05,2023-12-10
190,1,0,2024-07-02 13:52:40.985000,0,2024-07-02 13:52:40.985000,,,,2023-12-04,珠投2号,830.00,5.00,0.6-0.8,5000,2023-12-05,2023-12-10
191,1,0,2024-07-02 13:52:40.985000,0,2024-07-02 13:52:40.985000,,,,2023-11-30,珠投2号,825.00,3.00,0.6-0.8,5000,2023-12-01,2023-12-10
192,1,0,2024-07-02 13:52:40.985000,0,2024-07-02 13:52:40.985000,,,,2023-11-29,珠投2号,825.00,3.00,0.6-0.8,5000,2023-11-30,2023-12-10
193,1,0,2024-07-02 13:52:40.985000,0,2024-07-02 13:52:40.985000,,,,2023-11-29,珠投1号,945.00,3.00,0.6-0.8,5500,2023-11-30,2023-12-10
194,1,0,2024-07-02 13:52:40.985000,0,2024-07-02 13:52:40.985000,,,,2023-11-29,珠投2号,825.00,3.00,0.6-0.8,5000,2023-11-29,2023-12-10
195,1,0,2024-07-02 13:52:40.985000,0,2024-07-02 13:52:40.985000,,,,2023-11-28,珠投2号,825.00,3.00,0.6-0.8,5000,2023-11-29,2023-12-10
196,1,0,2024-07-02 13:52:40.985000,0,2024-07-02 13:52:40.985000,,,,2023-11-28,珠投1号,945.00,3.00,0.6-0.8,5500,2023-11-29,2023-12-10
197,1,0,2024-07-02 13:52:40.985000,0,2024-07-02 13:52:40.985000,,,,2023-11-27,珠投1号,950.00,3.00,0.6-0.8,5500,2023-11-28,2023-12-08
198,1,0,2024-07-02 13:52:40.985000,0,2024-07-02 13:52:40.985000,,,,2023-11-27,珠投2号,830.00,3.00,0.6-0.8,5000,2023-11-28,2023-12-08
199,1,0,2024-07-02 13:52:40.985000,0,2024-07-02 13:52:40.985000,,,,2023-11-24,珠投1号,950.00,3.00,0.6-0.8,5500,2023-11-25,2023-12-05
200,1,0,2024-07-02 13:52:40.985000,0,2024-07-02 13:52:40.985000,,,,2023-11-22,珠投2号,825.00,5.00,0.6-0.8,5000,2023-11-23,2023-11-30
201,1,0,2024-07-02 13:52:40.985000,0,2024-07-02 13:52:40.985000,,,,2023-11-22,珠投2号,815.00,5.00,0.6-0.8,5000,2023-11-23,2023-11-30
202,1,0,2024-07-02 13:52:40.985000,0,2024-07-02 13:52:40.985000,,,,2023-11-17,珠投2号,820.00,5.00,0.6-0.8,5000,2023-11-18,2023-11-30
203,1,0,2024-07-02 13:52:40.985000,0,2024-07-02 13:52:40.985000,,,,2023-11-16,珠投2号,825.00,3.00,0.6-0.8,5000,2023-11-17,2023-11-25
204,1,0,2024-07-02 13:52:40.985000,0,2024-07-02 13:52:40.985000,,,,2023-11-15,珠投2号,840.00,5.00,0.6-0.8,5000,2023-11-16,2023-11-25
205,1,0,2024-07-02 13:52:40.985000,0,2024-07-02 13:52:40.985000,,,,2023-11-13,珠投2号,850.00,5.00,0.6-0.8,5000,2023-11-14,2023-11-25
206,1,0,2024-07-02 13:52:40.985000,0,2024-07-02 13:52:40.985000,,,,2023-11-10,珠投1号,975.00,3.00,0.6-0.8,5500,2023-11-11,2023-11-17
207,1,0,2024-07-02 13:52:40.985000,0,2024-07-02 13:52:40.985000,,,,2023-11-10,珠投1号,975.00,3.00,0.6-0.8,5500,2023-11-11,2023-11-17
208,1,0,2024-07-02 13:52:40.985000,0,2024-07-02 13:52:40.985000,,,,2023-11-09,珠投2号,845.00,5.00,0.6-0.8,5000,2023-11-10,2023-11-17
209,1,0,2024-07-02 13:52:40.985000,0,2024-07-02 13:52:40.985000,,,,2023-11-08,珠投2号,835.00,5.00,0.6-0.8,5000,2023-11-09,2023-11-15
210,1,0,2024-07-02 13:52:40.985000,0,2024-07-02 13:52:40.985000,,,,2023-11-08,珠投2号,820.00,5.00,0.6-0.8,5000,2023-11-09,2023-11-15
211,1,0,2024-07-02 13:52:40.985000,0,2024-07-02 13:52:40.985000,,,,2023-11-07,珠投2号,820.00,5.00,0.6-0.8,5000,2023-11-08,2023-11-15
212,1,0,2024-07-02 13:52:40.985000,0,2024-07-02 13:52:40.985000,,,,2023-11-06,珠投2号,820.00,5.00,0.6-0.8,5000,2023-11-07,2023-11-13
213,1,0,2024-07-02 13:52:40.985000,0,2024-07-02 13:52:40.985000,,,,2023-11-06,珠投1号,940.00,3.00,0.6-0.8,5500,2023-11-07,2023-11-13
214,1,0,2024-07-02 13:52:40.985000,0,2024-07-02 13:52:40.985000,,,,2023-11-03,珠投2号,820.00,5.00,0.6-0.8,5000,2023-11-04,2023-11-10
215,1,0,2024-07-02 13:52:40.985000,0,2024-07-02 13:52:40.985000,,,,2023-11-02,珠投2号,820.00,5.00,0.6-0.8,5000,2023-11-02,2023-11-10
216,1,0,2024-07-02 13:52:40.985000,0,2024-07-02 13:52:40.985000,,,,2023-11-02,珠投1号,975.00,3.00,0.6-0.8,5500,2023-11-02,2023-11-10
217,1,0,2024-07-02 13:52:40.985000,0,2024-07-02 13:52:40.985000,,,,2023-11-01,珠投2号,835.00,5.00,0.6-0.8,5000,2023-11-01,2023-11-10
218,1,0,2024-07-02 13:52:40.985000,0,2024-07-02 13:52:40.985000,,,,2023-10-31,珠投2号,845.00,5.00,0.6-0.8,5000,2023-11-01,2023-11-10
219,1,0,2024-07-02 13:52:40.985000,0,2024-07-02 13:52:40.985000,,,,2023-10-27,珠投1号,1010.00,5.00,0.6-0.8,5500,2023-10-28,2023-11-05
220,1,0,2024-07-02 13:52:40.985000,0,2024-07-02 13:52:40.985000,,,,2023-10-27,珠投2号,880.00,5.00,0.6-0.8,5000,2023-10-28,2023-11-05
221,1,0,2024-07-02 13:52:40.985000,0,2024-07-02 13:52:40.985000,,,,2023-10-27,珠投1号,1010.00,5.00,0.6-0.8,5500,2023-10-28,2023-11-05
222,1,0,2024-07-02 13:52:40.985000,0,2024-07-02 13:52:40.985000,,,,2023-10-27,珠投2号,880.00,5.00,0.6-0.8,5000,2023-10-28,2023-11-05
223,1,0,2024-07-02 13:52:40.985000,0,2024-07-02 13:52:40.985000,,,,2023-10-26,珠投2号,880.00,5.00,0.6-0.8,5000,2023-10-27,2023-11-05
224,1,0,2024-07-02 13:52:40.985000,0,2024-07-02 13:52:40.985000,,,,2023-10-26,珠投1号,1010.00,5.00,0.6-0.8,5500,2023-10-27,2023-11-05
225,1,0,2024-07-02 13:52:40.985000,0,2024-07-02 13:52:40.985000,,,,2023-10-26,珠投1号,1010.00,5.00,0.6-0.8,5500,2023-10-27,2023-11-05
226,1,0,2024-07-02 13:52:40.985000,0,2024-07-02 13:52:40.985000,,,,2023-10-26,珠投2号,880.00,5.00,0.6-0.8,5000,2023-10-27,2023-11-05
227,1,0,2024-07-02 13:52:40.985000,0,2024-07-02 13:52:40.985000,,,,2023-10-25,珠投2号,890.00,5.00,0.6-0.8,5000,2023-10-26,2023-10-31
228,1,0,2024-07-02 13:52:40.985000,0,2024-07-02 13:52:40.985000,,,,2023-10-25,珠投1号,1020.00,5.00,0.6-0.8,5500,2023-10-26,2023-10-31
229,1,0,2024-07-02 13:52:40.985000,0,2024-07-02 13:52:40.985000,,,,2023-10-25,珠投2号,890.00,5.00,0.6-0.8,5000,2023-10-26,2023-10-31
230,1,0,2024-07-02 13:52:40.985000,0,2024-07-02 13:52:40.985000,,,,2023-10-25,珠投1号,1020.00,5.00,0.6-0.8,5500,2023-10-26,2023-10-31
231,1,0,2024-07-02 13:52:40.985000,0,2024-07-02 13:52:40.985000,,,,2023-10-24,珠投1号,1020.00,5.00,0.6-0.8,5500,2023-10-25,2023-10-31
232,1,0,2024-07-02 13:52:40.985000,0,2024-07-02 13:52:40.985000,,,,2023-10-24,珠投2号,895.00,5.00,0.6-0.8,5000,2023-10-25,2023-10-31
233,1,0,2024-07-02 13:52:40.985000,0,2024-07-02 13:52:40.985000,,,,2023-10-24,珠投2号,895.00,5.00,0.6-0.8,5000,2023-10-25,2023-10-31
234,1,0,2024-07-02 13:52:40.985000,0,2024-07-02 13:52:40.985000,,,,2023-10-24,珠投1号,1020.00,5.00,0.6-0.8,5500,2023-10-25,2023-10-31
235,1,0,2024-07-02 13:52:40.985000,0,2024-07-02 13:52:40.985000,,,,2023-10-23,珠投2号,900.00,5.00,0.6-0.8,5000,2023-10-24,2023-10-31
236,1,0,2024-07-02 13:52:40.985000,0,2024-07-02 13:52:40.985000,,,,2023-10-23,珠投2号,900.00,5.00,0.6-0.8,5000,2023-10-24,2023-10-31
237,1,0,2024-07-02 13:52:40.985000,0,2024-07-02 13:52:40.985000,,,,2023-10-20,珠投2号,900.00,5.00,0.6-0.8,5000,2023-10-21,2023-10-31
238,1,0,2024-07-02 13:52:40.985000,0,2024-07-02 13:52:40.985000,,,,2023-10-20,珠投2号,900.00,5.00,0.6-0.8,5000,2023-10-21,2023-10-31
239,1,0,2024-07-02 13:52:40.985000,0,2024-07-02 13:52:40.985000,,,,2023-10-19,珠投2号,910.00,5.00,0.6-0.8,5000,2023-10-20,2023-10-31
240,1,0,2024-07-02 13:52:40.985000,0,2024-07-02 13:52:40.985000,,,,2023-10-19,珠投2号,910.00,5.00,0.6-0.8,5000,2023-10-20,2023-10-31
241,1,0,2024-07-02 13:52:40.985000,0,2024-07-02 13:52:40.985000,,,,2023-10-18,珠投2号,915.00,5.00,0.6-0.8,5000,2023-10-19,2023-10-25
242,1,0,2024-07-02 13:52:40.985000,0,2024-07-02 13:52:40.985000,,,,2023-10-18,珠投2号,915.00,5.00,0.6-0.8,5000,2023-10-19,2023-10-25
243,1,0,2024-07-02 13:52:40.985000,0,2024-07-02 13:52:40.985000,,,,2023-10-17,珠投2号,920.00,5.00,0.6-0.8,5000,2023-10-18,2023-10-24
244,1,0,2024-07-02 13:52:40.985000,0,2024-07-02 13:52:40.985000,,,,2023-10-17,珠投2号,920.00,5.00,0.6-0.8,5000,2023-10-18,2023-10-24
245,1,0,2024-07-02 13:52:40.985000,0,2024-07-02 13:52:40.985000,,,,2023-10-11,珠投2号,960.00,5.00,0.6-0.8,5000,2023-10-13,2023-10-20
246,1,0,2024-07-02 13:52:40.985000,0,2024-07-02 13:52:40.985000,,,,2023-10-10,珠投2号,960.00,5.00,0.6-0.8,5000,2023-10-10,2023-10-16
247,1,0,2024-07-02 13:52:40.985000,0,2024-07-02 13:52:40.985000,,,,2023-10-09,珠投2号,960.00,5.00,0.6-0.8,5000,2023-10-10,2023-10-16
248,1,0,2024-07-02 13:52:40.985000,0,2024-07-02 13:52:40.985000,,,,2023-10-08,珠投1号,1065.00,5.00,0.6-0.8,5500,2023-10-10,2023-10-20
249,1,0,2024-07-02 13:52:40.985000,0,2024-07-02 13:52:40.985000,,,,2023-10-08,珠投2号,945.00,5.00,0.6-0.8,5000,2023-10-10,2023-10-16
250,1,0,2024-07-02 13:52:40.985000,0,2024-07-02 13:52:40.985000,,,,2023-10-07,珠投2号,920.00,5.00,0.6-0.8,5000,2023-10-10,2023-10-16
251,1,0,2024-07-02 13:52:40.985000,0,2024-07-02 13:52:40.985000,,,,2023-09-27,珠投2号,920.00,5.00,0.6-0.8,5000,2023-09-28,2023-10-08
252,1,0,2024-07-02 13:52:40.985000,0,2024-07-02 13:52:40.985000,,,,2023-09-26,珠投2号,920.00,5.00,0.6-0.8,5000,2023-09-26,2023-10-05
253,1,0,2024-07-02 13:52:40.985000,0,2024-07-02 13:52:40.985000,,,,2023-09-25,珠投1号,1030.00,5.00,0.6-0.8,5500,2023-09-25,2023-09-30
254,1,0,2024-07-02 13:52:40.985000,0,2024-07-02 13:52:40.985000,,,,2023-09-25,珠投2号,920.00,5.00,0.6-0.8,5000,2023-09-25,2023-09-30
255,1,0,2024-07-02 13:52:40.985000,0,2024-07-02 13:52:40.985000,,,,2023-09-20,外购珠投1（纯蒙煤）,978.00,1.68,0.3-0.5,5300,2023-09-21,2023-09-30
256,1,0,2024-07-02 13:52:40.985000,0,2024-07-02 13:52:40.985000,,,,2023-09-19,珠投2号,900.00,5.00,0.6-0.8,5000,2023-09-25,2023-09-30
257,1,0,2024-07-02 13:52:40.985000,0,2024-07-02 13:52:40.985000,,,,2023-09-19,珠投1号(混煤),978.00,0.84,0.3-0.5,5300,2023-09-20,2023-09-30
258,1,0,2024-07-02 13:52:40.985000,0,2024-07-02 13:52:40.985000,,,,2023-09-13,珠投2号,810.00,5.00,0.6-0.8,5000,2023-09-23,2023-09-30
259,1,0,2024-07-02 13:52:40.985000,0,2024-07-02 13:52:40.985000,,,,2023-09-13,珠投1号,920.00,5.00,0.6-0.8,5500,2023-09-23,2023-09-30
260,1,0,2024-07-02 13:52:40.985000,0,2024-07-02 13:52:40.985000,,,,2023-09-06,珠投2号,790.00,3.00,0.6-0.8,5000,2023-09-18,2023-09-25
261,1,0,2024-07-02 13:52:40.985000,0,2024-07-02 13:52:40.985000,,,,2023-09-05,珠投2号,780.00,5.00,0.6-0.8,5000,2023-09-18,2023-09-25
262,1,0,2024-07-02 13:52:40.985000,0,2024-07-02 13:52:40.985000,,,,2023-09-04,珠投1号,875.00,4.30,0.6-0.8,5500,2023-09-04,2023-09-10
263,1,0,2024-07-02 13:52:40.985000,0,2024-07-02 13:52:40.985000,,,,2023-09-04,珠投2号,771.00,5.00,0.6-0.8,5000,2023-09-13,2023-09-20
264,1,0,2024-07-02 13:52:40.985000,0,2024-07-02 13:52:40.985000,,,,2023-09-04,珠投2号,770.00,5.00,0.6-0.8,5000,2023-09-08,2023-09-15
265,1,0,2024-07-02 13:52:40.985000,0,2024-07-02 13:52:40.985000,,,,2023-09-04,珠投1号,875.00,4.30,0.6-0.8,5500,2023-09-04,2023-09-10
266,1,0,2024-07-02 13:52:40.985000,0,2024-07-02 13:52:40.985000,,,,2023-09-01,珠投1号,875.00,4.20,0.6-0.8,5500,2023-09-01,2023-09-10
267,1,0,2024-07-02 13:52:40.985000,0,2024-07-02 13:52:40.985000,,,,2023-09-01,珠投1号,875.00,4.20,0.6-0.8,5500,2023-09-01,2023-09-10
268,1,0,2024-07-02 13:52:40.985000,0,2024-07-02 13:52:40.985000,,,,2023-08-31,珠投2号,750.00,5.00,0.6-0.8,5000,2023-09-05,2023-09-12
269,1,0,2024-07-02 13:52:40.985000,0,2024-07-02 13:52:40.985000,,,,2023-08-31,珠投2号,750.00,5.00,0.6-0.8,5000,2023-09-05,2023-09-12
270,1,0,2024-07-02 13:52:40.985000,0,2024-07-02 13:52:40.985000,,,,2023-08-30,珠投1号,850.00,3.00,0.6-0.8,5500,2023-09-01,2023-09-10
271,1,0,2024-07-02 13:52:40.985000,0,2024-07-02 13:52:40.985000,,,,2023-08-30,珠投1号,850.00,3.00,0.6-0.8,5500,2023-09-01,2023-09-10
272,1,0,2024-07-02 13:52:40.985000,0,2024-07-02 13:52:40.985000,,,,2023-08-30,珠投2号,730.00,5.00,0.6-0.8,5000,2023-09-01,2023-09-10
273,1,0,2024-07-02 13:52:40.985000,0,2024-07-02 13:52:40.985000,,,,2023-08-29,珠投2号,730.00,5.00,0.6-0.8,5000,2023-09-01,2023-09-10
274,1,0,2024-07-02 13:52:40.985000,0,2024-07-02 13:52:40.985000,,,,2023-08-29,珠投2号,730.00,5.00,0.6-0.8,5000,2023-09-01,2023-09-10
275,1,0,2024-07-02 13:52:40.985000,0,2024-07-02 13:52:40.985000,,,,2023-08-29,珠投1号,845.00,3.00,0.6-0.8,5500,2023-09-01,2023-09-10
276,1,0,2024-07-02 13:52:40.985000,0,2024-07-02 13:52:40.985000,,,,2023-08-23,珠投2号,720.00,3.00,0.6-0.8,5000,2023-08-24,2023-09-05
277,1,0,2024-07-02 13:52:40.985000,0,2024-07-02 13:52:40.985000,,,,2023-08-23,珠投2号,720.00,5.00,0.6-0.8,5000,2023-08-24,2023-09-05
278,1,0,2024-07-02 13:52:40.985000,0,2024-07-02 13:52:40.985000,,,,2023-08-22,珠投2号,715.00,5.00,0.6-0.8,5000,2023-08-23,2023-08-31
279,1,0,2024-07-02 13:52:40.985000,0,2024-07-02 13:52:40.985000,,,,2023-08-22,珠投2号,715.00,5.00,0.6-0.8,5000,2023-08-23,2023-08-31
280,1,0,2024-07-02 13:52:40.985000,0,2024-07-02 13:52:40.985000,,,,2023-08-21,珠投2号,715.00,5.00,0.6-0.8,5000,2023-08-22,2023-08-31
281,1,0,2024-07-02 13:52:40.985000,0,2024-07-02 13:52:40.985000,,,,2023-08-21,珠投2号,715.00,5.00,0.6-0.8,5000,2023-08-22,2023-08-31
282,1,0,2024-07-02 13:52:40.985000,0,2024-07-02 13:52:40.985000,,,,2023-08-19,珠投2号,715.00,5.00,0.6-0.8,5000,2023-08-20,2023-08-31
283,1,0,2024-07-02 13:52:40.985000,0,2024-07-02 13:52:40.985000,,,,2023-08-19,珠投2号,710.00,5.00,0.6-0.8,5000,2023-08-20,2023-08-31
284,1,0,2024-07-02 13:52:40.985000,0,2024-07-02 13:52:40.985000,,,,2023-08-18,珠投2号,705.00,5.00,0.6-0.8,5000,2023-08-19,2023-08-26
285,1,0,2024-07-02 13:52:40.985000,0,2024-07-02 13:52:40.985000,,,,2023-08-18,珠投2号,705.00,5.00,0.6-0.8,5000,2023-08-19,2023-08-26
286,1,0,2024-07-02 13:52:40.985000,0,2024-07-02 13:52:40.985000,,,,2023-08-17,珠投2号,705.00,5.00,0.6-0.8,5000,2023-08-18,2023-08-25
287,1,0,2024-07-02 13:52:40.985000,0,2024-07-02 13:52:40.985000,,,,2023-08-17,珠投2号,705.00,5.00,0.6-0.8,5000,2023-08-18,2023-08-25
288,1,0,2024-07-02 13:52:40.985000,0,2024-07-02 13:52:40.985000,,,,2023-08-16,珠投2号,715.00,5.00,0.6-0.8,5000,2023-08-17,2023-08-24
289,1,0,2024-07-02 13:52:40.985000,0,2024-07-02 13:52:40.985000,,,,2023-08-16,珠投2号,715.00,5.00,0.6-0.8,5000,2023-08-17,2023-08-24
290,1,0,2024-07-02 13:52:40.985000,0,2024-07-02 13:52:40.985000,,,,2023-08-15,珠投2号,720.00,5.00,0.6-0.8,5000,2023-08-16,2023-08-23
291,1,0,2024-07-02 13:52:40.985000,0,2024-07-02 13:52:40.985000,,,,2023-08-15,珠投2号,720.00,5.00,0.6-0.8,5000,2023-08-16,2023-08-23
292,1,0,2024-07-02 13:52:40.985000,0,2024-07-02 13:52:40.985000,,,,2023-08-14,珠投1号,835.00,3.00,0.6-0.8,5500,2023-08-15,2023-08-22
293,1,0,2024-07-02 13:52:40.985000,0,2024-07-02 13:52:40.985000,,,,2023-08-14,珠投2号,725.00,5.00,0.6-0.8,5000,2023-08-15,2023-08-22
294,1,0,2024-07-02 13:52:40.985000,0,2024-07-02 13:52:40.985000,,,,2023-08-11,珠投2号,725.00,5.00,0.6-0.8,5000,2023-08-12,2023-08-18
295,1,0,2024-07-02 13:52:40.985000,0,2024-07-02 13:52:40.985000,,,,2023-08-11,珠投2号,725.00,5.00,0.6-0.8,5000,2023-08-12,2023-08-18
296,1,0,2024-07-02 13:52:40.985000,0,2024-07-02 13:52:40.985000,,,,2023-08-10,珠投2号,737.00,5.00,0.6-0.8,5000,2023-08-11,2023-08-18
297,1,0,2024-07-02 13:52:40.985000,0,2024-07-02 13:52:40.985000,,,,2023-08-10,珠投2号,737.00,5.00,0.6-0.8,5000,2023-08-11,2023-08-18
298,1,0,2024-07-02 13:52:40.985000,0,2024-07-02 13:52:40.985000,,,,2023-08-09,珠投2号,737.00,5.00,0.6-0.8,5000,2023-08-10,2023-08-17
299,1,0,2024-07-02 13:52:40.985000,0,2024-07-02 13:52:40.985000,,,,2023-08-08,珠投2号,735.00,5.00,0.6-0.8,5000,2023-08-09,2023-08-15
300,1,0,2024-07-02 13:52:40.985000,0,2024-07-02 13:52:40.985000,,,,2023-08-08,珠投2号,735.00,5.00,0.6-0.8,5000,2023-08-09,2023-08-15
301,1,0,2024-07-02 13:52:40.985000,0,2024-07-02 13:52:40.985000,,,,2023-08-07,珠投2号,740.00,5.00,0.6-0.8,5000,2023-08-08,2023-08-15
302,1,0,2024-07-02 13:52:40.985000,0,2024-07-02 13:52:40.985000,,,,2023-08-07,珠投2号,740.00,5.00,0.6-0.8,5000,2023-08-08,2023-08-15
303,1,0,2024-07-02 13:52:40.985000,0,2024-07-02 13:52:40.985000,,,,2023-07-21,珠投1号,900.00,5.00,0.6-0.8,5500,2023-07-22,2023-07-31
304,1,0,2024-07-02 13:52:40.985000,0,2024-07-02 13:52:40.985000,,,,2023-07-21,珠投1号,900.00,5.00,0.6-0.8,5500,2023-07-22,2023-07-31
305,1,0,2024-07-02 13:52:40.985000,0,2024-07-02 13:52:40.985000,,,,2023-07-20,珠投1号,900.00,5.00,0.6-0.8,5500,2023-07-21,2023-07-31
306,1,0,2024-07-02 13:52:40.985000,0,2024-07-02 13:52:40.985000,,,,2023-07-20,珠投1号,900.00,5.00,0.6-0.8,5500,2023-07-21,2023-07-31
307,1,0,2024-07-02 13:52:40.985000,0,2024-07-02 13:52:40.985000,,,,2023-07-19,珠投1号,895.00,5.00,0.6-0.8,5500,2023-07-20,2023-07-31
308,1,0,2024-07-02 13:52:40.985000,0,2024-07-02 13:52:40.985000,,,,2023-07-19,珠投1号,895.00,5.00,0.6-0.8,5500,2023-07-20,2023-07-31
309,1,0,2024-07-02 13:52:40.985000,0,2024-07-02 13:52:40.985000,,,,2023-07-18,珠投1号,895.00,5.00,0.6-0.8,5500,2023-07-20,2023-07-31
310,1,0,2024-07-02 13:52:40.985000,0,2024-07-02 13:52:40.985000,,,,2023-07-18,珠投2号,785.00,5.00,0.6-0.8,5000,2023-07-19,2023-07-31
311,1,0,2024-07-02 13:52:40.985000,0,2024-07-02 13:52:40.985000,,,,2023-07-17,珠投2号,780.00,5.00,0.6-0.8,5000,2023-07-18,2023-07-25
312,1,0,2024-07-02 13:52:40.985000,0,2024-07-02 13:52:40.985000,,,,2023-07-17,珠投2号,780.00,5.00,,5000,2023-07-18,2023-07-25
313,1,0,2024-07-02 13:52:40.985000,0,2024-07-02 13:52:40.985000,,,,2023-07-03,珠投2号,750.00,5.00,,5000,2023-07-05,2023-07-15
314,1,0,2024-07-02 13:52:40.985000,0,2024-07-02 13:52:40.985000,,,,2023-07-03,珠投1号,860.00,1.60,,5500,2023-07-03,2023-07-10
315,1,0,2024-07-02 13:52:40.985000,0,2024-07-02 13:52:40.985000,,,,2023-07-03,珠投2号,750.00,5.00,,5000,2023-07-05,2023-07-12
316,1,0,2024-07-02 13:52:40.985000,0,2024-07-02 13:52:40.985000,,,,2023-07-03,珠投1号,860.00,1.60,,5500,2023-07-03,2023-07-10
317,1,0,2024-07-02 13:52:40.985000,0,2024-07-02 13:52:40.985000,,,,2023-06-30,珠投1号,860.00,1.60,,5500,2023-07-01,2023-07-10
318,1,0,2024-07-02 13:52:40.985000,0,2024-07-02 13:52:40.985000,,,,2023-06-30,珠投2号,750.00,5.00,,5000,2023-07-01,2023-07-10
319,1,0,2024-07-02 13:52:40.985000,0,2024-07-02 13:52:40.985000,,,,2023-06-30,珠投1号,860.00,2.00,,5500,2023-07-01,2023-07-10
320,1,0,2024-07-02 13:52:40.985000,0,2024-07-02 13:52:40.985000,,,,2023-06-30,珠投2号,750.00,5.00,,5000,2023-07-01,2023-07-10
321,1,0,2024-07-02 13:52:40.985000,0,2024-07-02 13:52:40.985000,,,,2023-06-29,珠投2号,745.00,5.00,,5000,2023-07-01,2023-07-10
322,1,0,2024-07-02 13:52:40.985000,0,2024-07-02 13:52:40.985000,,,,2023-06-29,珠投2号,745.00,5.00,,5000,2023-06-30,2023-07-07
323,1,0,2024-07-02 13:52:40.985000,0,2024-07-02 13:52:40.985000,,,,2023-06-28,珠投2号,745.00,5.00,,5000,2023-06-29,2023-07-06
324,1,0,2024-07-02 13:52:40.985000,0,2024-07-02 13:52:40.985000,,,,2023-06-28,珠投2号,745.00,5.00,,5000,2023-06-29,2023-07-06
325,1,0,2024-07-02 13:52:40.985000,0,2024-07-02 13:52:40.985000,,,,2023-06-27,珠投2号,745.00,5.00,,5000,2023-06-28,2023-07-05
326,1,0,2024-07-02 13:52:40.985000,0,2024-07-02 13:52:40.985000,,,,2023-06-26,珠投2号,745.00,5.00,,5000,2023-06-28,2023-07-05
327,1,0,2024-07-02 13:52:40.985000,0,2024-07-02 13:52:40.985000,,,,2023-06-21,珠投2号,765.00,5.00,,5000,2023-06-25,2023-07-02
328,1,0,2024-07-02 13:52:40.985000,0,2024-07-02 13:52:40.985000,,,,2023-06-21,珠投2号,765.00,5.00,,5000,2023-06-25,2023-07-02
329,1,0,2024-07-02 13:52:40.985000,0,2024-07-02 13:52:40.985000,,,,2023-06-20,珠投2号,745.00,5.00,,5000,2023-06-23,2023-06-30
330,1,0,2024-07-02 13:52:40.985000,0,2024-07-02 13:52:40.985000,,,,2023-06-13,珠投2号,670.00,5.00,,5000,2023-06-20,2023-06-27
331,1,0,2024-07-02 13:52:40.985000,0,2024-07-02 13:52:40.985000,,,,2023-06-12,珠投2号,680.00,5.00,,5000,2023-06-15,2023-06-22
332,1,0,2024-07-02 13:52:40.985000,0,2024-07-02 13:52:40.985000,,,,2023-06-09,珠投2号,680.00,5.00,,5000,2023-06-16,2023-06-22
333,1,0,2024-07-02 13:52:40.985000,0,2024-07-02 13:52:40.985000,,,,2023-06-09,珠投2号,680.00,5.00,,5000,2023-06-16,2023-06-22
334,1,0,2024-07-02 13:52:40.985000,0,2024-07-02 13:52:40.985000,,,,2023-06-08,珠投2号,725.00,5.00,,5000,2023-06-15,2023-06-22
335,1,0,2024-07-02 13:52:40.985000,0,2024-07-02 13:52:40.985000,,,,2023-06-08,珠投2号,725.00,5.00,,5000,2023-06-15,2023-06-22
336,1,0,2024-07-02 13:52:40.985000,0,2024-07-02 13:52:40.985000,,,,2023-06-07,珠投1号和珠投混煤1号,810.00,3.00,,5500,2023-06-15,2023-06-20
337,1,0,2024-07-02 13:52:40.985000,0,2024-07-02 13:52:40.985000,,,,2023-06-06,珠投2号,715.00,3.00,,5000,2023-06-13,2023-06-20
338,1,0,2024-07-02 13:52:40.985000,0,2024-07-02 13:52:40.985000,,,,2023-06-06,珠投2号,715.00,3.00,,5000,2023-06-13,2023-06-20
339,1,0,2024-07-02 13:52:40.985000,0,2024-07-02 13:52:40.985000,,,,2023-06-05,珠投2号,695.00,3.00,,5000,2023-06-12,2023-06-17
340,1,0,2024-07-02 13:52:40.985000,0,2024-07-02 13:52:40.985000,,,,2023-06-05,珠投2号,690.00,3.00,,5000,2023-06-12,2023-06-17
341,1,0,2024-07-02 13:52:40.985000,0,2024-07-02 13:52:40.985000,,,,2023-06-05,珠投1号,785.00,2.50,,5500,2023-06-08,2023-06-15
342,1,0,2024-07-02 13:52:40.985000,0,2024-07-02 13:52:40.985000,,,,2023-06-02,珠投1号,770.00,5.00,,5500,2023-06-02,2023-06-08
343,1,0,2024-07-02 13:52:40.985000,0,2024-07-02 13:52:40.985000,,,,2023-06-01,珠投1号,780.00,5.00,,5500,2023-06-01,2023-06-08
344,1,0,2024-07-02 13:52:40.985000,0,2024-07-02 13:52:40.985000,,,,2023-06-01,珠投1号,780.00,5.00,,5500,2023-06-01,2023-06-07
345,1,0,2024-07-02 13:52:40.985000,0,2024-07-02 13:52:40.985000,,,,2023-06-01,珠投2号,680.00,5.00,,5000,2023-06-01,2023-06-07
346,1,0,2024-07-02 13:52:40.985000,0,2024-07-02 13:52:40.985000,,,,2023-05-31,珠投1号,810.00,5.00,,5500,2023-05-31,2023-06-07
347,1,0,2024-07-02 13:52:40.985000,0,2024-07-02 13:52:40.985000,,,,2023-05-31,珠投2号和珠投混煤2号,710.00,5.00,,5000,2023-05-31,2023-06-07
348,1,0,2024-07-02 13:52:40.985000,0,2024-07-02 13:52:40.985000,,,,2023-05-31,珠投1号,810.00,5.00,,5500,2023-05-31,2023-06-07
349,1,0,2024-07-02 13:52:40.985000,0,2024-07-02 13:52:40.985000,,,,2023-05-31,珠投2号和珠投混煤2号,710.00,5.00,,5000,2023-05-31,2023-06-07
350,1,0,2024-07-02 13:52:40.985000,0,2024-07-02 13:52:40.985000,,,,2023-05-30,珠投2号和珠投混煤2号,735.00,5.00,,5000,2023-05-30,2023-06-05
351,1,0,2024-07-02 13:52:40.985000,0,2024-07-02 13:52:40.985000,,,,2023-05-30,珠投1号,835.00,5.00,,5500,2023-05-30,2023-06-05
352,1,0,2024-07-02 13:52:40.985000,0,2024-07-02 13:52:40.985000,,,,2023-05-30,珠投1号,855.00,5.00,,5500,2023-05-30,2023-06-05
353,1,0,2024-07-02 13:52:40.985000,0,2024-07-02 13:52:40.985000,,,,2023-05-30,珠投2号和珠投混煤2号,755.00,5.00,,5000,2023-05-30,2023-06-05
354,1,0,2024-07-02 13:52:40.985000,0,2024-07-02 13:52:40.985000,,,,2023-05-29,珠投2号和珠投混煤2号,755.00,3.00,,5000,2023-05-29,2023-06-05
355,1,0,2024-07-02 13:52:40.985000,0,2024-07-02 13:52:40.985000,,,,2023-05-29,珠投1号,855.00,2.70,,5500,2023-05-29,2023-06-05
356,1,0,2024-07-02 13:52:40.985000,0,2024-07-02 13:52:40.985000,,,,2023-05-29,珠投2号和珠投混煤2号,755.00,5.00,,5000,2023-05-29,2023-06-05
357,1,0,2024-07-02 13:52:40.985000,0,2024-07-02 13:52:40.985000,,,,2023-05-29,珠投1号,855.00,5.00,,5500,2023-05-29,2023-06-05
358,1,0,2024-07-02 13:52:40.985000,0,2024-07-02 13:52:40.985000,,,,2023-05-27,珠投2号和珠投混煤2号,780.00,5.00,,5000,2023-05-28,2023-06-03
359,1,0,2024-07-02 13:52:40.985000,0,2024-07-02 13:52:40.985000,,,,2023-05-27,珠投1号,875.00,5.00,,5500,2023-05-27,2023-05-31
360,1,0,2024-07-02 13:52:40.985000,0,2024-07-02 13:52:40.985000,,,,2023-05-27,珠投2号和珠投混煤2号,780.00,5.00,,5000,2023-05-28,2023-06-03
361,1,0,2024-07-02 13:52:40.985000,0,2024-07-02 13:52:40.985000,,,,2023-05-27,珠投1号,875.00,5.00,,5500,2023-05-27,2023-05-31
362,1,0,2024-07-02 13:52:40.985000,0,2024-07-02 13:52:40.985000,,,,2023-05-26,珠投1号,890.00,5.00,,5500,2023-05-26,2023-05-31
363,1,0,2024-07-02 13:52:40.985000,0,2024-07-02 13:52:40.985000,,,,2023-05-26,珠投2号和珠投混煤2号,790.00,5.00,,5000,2023-05-27,2023-05-31
364,1,0,2024-07-02 13:52:40.985000,0,2024-07-02 13:52:40.985000,,,,2023-05-26,珠投1号,890.00,5.00,,5500,2023-05-26,2023-05-31
365,1,0,2024-07-02 13:52:40.985000,0,2024-07-02 13:52:40.985000,,,,2023-05-26,珠投2号和珠投混煤2号,790.00,5.00,,5000,2023-05-27,2023-05-31
366,1,0,2024-07-02 13:52:40.985000,0,2024-07-02 13:52:40.985000,,,,2023-05-25,珠投1号,910.00,5.00,,5500,2023-05-25,2023-05-31
367,1,0,2024-07-02 13:52:40.985000,0,2024-07-02 13:52:40.985000,,,,2023-05-25,珠投2号和珠投混煤2号,810.00,5.00,,5000,2023-05-27,2023-05-31
368,1,0,2024-07-02 13:52:40.985000,0,2024-07-02 13:52:40.985000,,,,2023-05-25,珠投1号,910.00,5.00,,5500,2023-05-25,2023-05-31
369,1,0,2024-07-02 13:52:40.985000,0,2024-07-02 13:52:40.985000,,,,2023-05-25,珠投2号和珠投混煤2号,810.00,5.00,,5000,2023-05-27,2023-05-31
370,1,0,2024-07-02 13:52:40.985000,0,2024-07-02 13:52:40.985000,,,,2023-05-24,珠投1号,955.00,5.00,,5500,2023-05-24,2023-05-31
371,1,0,2024-07-02 13:52:40.985000,0,2024-07-02 13:52:40.985000,,,,2023-05-24,珠投2号和珠投混煤2号,840.00,5.00,,5000,2023-05-26,2023-05-31
372,1,0,2024-07-02 13:52:40.985000,0,2024-07-02 13:52:40.985000,,,,2023-05-24,珠投2号和珠投混煤2号,840.00,5.00,,5000,2023-05-26,2023-05-31
373,1,0,2024-07-02 13:52:40.985000,0,2024-07-02 13:52:40.985000,,,,2023-05-24,珠投1号,955.00,5.00,,5500,2023-05-24,2023-05-31
374,1,0,2024-07-02 13:52:40.985000,0,2024-07-02 13:52:40.985000,,,,2023-05-23,珠投1号,975.00,4.50,,5500,2023-05-23,2023-05-31
375,1,0,2024-07-02 13:52:40.985000,0,2024-07-02 13:52:40.985000,,,,2023-05-23,珠投2号和珠投混煤2号,860.00,5.00,,5000,2023-05-25,2023-05-31
376,1,0,2024-07-02 13:52:40.985000,0,2024-07-02 13:52:40.985000,,,,2023-05-23,珠投1号,975.00,5.00,,5500,2023-05-23,2023-05-31
377,1,0,2024-07-02 13:52:40.985000,0,2024-07-02 13:52:40.985000,,,,2023-05-23,珠投2号和珠投混煤2号,860.00,5.00,,5000,2023-05-25,2023-05-31
378,1,0,2024-07-02 13:52:40.985000,0,2024-07-02 13:52:40.985000,,,,2023-05-22,珠投1号,975.00,5.00,,5500,2023-05-22,2023-05-31
379,1,0,2024-07-02 13:52:40.985000,0,2024-07-02 13:52:40.985000,,,,2023-05-22,珠投2号和珠投混煤2号,860.00,5.00,,5000,2023-05-25,2023-05-31
380,1,0,2024-07-02 13:52:40.985000,0,2024-07-02 13:52:40.985000,,,,2023-05-22,珠投2号和珠投2号（混）,860.00,5.00,,5000,2023-05-25,2023-05-31
381,1,0,2024-07-02 13:52:40.985000,0,2024-07-02 13:52:40.985000,,,,2023-05-22,珠投1号,975.00,5.00,,5500,2023-05-22,2023-05-31
382,1,0,2024-07-02 13:52:40.985000,0,2024-07-02 13:52:40.985000,,,,2023-05-19,珠投1号,980.00,5.00,,5500,2023-05-19,2023-05-27
383,1,0,2024-07-02 13:52:40.985000,0,2024-07-02 13:52:40.985000,,,,2023-05-19,珠投2号和珠投2号（混）,865.00,4.00,,5000,2023-05-23,2023-05-31
384,1,0,2024-07-02 13:52:40.985000,0,2024-07-02 13:52:40.985000,,,,2023-05-19,珠投1号,980.00,6.00,,5500,2023-05-19,2023-05-27
385,1,0,2024-07-02 13:52:40.985000,0,2024-07-02 13:52:40.985000,,,,2023-05-19,珠投2号和珠投2号（混）,865.00,5.00,,5000,2023-05-23,2023-05-31
386,1,0,2024-07-02 13:52:40.985000,0,2024-07-02 13:52:40.985000,,,,2023-05-18,珠投2号和珠投2号（混）,865.00,4.00,,5000,2023-05-23,2023-05-31
387,1,0,2024-07-02 13:52:40.985000,0,2024-07-02 13:52:40.985000,,,,2023-05-18,珠投1号,980.00,5.00,,5500,2023-05-18,2023-05-26
388,1,0,2024-07-02 13:52:40.985000,0,2024-07-02 13:52:40.985000,,,,2023-05-18,珠投2号和珠投2号（混）,865.00,5.00,,5000,2023-05-23,2023-05-31
389,1,0,2024-07-02 13:52:40.985000,0,2024-07-02 13:52:40.985000,,,,2023-05-18,珠投1号,980.00,5.00,,5500,2023-05-18,2023-05-26
390,1,0,2024-07-02 13:52:40.985000,0,2024-07-02 13:52:40.985000,,,,2023-05-17,珠投1号,980.00,3.00,,5500,2023-05-17,2023-05-25
391,1,0,2024-07-02 13:52:40.985000,0,2024-07-02 13:52:40.985000,,,,2023-05-17,珠投1号,980.00,3.00,,5500,2023-05-17,2023-05-25
392,1,0,2024-07-02 13:52:40.985000,0,2024-07-02 13:52:40.985000,,,,2023-05-17,珠投2号和珠投2号（混）,865.00,5.00,,5000,2023-05-20,2023-05-27
393,1,0,2024-07-02 13:52:40.985000,0,2024-07-02 13:52:40.985000,,,,2023-05-16,珠投2号,865.00,1.50,,5000,2023-05-20,2023-05-25
394,1,0,2024-07-02 13:52:40.985000,0,2024-07-02 13:52:40.985000,,,,2023-05-16,珠投1号,980.00,5.00,,5500,2023-05-16,2023-05-22
395,1,0,2024-07-02 13:52:40.985000,0,2024-07-02 13:52:40.985000,,,,2023-05-16,珠投1号,980.00,5.00,,5500,2023-05-16,2023-05-22
396,1,0,2024-07-02 13:52:40.985000,0,2024-07-02 13:52:40.985000,,,,2023-05-16,珠投2号,865.00,5.00,,5000,2023-05-20,2023-05-25
397,1,0,2024-07-02 13:52:40.985000,0,2024-07-02 13:52:40.985000,,,,2023-05-15,珠投2号,870.00,2.50,,5000,2023-05-15,2023-05-22
398,1,0,2024-07-02 13:52:40.985000,0,2024-07-02 13:52:40.985000,,,,2023-05-15,珠投1号,980.00,3.50,,5500,2023-05-15,2023-05-22
399,1,0,2024-07-02 13:52:40.985000,0,2024-07-02 13:52:40.985000,,,,2023-05-15,珠投1号,980.00,5.00,,5500,2023-05-15,2023-05-22
400,1,0,2024-07-02 13:52:40.985000,0,2024-07-02 13:52:40.985000,,,,2023-05-15,珠投2号,870.00,5.00,,5000,2023-05-15,2023-05-22
401,1,0,2024-07-09 12:02:18.253000,0,2024-07-09 12:04:05.163000,"秦皇岛,国投曹妃甸,国投京唐港,3640码头,曹二期",,,2024-07-09,珠投2号,770.00,5.00,0.6-0.8,5000,2024-07-10,2024-07-20
402,1,0,2024-07-09 12:02:18.253000,0,2024-07-09 12:04:08.780000,"秦皇岛,国投曹妃甸,国投京唐港,3640码头,曹二期",,,2024-07-08,珠投2号,770.00,5.00,0.6-0.8,5000,2024-07-09,2024-07-20
403,1,0,2024-07-09 12:02:18.253000,0,2024-07-09 12:04:12.013000,"秦皇岛,国投曹妃甸,国投京唐港,3640码头,曹二期",,,2024-07-05,珠投2号,760.00,5.00,0.6-0.8,5000,2024-07-06,2024-07-15
404,1,0,2024-07-31 18:00:06.390000,0,2024-07-31 18:00:06.390000,,,,2024-07-09,珠投2号,770.00,5.00,0.6-0.8,5000,2024-07-10,2024-07-20
405,1,0,2024-08-02 16:41:55.497000,0,2024-08-02 16:41:55.497000,,,,2024-08-01,珠投2号,775.00,5.00,0.6-0.8,5000,2024-08-02,2024-08-10
406,1,0,2024-08-02 16:42:25.898000,0,2024-08-02 16:42:25.898000,,,,2024-08-02,珠投2号,775.00,5.00,0.6-0.8,5000,2024-08-03,2024-08-10
407,1,0,2024-08-28 14:29:22.506000,0,2024-09-04 14:45:10.502000,"曹二期,3640码头,国投京唐港,国投曹妃甸,秦皇岛",,,2024-08-28,珠投2号,755.00,5.00,0.6-0.8,5000,2024-08-29,2024-09-08
408,1,0,2024-08-28 14:29:22.506000,0,2024-09-04 14:45:21.383000,"曹二期,3640码头,国投京唐港,国投曹妃甸,秦皇岛",,,2024-08-26,珠投2号,755.00,5.00,0.6-0.8,5000,2024-08-27,2024-09-05
409,1,0,2024-08-28 14:29:22.506000,0,2024-09-04 14:45:16.315000,"秦皇岛,国投曹妃甸,国投京唐港,3640码头,曹二期",,,2024-08-26,珠投2号,755.00,5.00,0.6-0.8,5000,2024-08-27,2024-09-05
410,1,0,2024-08-28 14:29:22.506000,0,2024-09-04 14:45:26.521000,"秦皇岛,国投曹妃甸,国投京唐港,3640码头,曹二期",,,2024-08-23,珠投2号,755.00,5.00,0.6-0.8,5000,2024-08-24,2024-08-31
411,1,0,2024-09-04 15:27:59.709000,0,2024-09-04 15:27:59.709000,,,,2024-08-30,珠江2号,760.00,5.00,0.6-0.8,5000,2024-08-31,2024-09-10
412,1,0,2024-09-04 15:28:38.483000,0,2024-09-04 15:28:38.483000,,,,2024-08-30,珠江2号,760.00,5.00,0.6-0.8,5000,2024-08-31,2024-09-10
413,1,0,2024-10-10 16:42:16.908000,0,2024-10-10 16:42:16.908000,"国投京唐港,国投曹妃甸",,,2024-10-10,珠投5号,685.00,5.00,0.6-0.8%,4500大卡,2024-10-11,2024-10-20
414,1,0,2024-10-10 16:42:16.908000,0,2024-10-10 16:42:16.908000,国投京唐港,,,2024-10-10,珠投5号,685.00,5.00,0.6-0.8%,4500大卡,2024-10-11,2024-10-20
415,1,0,2024-10-10 16:42:16.908000,0,2024-10-10 16:42:16.908000,"秦皇岛,国投曹妃甸,国投京唐港,3640码头,曹二期",,,2024-10-10,珠投2号,785.00,5.00,0.6-0.8%,5000大卡,2024-10-11,2024-10-20
416,1,0,2024-10-10 16:42:16.908000,0,2024-10-10 16:42:16.908000,"秦皇岛,国投曹妃甸,国投京唐港,3640码头,曹二期",,,2024-09-30,珠投2号,790.00,5.00,0.6-0.8%,5000大卡,2024-10-01,2024-10-10
417,1,0,2024-10-10 16:42:16.908000,0,2024-10-10 16:42:16.908000,"国投曹妃甸,国投京唐港,3640码头",,,2024-09-29,珠投2号,785.00,5.00,0.6-0.8%,5000大卡,2024-09-30,2024-10-10
418,1,0,2024-10-10 16:42:16.908000,0,2024-10-10 16:42:16.908000,"国投曹妃甸,3640码头",,,2024-09-29,珠投5号,690.00,5.00,0.6-0.8%,4500大卡,2024-09-30,2024-10-10
419,1,0,2024-10-10 16:42:16.908000,0,2024-10-10 16:42:16.908000,"秦皇岛,国投曹妃甸,3640码头,国投京唐港,曹二期",,,2024-09-29,珠投2号,790.00,5.00,0.6-0.8%,5000大卡,2024-09-30,2024-10-10
420,1,0,2024-10-10 16:42:16.908000,0,2024-10-10 16:42:16.908000,国投京唐港,,,2024-09-29,珠投5号,700.00,5.00,0.6-0.8%,4500大卡,2024-09-30,2024-10-10
421,1,0,2024-10-10 16:42:16.908000,0,2024-10-10 16:42:16.908000,"秦皇岛,国投曹妃甸,国投京唐港,3640码头,曹二期",,,2024-09-29,珠投2号,790.00,5.00,0.6-0.8%,5000大卡,2024-09-30,2024-10-10
422,1,0,2024-10-10 16:42:16.908000,0,2024-10-10 16:42:16.908000,"国投曹妃甸,国投京唐港,3640码头",,,2024-09-29,珠投2号,785.00,5.00,0.6-0.8%,5000大卡,2024-09-30,2024-10-10
423,1,0,2024-10-10 16:42:16.908000,0,2024-10-10 16:42:16.908000,国投京唐港,,,2024-09-29,珠投5号,700.00,5.00,0.6-0.8%,4500大卡,2024-09-30,2024-10-10
424,1,0,2024-10-10 16:42:16.908000,0,2024-10-10 16:42:16.908000,"国投曹妃甸,3640码头",,,2024-09-29,珠投5号,690.00,5.00,0.6-0.8%,4500大卡,2024-09-30,2024-10-10
425,1,0,2024-10-10 16:42:16.908000,0,2024-10-10 16:42:16.908000,国投京唐港,,,2024-09-27,珠投5号,700.00,5.00,0.6-0.8%,4500大卡,2024-09-28,2024-10-07
426,1,0,2024-10-10 16:42:16.908000,0,2024-10-10 16:42:16.908000,"国投曹妃甸,3640码头",,,2024-09-27,珠投5号,690.00,5.00,0.6-0.8%,4500大卡,2024-09-28,2024-10-07
427,1,0,2024-10-10 16:42:16.908000,0,2024-10-10 16:42:16.908000,"曹二期,3640码头,国投京唐港,国投曹妃甸,秦皇岛",,,2024-09-27,珠投2号,790.00,5.00,0.6-0.8%,5000大卡,2024-09-28,2024-10-07
428,1,0,2024-10-10 16:42:16.908000,0,2024-10-10 16:42:16.908000,国投京唐港,,,2024-09-27,珠投5号,700.00,5.00,0.6-0.8%,4500大卡,2024-09-28,2024-10-07
429,1,0,2024-10-10 16:42:16.908000,0,2024-10-10 16:42:16.908000,"国投曹妃甸,3640码头",,,2024-09-27,珠投5号,690.00,5.00,0.6-0.8%,4500大卡,2024-09-28,2024-10-07
430,1,0,2024-10-10 16:42:16.908000,0,2024-10-10 16:42:16.908000,"曹二期,3640码头,国投京唐港,国投曹妃甸,秦皇岛",,,2024-09-27,珠投2号,790.00,5.00,0.6-0.8%,5000大卡,2024-09-28,2024-10-07
431,1,0,2024-10-10 16:42:16.908000,0,2024-10-10 16:42:16.908000,国投京唐港,,,2024-09-26,珠投5号,700.00,5.00,0.6-0.8%,4500大卡,2024-09-27,2024-10-07
432,1,0,2024-10-10 16:42:16.908000,0,2024-10-10 16:42:16.908000,"国投曹妃甸,3640码头",,,2024-09-26,珠投5号,690.00,5.00,0.6-0.8%,4500大卡,2024-09-27,2024-10-07
433,1,0,2024-10-10 16:42:16.908000,0,2024-10-10 16:42:16.908000,"秦皇岛,国投曹妃甸,国投京唐港,3640码头,曹二期",,,2024-09-26,珠投2号,790.00,5.00,0.6-0.8%,5000大卡,2024-09-27,2024-10-07
434,1,0,2024-10-10 16:42:16.908000,0,2024-10-10 16:42:16.908000,曹二期,,,2024-09-24,珠投2号,790.00,5.00,0.6-0.8%,5000大卡,2024-09-25,2024-10-05
435,1,0,2024-10-10 16:42:16.908000,0,2024-10-10 16:42:16.908000,国投京唐港,,,2024-09-23,珠投5号,700.00,5.00,0.6-0.8%,4500大卡,2024-09-24,2024-10-05
436,1,0,2024-10-10 16:42:16.908000,0,2024-10-10 16:42:16.908000,"国投曹妃甸,3640码头",,,2024-09-23,珠投5号,690.00,5.00,0.6-0.8%,4500大卡,2024-09-24,2024-10-05
437,1,0,2024-10-10 16:42:16.908000,0,2024-10-10 16:42:16.908000,国投曹妃甸,,,2024-09-20,珠投5号,690.00,5.00,0.6-0.8%,4500大卡,2024-09-21,2024-09-30
438,1,0,2024-10-10 16:42:16.908000,0,2024-10-10 16:42:16.908000,"国投曹妃甸,曹二期",,,2024-09-09,珠投2号,770.00,5.00,0.6-0.8%,5000大卡,2024-09-10,2024-09-17
439,1,0,2024-10-10 16:42:16.908000,0,2024-10-10 16:42:16.908000,"秦皇岛,国投曹妃甸,国投京唐港,3640码头,曹二期",,,2024-09-06,珠投2号,760.00,5.00,0.6-0.8%,5000大卡,2024-09-07,2024-09-13
440,1,0,2024-10-15 17:15:18.304000,0,2024-10-15 17:15:18.304000,"国投曹妃甸,国投京唐港,3640码头",,,2024-10-15,珠投5号,670.00,5.00,0.6-0.8%,4500大卡,2024-10-16,2024-10-25
441,1,0,2024-10-15 17:15:18.304000,0,2024-10-15 17:15:18.304000,"秦皇岛,国投曹妃甸,国投京唐港,3640码头,曹二期",,,2024-10-15,珠投2号,770.00,5.00,0.6-0.8%,5000大卡,2024-10-16,2024-10-25
442,1,0,2024-10-15 17:15:18.304000,0,2024-10-15 17:15:18.304000,"国投曹妃甸,国投京唐港,3640码头",,,2024-10-12,珠投5号,675.00,5.00,0.6-0.8%,4500大卡,2024-10-13,2024-10-20
443,1,0,2024-10-15 17:15:18.304000,0,2024-10-15 17:15:18.304000,"曹二期,3640码头,国投京唐港,国投曹妃甸,秦皇岛",,,2024-10-12,珠投2号,775.00,5.00,0.6-0.8%,5000大卡,2024-10-13,2024-10-20
444,1,0,2024-10-15 17:15:18.304000,0,2024-10-15 17:15:18.304000,"秦皇岛,国投曹妃甸,国投京唐港,3640码头,曹二期",,,2024-10-12,珠投2号,775.00,5.00,0.6-0.8%,5000大卡,2024-10-13,2024-10-20
445,1,0,2024-10-15 17:15:18.304000,0,2024-10-15 17:15:18.304000,"国投曹妃甸,国投京唐港,3640码头",,,2024-10-12,珠投5号,675.00,5.00,0.6-0.8%,4500大卡,2024-10-13,2024-10-20
446,1,0,2024-10-23 16:09:07.363000,0,2024-10-23 16:09:07.363000,"秦皇岛,国投曹妃甸,国投京唐港,3640码头,曹二期",,,2024-10-22,珠投2号,775.00,5.00,0.6-0.8%,5000大卡,2024-10-23,2024-10-31
447,1,0,2024-10-23 16:09:07.363000,0,2024-10-23 16:09:07.363000,"国投曹妃甸,国投京唐港",,,2024-10-22,珠投5号,670.00,5.00,0.6-0.8%,4500大卡,2024-10-23,2024-10-31
448,1,0,2024-10-23 16:09:07.363000,0,2024-10-23 16:09:07.363000,"秦皇岛,国投曹妃甸,国投京唐港,3640码头,曹二期",,,2024-10-22,珠投2号,770.00,5.00,0.6-0.8%,5000大卡,2024-10-23,2024-10-31
449,1,0,2024-10-23 16:09:07.363000,0,2024-10-23 16:09:07.363000,"秦皇岛,国投曹妃甸,国投京唐港,曹二期,3640码头",,,2024-10-18,珠投2号,770.00,5.00,0.6-0.8%,5000大卡,2024-10-19,2024-10-25
450,1,0,2024-10-23 16:09:07.363000,0,2024-10-23 16:09:07.363000,"国投曹妃甸,国投京唐港",,,2024-10-18,珠投5号,670.00,5.00,0.6-0.8%,4500大卡,2024-10-19,2024-10-25
451,1,0,2024-10-23 16:09:07.363000,0,2024-10-23 16:09:07.363000,"国投曹妃甸,国投京唐港",,,2024-10-17,珠投5号,670.00,5.00,0.6-0.8%,4500大卡,2024-10-18,2024-10-25
452,1,0,2024-10-23 16:09:07.363000,0,2024-10-23 16:09:07.363000,"秦皇岛,国投曹妃甸,国投京唐港,3640码头,曹二期",,,2024-10-17,珠投2号,770.00,5.00,0.6-0.8%,5000大卡,2024-10-18,2024-10-25
453,1,0,2024-12-09 14:49:16.521000,0,2024-12-09 14:49:16.521000,"秦皇岛,国投曹妃甸,国投京唐港,3640码头,曹二期",,,2024-12-06,珠投2号,725.00,5.00,0.6-0.8%,5000大卡,2024-12-07,2024-12-15
454,1,0,2024-12-09 14:49:16.521000,0,2024-12-09 14:49:16.521000,国投曹妃甸,,,2024-12-06,珠投1号,830.00,5.00,0.6-0.8%,5500大卡,2024-12-07,2024-12-15
455,1,0,2024-12-09 14:49:16.521000,0,2024-12-09 14:49:16.521000,"秦皇岛,国投曹妃甸,国投京唐港,3640码头,曹二期",,,2024-12-05,珠投2号,730.00,5.00,0.6-0.8%,5000大卡,2024-12-06,2024-12-15
456,1,0,2024-12-09 14:49:16.521000,0,2024-12-09 14:49:16.521000,国投京唐港,,,2024-12-05,珠投5号,635.00,2.70,0.6-0.8%,4500大卡,2024-12-06,2024-12-15
457,1,0,2024-12-09 14:49:16.521000,0,2024-12-09 14:49:16.521000,国投曹妃甸,,,2024-12-05,珠投1号,830.00,5.00,0.6-0.8%,5500大卡,2024-12-06,2024-12-15
458,1,0,2024-12-09 14:49:16.521000,0,2024-12-09 14:49:16.521000,"国投曹妃甸,秦皇岛,国投京唐港,3640码头,曹二期",,,2024-12-04,珠投2号,730.00,5.00,0.6-0.8%,5000大卡,2024-12-05,2024-12-15
459,1,0,2024-12-09 14:49:16.521000,0,2024-12-09 14:49:16.521000,国投京唐港,,,2024-12-04,珠投5号,635.00,2.70,0.6-0.8%,4500大卡,2024-12-05,2024-12-15
460,1,0,2024-12-09 14:49:16.521000,0,2024-12-09 14:49:16.521000,国投曹妃甸,,,2024-12-04,珠投1号,830.00,5.00,0.6-0.8%,5500大卡,2024-12-05,2024-12-15
461,1,0,2024-12-09 14:49:16.521000,0,2024-12-09 14:49:16.521000,"秦皇岛,国投曹妃甸,国投京唐港,3640码头,曹二期",,,2024-12-03,珠投2号,730.00,5.00,0.6-0.8%,5000大卡,2024-12-03,2024-12-10
462,1,0,2024-12-09 14:49:16.521000,0,2024-12-09 14:49:16.521000,国投京唐港,,,2024-12-03,珠投5号,635.00,2.70,0.6-0.8%,4500大卡,2024-12-04,2024-12-10
463,1,0,2024-12-09 14:49:16.521000,0,2024-12-09 14:49:16.521000,国投曹妃甸,,,2024-12-03,珠投1号,830.00,5.00,0.6-0.8%,5500大卡,2024-12-04,2024-12-10
464,1,0,2024-12-09 14:49:16.521000,0,2024-12-09 14:49:16.521000,"秦皇岛,国投曹妃甸,国投京唐港,3640码头,曹二期",,,2024-11-29,珠投2号,735.00,5.00,0.6-0.8%,5000大卡,2024-11-30,2024-12-10
465,1,0,2024-12-09 14:49:16.521000,0,2024-12-09 14:49:16.521000,国投曹妃甸,,,2024-11-29,珠投1号,835.00,5.00,0.6-0.8%,5500大卡,2024-11-30,2024-12-10
466,1,0,2024-12-09 14:49:16.521000,0,2024-12-09 14:49:16.521000,国投京唐港,,,2024-11-29,珠投5号,640.00,2.70,0.6-0.8%,4500大卡,2024-11-30,2024-12-10
467,1,0,2024-12-09 14:49:16.521000,0,2024-12-09 14:49:16.521000,国投京唐港,,,2024-11-29,珠投5号,640.00,2.70,0.6-0.8%,4500大卡,2024-11-30,2024-12-10
468,1,0,2024-12-09 14:49:16.521000,0,2024-12-09 14:49:16.521000,国投曹妃甸,,,2024-11-29,珠投1号,835.00,5.00,0.6-0.8%,5500大卡,2024-11-30,2024-12-10
469,1,0,2024-12-09 14:49:16.521000,0,2024-12-09 14:49:16.521000,"秦皇岛,国投曹妃甸,国投京唐港,3640码头,曹二期",,,2024-11-29,珠投2号,735.00,5.00,0.6-0.8%,5000大卡,2024-11-30,2024-12-10
470,1,0,2024-12-09 14:49:16.521000,0,2024-12-09 14:49:16.521000,"秦皇岛,国投京唐港",,,2024-11-21,珠投2号,735.00,5.00,0.6-0.8%,5000大卡,2024-11-22,2024-11-30
471,1,0,2024-12-09 14:49:16.521000,0,2024-12-09 14:49:16.521000,"秦皇岛,国投曹妃甸,国投京唐港,3640码头,曹二期",,,2024-11-19,珠投2号,745.00,5.00,0.6-0.8%,5000大卡,2024-11-20,2024-11-30
472,1,0,2024-12-09 14:49:16.521000,0,2024-12-09 14:49:16.521000,国投曹妃甸,,,2024-11-19,珠投1号,845.00,2.00,0.6-0.8%,5500大卡,2024-11-20,2024-11-30
473,1,0,2024-12-09 14:49:16.521000,0,2024-12-09 14:49:16.521000,"秦皇岛,国投曹妃甸,国投京唐港,3640码头,曹二期",,,2024-11-18,珠投2号,745.00,5.00,0.6-0.8%,5000大卡,2024-11-19,2024-11-30
474,1,0,2024-12-09 14:49:16.521000,0,2024-12-09 14:49:16.521000,国投曹妃甸,,,2024-11-18,珠投1号,845.00,2.00,0.6-0.8%,5500大卡,2024-11-19,2024-11-30
475,1,0,2024-12-09 14:49:16.521000,0,2024-12-09 14:49:16.521000,"秦皇岛,国投曹妃甸,3640码头,曹二期,国投京唐港",,,2024-11-15,珠投2号,745.00,5.00,0.6-0.8%,5000大卡,2024-11-16,2024-11-30
476,1,0,2024-12-09 14:49:16.521000,0,2024-12-09 14:49:16.521000,"曹二期,3640码头,国投京唐港,国投曹妃甸,秦皇岛",,,2024-11-14,珠投2号,750.00,5.00,0.6-0.8%,5000大卡,2024-11-15,2024-11-20
477,1,0,2024-12-09 14:49:16.521000,0,2024-12-09 14:49:16.521000,国投京唐港,,,2024-11-13,珠投5号,665.00,4.30,0.6-0.8%,4500大卡,2024-11-14,2024-11-20
478,1,0,2024-12-09 14:49:16.521000,0,2024-12-09 14:49:16.521000,"秦皇岛,国投曹妃甸,国投京唐港,3640码头,曹二期",,,2024-11-13,珠投2号,760.00,5.00,0.6-0.8%,5000大卡,2024-11-14,2024-11-20
479,1,0,2024-12-09 14:49:16.521000,0,2024-12-09 14:49:16.521000,国投曹妃甸,,,2024-11-13,珠投1号,860.00,5.00,0.6-0.8%,5500大卡,2024-11-14,2024-11-20
480,1,0,2024-12-16 19:19:44.354000,0,2024-12-16 19:19:44.354000,"秦皇岛,国投曹妃甸,国投京唐港,3640码头,曹二期",,,2024-12-16,珠投2号,705.00,5.00,0.6-0.8%,5000大卡,2024-12-17,2024-12-25
481,1,0,2024-12-16 19:19:44.354000,0,2024-12-16 19:19:44.354000,"秦皇岛,国投曹妃甸,国投京唐港,3640码头,曹二期",,,2024-12-13,珠投2号,705.00,5.00,0.6-0.8%,5000大卡,2024-12-14,2024-12-25
482,1,0,2024-12-16 19:19:44.354000,0,2024-12-16 19:19:44.354000,"秦皇岛,国投曹妃甸,国投京唐港,3640码头,曹二期",,,2024-12-13,珠投2号,705.00,5.00,0.6-0.8%,5000大卡,2024-12-14,2024-12-25
483,1,0,2024-12-16 19:19:44.354000,0,2024-12-16 19:19:44.354000,"秦皇岛,国投曹妃甸,国投京唐港,3640码头,曹二期",,,2024-12-12,珠投2号,705.00,5.00,0.6-0.8%,5000大卡,2024-12-13,2024-12-20
484,1,0,2024-12-23 15:14:59.781000,0,2024-12-23 15:14:59.781000,"秦皇岛,国投曹妃甸,国投京唐港,3640码头,曹二期",,,2024-12-20,珠投2号,685.00,5.00,0.6-0.8%,5000大卡,2024-12-21,2024-12-31
485,1,0,2024-12-23 15:14:59.781000,0,2024-12-23 15:14:59.781000,"秦皇岛,国投曹妃甸,3640码头,曹二期,国投京唐港",,,2024-12-18,珠投2号,695.00,5.00,0.6-0.8%,5000大卡,2024-12-19,2024-12-31
486,1,0,2024-12-23 15:14:59.781000,0,2024-12-23 15:14:59.781000,"秦皇岛,国投曹妃甸,国投京唐港,3640码头,曹二期",,,2024-12-18,珠投2号,695.00,5.00,0.6-0.8%,5000大卡,2024-12-19,2024-12-31
487,1,0,2024-12-23 15:14:59.781000,0,2024-12-23 15:14:59.781000,"秦皇岛,国投曹妃甸,国投京唐港,3640码头,曹二期",,,2024-12-17,珠投2号,705.00,5.00,0.6-0.8%,5000大卡,2024-12-18,2024-12-31
488,1,0,2024-12-23 15:14:59.781000,0,2024-12-23 15:14:59.781000,"秦皇岛,国投曹妃甸,国投京唐港,3640码头,曹二期",,,2024-12-17,珠投2号,705.00,5.00,0.6-0.8%,5000大卡,2024-12-18,2024-12-31
489,1,0,2025-01-06 14:43:59.562000,0,2025-01-06 14:43:59.562000,"曹二期,3640码头,国投京唐港,国投曹妃甸,秦皇岛",,,2025-01-06,珠投2号,685.00,5.00,0.6-0.8%,5000大卡,2025-01-07,2025-01-15
490,1,0,2025-01-06 14:43:59.562000,0,2025-01-06 14:43:59.562000,"秦皇岛,国投曹妃甸,国投京唐港,3640码头,曹二期",,,2025-01-06,珠投2号,685.00,5.00,0.6-0.8%,5000大卡,2025-01-07,2025-01-15
491,1,0,2025-01-06 14:43:59.562000,0,2025-01-06 14:43:59.562000,"秦皇岛,国投曹妃甸,国投京唐港,3640码头,曹二期",,,2025-01-03,珠投2号,685.00,5.00,0.6-0.8%,5000大卡,2025-01-04,2025-01-15
492,1,0,2025-01-06 14:43:59.562000,0,2025-01-06 14:43:59.562000,"秦皇岛,国投曹妃甸,国投京唐港,3640码头,曹二期",,,2025-01-03,珠投2号,685.00,5.00,0.6-0.8%,5000大卡,2025-01-04,2025-01-15
493,1,0,2025-01-06 14:43:59.562000,0,2025-01-06 14:43:59.562000,"秦皇岛,国投曹妃甸,国投京唐港,3640码头,曹二期",,,2025-01-02,珠投2号,685.00,5.00,0.6-0.8%,5000大卡,2025-01-03,2025-01-10
494,1,0,2025-01-06 14:43:59.562000,0,2025-01-06 14:43:59.562000,"秦皇岛,国投曹妃甸,国投京唐港,3640码头,曹二期",,,2024-12-31,珠投2号,685.00,5.00,0.6-0.8%,5000大卡,2025-01-01,2025-01-10
495,1,0,2025-01-06 14:43:59.562000,0,2025-01-06 14:43:59.562000,国投曹妃甸,,,2024-12-31,珠投2号,785.00,4.20,0.6-0.8%,5500大卡,2025-01-01,2025-01-10
496,1,0,2025-01-06 14:43:59.562000,0,2025-01-06 14:43:59.562000,"秦皇岛,国投曹妃甸,国投京唐港,3640码头,曹二期",,,2024-12-31,珠投2号,685.00,5.00,0.6-0.8%,5000大卡,2025-01-01,2025-01-10
497,1,0,2025-01-06 14:43:59.562000,0,2025-01-06 14:43:59.562000,"秦皇岛,国投曹妃甸,国投京唐港,3640码头,曹二期",,,2024-12-30,珠投2号,685.00,5.00,0.6-0.8%,5000大卡,2024-12-31,2025-01-10
498,1,0,2025-01-06 14:43:59.562000,0,2025-01-06 14:43:59.562000,"秦皇岛,国投曹妃甸,国投京唐港,3640码头,曹二期",,,2024-12-30,珠投2号,685.00,5.00,0.6-0.8%,5000大卡,2024-12-31,2025-01-10
499,1,0,2025-01-06 14:43:59.562000,0,2025-01-06 14:43:59.562000,"秦皇岛,国投曹妃甸,国投京唐港,3640码头,曹二期",,,2024-12-27,珠投2号,685.00,5.00,0.6-0.8%,5000大卡,2024-12-28,2025-01-10
500,1,0,2025-01-06 14:43:59.562000,0,2025-01-06 14:43:59.562000,"秦皇岛,国投曹妃甸,国投京唐港,3640码头,曹二期",,,2024-12-27,珠投2号,685.00,5.00,0.6-0.8%,5000大卡,2024-12-28,2025-01-10
501,1,0,2025-01-06 14:43:59.562000,0,2025-01-06 14:43:59.562000,"秦皇岛,国投曹妃甸,国投京唐港,3640码头,曹二期",,,2024-12-26,珠投2号,675.00,5.00,0.6-0.8%,5000大卡,2024-12-27,2025-01-05
502,1,0,2025-01-06 14:43:59.562000,0,2025-01-06 14:43:59.562000,"秦皇岛,国投曹妃甸,国投京唐港,3640码头,曹二期",,,2024-12-26,珠投2号,675.00,5.00,0.6-0.8%,5000大卡,2024-12-27,2025-01-05
503,1,0,2025-01-06 14:43:59.562000,0,2025-01-06 14:43:59.562000,"秦皇岛,国投曹妃甸,国投京唐港,3640码头,曹二期",,,2024-12-25,珠投2号,675.00,5.00,0.6-0.8%,5000大卡,2024-12-26,2025-01-05
504,1,0,2025-04-22 16:23:11.258000,0,2025-04-22 16:23:11.258000,"曹二期,国投曹妃甸",,,2025-04-21,珠投5号,535.00,5.00,0.6-0.8%,4500大卡,2025-04-22,2025-04-30
505,1,0,2025-04-22 16:23:11.258000,0,2025-04-22 16:23:11.258000,"国投曹妃甸,国投京唐港,3640码头,曹二期,秦皇岛",,,2025-04-18,珠投2号,605.00,5.00,0.6-0.8%,5000大卡,2025-04-19,2025-04-30
506,1,0,2025-04-22 16:23:11.258000,0,2025-04-22 16:23:11.258000,国投曹妃甸,,,2025-04-16,珠投5号,535.00,5.00,0.6-0.8%,4500大卡,2025-04-17,2025-04-30
507,1,0,2025-04-22 16:23:11.258000,0,2025-04-22 16:23:11.258000,国投曹妃甸,,,2025-04-16,珠投2号,615.00,5.00,0.6-0.8%,5000大卡,2025-04-17,2025-04-30
508,1,0,2025-04-22 16:23:11.258000,0,2025-04-22 16:23:11.258000,"秦皇岛,国投曹妃甸,国投京唐港,3640码头,曹二期",,,2025-04-14,珠投2号,615.00,5.00,0.6-0.8%,5000大卡,2025-04-15,2025-04-30
509,1,0,2025-04-22 16:23:11.258000,0,2025-04-22 16:23:11.258000,"秦皇岛,国投曹妃甸,国投京唐港,3640码头,曹二期",,,2025-04-10,珠投2号,615.00,5.00,0.6-0.8%,5000大卡,2025-04-11,2025-04-25
510,1,0,2025-04-22 16:23:11.258000,0,2025-04-22 16:23:11.258000,"秦皇岛,国投曹妃甸,国投京唐港,3640码头,曹二期",,,2025-04-08,珠投2号,615.00,5.00,0.6-0.8%,5000大卡,2025-04-09,2025-04-25
511,1,0,2025-04-22 16:23:11.258000,0,2025-04-22 16:23:11.258000,"秦皇岛,国投曹妃甸,国投京唐港,3640码头,曹二期",,,2025-03-28,珠投2号,610.00,5.00,0.6-0.8%,5000大卡,2025-03-29,2025-04-15
512,1,0,2025-04-22 16:23:11.258000,0,2025-04-22 16:23:11.258000,"秦皇岛,国投曹妃甸,国投京唐港,3640码头,曹二期",,,2025-03-26,珠投2号,605.00,5.00,0.6-0.8%,5000大卡,2025-03-27,2025-04-05
513,1,0,2025-04-22 16:23:11.258000,0,2025-04-22 16:23:11.258000,"秦皇岛,国投曹妃甸,国投京唐港,3640码头,曹二期",,,2025-03-25,珠投2号,605.00,5.00,0.6-0.8%,5000大卡,2025-03-26,2025-03-31
514,1,0,2025-04-22 16:23:11.258000,0,2025-04-22 16:23:11.258000,"秦皇岛,国投曹妃甸,国投京唐港,3640码头,曹二期",,,2025-03-24,珠投2号,605.00,5.00,0.6-0.8%,5000大卡,2025-03-25,2025-03-31
515,1,0,2025-04-22 16:23:11.258000,0,2025-04-22 16:23:11.258000,"秦皇岛,国投曹妃甸,国投京唐港,3640码头,曹二期",,,2025-03-21,珠投2号,610.00,5.00,0.6-0.8%,5000大卡,2025-03-22,2025-03-31
516,1,0,2025-04-22 16:23:11.258000,0,2025-04-22 16:23:11.258000,"秦皇岛,国投曹妃甸,国投京唐港,3640码头,曹二期",,,2025-03-21,珠投2号,610.00,5.00,0.6-0.8%,5000大卡,2025-03-22,2025-03-31
517,1,0,2025-04-22 16:23:11.258000,0,2025-04-22 16:23:11.258000,"秦皇岛,国投曹妃甸,国投京唐港,3640码头,曹二期",,,2025-03-20,珠投2号,610.00,5.00,0.6-0.8%,5000大卡,2025-03-21,2025-03-31
518,1,0,2025-04-22 16:23:11.258000,0,2025-04-22 16:23:11.258000,"曹二期,3640码头,国投京唐港,国投曹妃甸,秦皇岛",,,2025-03-19,珠投2号,610.00,5.00,0.6-0.8%,5000大卡,2025-03-20,2025-03-31
519,1,0,2025-04-22 16:23:11.258000,0,2025-04-22 16:23:11.258000,"秦皇岛,国投曹妃甸,国投京唐港,3640码头,曹二期",,,2025-03-18,珠投2号,610.00,5.00,0.6-0.8%,5000大卡,2025-03-19,2025-03-31
520,1,0,2025-04-22 16:23:11.258000,0,2025-04-22 16:23:11.258000,"秦皇岛,国投曹妃甸,国投京唐港,3640码头,曹二期",,,2025-03-17,珠投2号,610.00,5.00,0.6-0.8%,5000大卡,2025-03-18,2025-03-25
521,1,0,2025-04-22 16:23:11.258000,0,2025-04-22 16:23:11.258000,"秦皇岛,国投曹妃甸,国投京唐港,3640码头,曹二期",,,2025-03-14,珠投2号,618.00,5.00,0.6-0.8%,5000大卡,2025-03-15,2025-03-25
522,1,0,2025-04-22 16:23:11.258000,0,2025-04-22 16:23:11.258000,"秦皇岛,国投曹妃甸,国投京唐港,3640码头,曹二期",,,2025-03-14,珠投2号,618.00,5.00,0.6-0.8%,5000大卡,2025-03-15,2025-03-25
523,1,0,2025-04-22 16:23:11.258000,0,2025-04-22 16:23:11.258000,"秦皇岛,国投曹妃甸,国投京唐港,3640码头,曹二期",,,2025-03-12,珠投2号,618.00,5.00,0.6-0.8%,5000大卡,2025-03-13,2025-03-20
524,1,0,2025-04-22 16:23:11.258000,0,2025-04-22 16:23:11.258000,"曹二期,3640码头,国投京唐港,国投曹妃甸,秦皇岛",,,2025-03-12,珠投2号,618.00,5.00,0.6-0.8%,5000大卡,2025-03-13,2025-03-20
525,1,0,2025-04-22 16:23:11.258000,0,2025-04-22 16:23:11.258000,"曹二期,3640码头,国投京唐港,国投曹妃甸,秦皇岛",,,2025-03-10,珠投2号,618.00,5.00,0.6-0.8%,5000大卡,2025-03-11,2025-03-20
526,1,0,2025-04-22 16:23:11.258000,0,2025-04-22 16:23:11.258000,"秦皇岛,国投曹妃甸,国投京唐港,3640码头,曹二期",,,2025-03-07,珠投2号,615.00,5.00,0.6-0.8%,5000大卡,2025-03-08,2025-03-15
527,1,0,2025-04-22 16:23:11.258000,0,2025-04-22 16:23:11.258000,"秦皇岛,国投曹妃甸,国投京唐港,3640码头,曹二期",,,2025-03-07,珠投2号,615.00,5.00,0.6-0.8%,5000大卡,2025-03-08,2025-03-15
528,1,0,2025-04-22 16:23:11.258000,0,2025-04-22 16:23:11.258000,"秦皇岛,国投曹妃甸,国投京唐港,3640码头,曹二期",,,2025-03-05,珠投2号,612.00,5.00,0.6-0.8%,5000大卡,2025-03-06,2025-03-15
529,1,0,2025-04-22 16:23:11.258000,0,2025-04-22 16:23:11.258000,"秦皇岛,国投曹妃甸,国投京唐港,3640码头,曹二期",,,2025-03-03,珠投2号,610.00,5.00,0.6-0.8%,5000大卡,2025-03-04,2025-03-10
530,1,0,2025-04-22 16:23:11.258000,0,2025-04-22 16:23:11.258000,"秦皇岛,国投曹妃甸,国投京唐港,3640码头,曹二期",,,2025-02-28,珠投2号,610.00,5.00,0.6-0.8%,5000大卡,2025-03-01,2025-03-10
531,1,0,2025-04-22 16:23:11.258000,0,2025-04-22 16:23:11.258000,"国投曹妃甸,3640码头",,,2025-02-26,珠投1号,722.00,1.60,0.6-0.8%,5500大卡,2025-02-27,2025-03-06
532,1,0,2025-04-22 16:23:11.258000,0,2025-04-22 16:23:11.258000,"国投曹妃甸,3640码头",,,2025-02-26,珠投1号,722.00,1.60,0.6-0.8%,5500大卡,2025-02-27,2025-03-06
533,1,0,2025-04-22 16:23:11.258000,0,2025-04-22 16:23:11.258000,"秦皇岛,国投曹妃甸,国投京唐港,3640码头",,,2025-02-14,珠投2号,665.00,5.00,0.6-0.8%,5000大卡,2025-02-15,2025-02-25
534,1,0,2025-04-22 16:23:11.258000,0,2025-04-22 16:23:11.258000,"秦皇岛,国投曹妃甸,国投京唐港,3640码头,曹二期",,,2025-02-14,珠投2号,665.00,5.00,0.6-0.8%,5000大卡,2025-02-15,2025-02-25
535,1,0,2025-04-22 16:23:11.258000,0,2025-04-22 16:23:11.258000,"秦皇岛,国投曹妃甸,国投京唐港,3640码头,曹二期",,,2025-02-12,珠投2号,675.00,5.00,0.6-0.8%,5000大卡,2025-02-13,2025-02-20
536,1,0,2025-04-22 16:23:11.258000,0,2025-04-22 16:23:11.258000,"秦皇岛,国投曹妃甸,国投京唐港,3640码头,曹二期",,,2025-02-11,珠投2号,675.00,5.00,0.6-0.8%,5000大卡,2025-02-12,2025-02-20
537,1,0,2025-04-22 16:23:11.258000,0,2025-04-22 16:23:11.258000,"秦皇岛,国投曹妃甸,国投京唐港,3640码头,曹二期",,,2025-02-11,珠投2号,675.00,5.00,0.6-0.8%,5000大卡,2025-02-12,2025-02-20
538,1,0,2025-04-22 16:23:11.258000,0,2025-04-22 16:23:11.258000,"秦皇岛,国投曹妃甸,国投京唐港,3640码头,曹二期",,,2025-02-10,珠投2号,685.00,5.00,0.6-0.8%,5000大卡,2025-02-11,2025-02-20
539,1,0,2025-04-22 16:23:11.258000,0,2025-04-22 16:23:11.258000,"秦皇岛,国投曹妃甸,国投京唐港,3640码头,曹二期",,,2025-02-08,珠投2号,685.00,5.00,0.6-0.8%,5000大卡,2025-02-09,2025-02-17
540,1,0,2025-04-22 16:23:11.258000,0,2025-04-22 16:23:11.258000,"秦皇岛,国投曹妃甸,国投京唐港,3640码头,曹二期",,,2025-02-06,珠投2号,685.00,5.00,0.6-0.8%,5000大卡,2025-02-07,2025-02-15
541,1,0,2025-04-22 16:23:11.258000,0,2025-04-22 16:23:11.258000,"秦皇岛,国投曹妃甸,国投京唐港,3640码头,曹二期",,,2025-01-15,珠投2号,690.00,5.00,0.6-0.8%,5000大卡,2025-01-16,2025-01-25
542,1,0,2025-04-22 16:23:11.258000,0,2025-04-22 16:23:11.258000,"秦皇岛,国投曹妃甸,国投京唐港,3640码头,曹二期",,,2025-01-14,珠投2号,690.00,5.00,0.6-0.8%,5000大卡,2025-01-15,2025-01-25
543,1,0,2025-04-22 16:23:11.258000,0,2025-04-22 16:23:11.258000,"秦皇岛,国投曹妃甸,国投京唐港,3640码头,曹二期",,,2025-01-14,珠投2号,690.00,5.00,0.6-0.8%,5000大卡,2025-01-15,2025-01-25
544,1,0,2025-04-22 16:23:11.258000,0,2025-04-22 16:23:11.258000,"秦皇岛,国投曹妃甸,国投京唐港,3640码头,曹二期",,,2025-01-13,珠投2号,690.00,5.00,0.6-0.8%,5000大卡,2025-01-14,2025-01-25
545,1,0,2025-04-22 16:23:11.258000,0,2025-04-22 16:23:11.258000,"秦皇岛,国投曹妃甸,国投京唐港,3640码头,曹二期",,,2025-01-13,珠投2号,690.00,5.00,0.6-0.8%,5000大卡,2025-01-14,2025-01-25
546,1,0,2025-04-22 16:23:11.258000,0,2025-04-22 16:23:11.258000,"秦皇岛,国投曹妃甸,国投京唐港,3640码头,曹二期",,,2025-01-10,珠投2号,690.00,5.00,0.6-0.8%,5000大卡,2025-01-11,2025-01-20
547,1,0,2025-04-22 16:23:11.258000,0,2025-04-22 16:23:11.258000,"秦皇岛,国投曹妃甸,国投京唐港,3640码头,曹二期",,,2025-01-10,珠投2号,690.00,5.00,0.6-0.8%,5000大卡,2025-01-11,2025-01-20
548,1,0,2025-04-22 16:23:11.258000,0,2025-04-22 16:23:11.258000,"秦皇岛,国投曹妃甸,国投京唐港,3640码头,曹二期",,,2025-01-09,珠投2号,690.00,5.00,0.6-0.8%,5000大卡,2025-01-10,2025-01-20
549,1,0,2025-04-22 16:23:11.258000,0,2025-04-22 16:23:11.258000,"秦皇岛,国投曹妃甸,国投京唐港,3640码头,曹二期",,,2025-01-09,珠投2号,690.00,5.00,0.6-0.8%,5000大卡,2025-01-10,2025-01-20
550,1,0,2025-04-22 16:23:11.258000,0,2025-04-22 16:23:11.258000,"秦皇岛,国投曹妃甸,国投京唐港,3640码头,曹二期",,,2025-01-08,珠投2号,690.00,5.00,0.6-0.8%,5000大卡,2025-01-09,2025-01-20
551,1,0,2025-04-22 16:23:11.258000,0,2025-04-22 16:23:11.258000,"秦皇岛,国投曹妃甸,国投京唐港,3640码头,曹二期",,,2025-01-07,珠投2号,690.00,5.00,0.6-0.8%,5000大卡,2025-01-08,2025-01-20
552,1,0,2025-04-22 16:23:11.258000,0,2025-04-22 16:23:11.258000,"秦皇岛,国投曹妃甸,国投京唐港,3640码头,曹二期",,,2025-01-07,珠投2号,690.00,5.00,0.6-0.8%,5000大卡,2025-01-08,2025-01-20
553,1,0,2025-05-07 13:43:43.459000,0,2025-05-07 13:43:43.459000,"秦皇岛,国投曹妃甸,国投京唐港,3640码头,曹二期",,,2025-04-30,珠投2号,600.00,5.00,0.6-0.8%,5000,2025-05-01,2025-05-10
554,1,0,2025-05-07 13:43:43.459000,0,2025-05-07 13:43:43.459000,"国投曹妃甸,国投京唐港,曹二期",,,2025-04-30,珠投5号,525.00,5.00,0.6-0.8%,4500,2025-05-01,2025-05-10
555,1,0,2025-05-07 13:43:43.459000,0,2025-05-07 13:43:43.459000,"国投曹妃甸,国投京唐港,曹二期",,,2025-04-30,珠投5号,525.00,5.00,0.6-0.8%,4500,2025-05-01,2025-05-10
556,1,0,2025-05-07 13:43:43.459000,0,2025-05-07 13:43:43.459000,"秦皇岛,国投曹妃甸,国投京唐港,3640码头,曹二期",,,2025-04-30,珠投2号,600.00,5.00,0.6-0.8%,5000,2025-05-01,2025-05-10
557,1,0,2025-05-07 13:43:43.459000,0,2025-05-07 13:43:43.459000,"秦皇岛,国投曹妃甸,国投京唐港,3640码头,曹二期",,,2025-04-29,珠投2号,600.00,5.00,0.6-0.8%,5000,2025-04-30,2025-05-10
558,1,0,2025-05-07 13:43:43.459000,0,2025-05-07 13:43:43.459000,"国投曹妃甸,曹二期,国投京唐港",,,2025-04-29,珠投5号,525.00,5.00,0.6-0.8%,4500,2025-04-30,2025-05-10
559,1,0,2025-05-07 13:43:43.459000,0,2025-05-07 13:43:43.459000,"国投曹妃甸,国投京唐港,曹二期",,,2025-04-29,珠投5号,525.00,5.00,0.6-0.8%,4500,2025-04-29,2025-05-10
560,1,0,2025-05-07 13:43:43.459000,0,2025-05-07 13:43:43.459000,"秦皇岛,国投曹妃甸,国投京唐港,3640码头,曹二期",,,2025-04-29,珠投2号,600.00,5.00,0.6-0.8%,5000,2025-04-30,2025-05-10
561,1,0,2025-05-07 13:43:43.459000,0,2025-05-07 13:43:43.459000,"国投曹妃甸,国投京唐港,曹二期",,,2025-04-28,珠投5号,525.00,5.00,0.6-0.8%,4500,2025-04-29,2025-05-10
562,1,0,2025-05-07 13:43:43.459000,0,2025-05-07 13:43:43.459000,"秦皇岛,国投曹妃甸,国投京唐港,3640码头,曹二期",,,2025-04-28,珠投2号,600.00,5.00,0.6-0.8%,5000,2025-04-29,2025-05-10
563,1,0,2025-05-07 13:43:43.459000,0,2025-05-07 13:43:43.459000,"国投曹妃甸,国投京唐港,曹二期",,,2025-04-28,珠投5号,525.00,5.00,0.6-0.8%,4500,2025-04-29,2025-05-10
564,1,0,2025-05-07 13:43:43.459000,0,2025-05-07 13:43:43.459000,"秦皇岛,国投曹妃甸,国投京唐港,3640码头,曹二期",,,2025-04-28,珠投2号,600.00,5.00,0.6-0.8%,5000,2025-04-29,2025-05-10
565,1,0,2025-05-07 13:43:43.459000,0,2025-05-07 13:43:43.459000,"国投曹妃甸,国投京唐港,曹二期",,,2025-04-27,珠投5号,525.00,5.00,0.6-0.8%,4500,2025-04-28,2025-05-10
566,1,0,2025-05-07 13:43:43.459000,0,2025-05-07 13:43:43.459000,"秦皇岛,国投曹妃甸,国投京唐港,3640码头,曹二期",,,2025-04-27,珠投2号,600.00,5.00,0.6-0.8%,5000,2025-04-28,2025-05-10
567,1,0,2025-05-07 13:43:43.459000,0,2025-05-07 13:43:43.459000,"秦皇岛,国投曹妃甸,国投京唐港,3640码头,曹二期",,,2025-04-27,珠投2号,600.00,5.00,0.6-0.8%,5000,2025-04-28,2025-05-10
568,1,0,2025-05-07 13:43:43.459000,0,2025-05-07 13:43:43.459000,"国投曹妃甸,国投京唐港,曹二期",,,2025-04-27,珠投5号,525.00,5.00,0.6-0.8%,4500,2025-04-28,2025-05-10
569,1,0,2025-05-13 11:44:43.179000,0,2025-05-13 11:44:43.179000,"秦皇岛,国投曹妃甸,国投京唐港,3640码头,曹二期",,,2025-05-13,珠投2号,560.00,5.00,0.6-0.8%,5000大卡,2025-05-14,2025-05-21
570,1,0,2025-05-13 11:44:43.179000,0,2025-05-13 11:44:43.179000,"国投曹妃甸,曹二期,国投京唐港",,,2025-05-13,珠投5号,500.00,5.00,0.6-0.8%,4500大卡,2025-05-14,2025-05-21
571,1,0,2025-05-13 11:44:43.179000,0,2025-05-13 11:44:43.179000,"国投曹妃甸,曹二期,国投京唐港",,,2025-05-12,珠投5号,505.00,5.00,0.6-0.8%,4500大卡,2025-05-13,2025-05-20
572,1,0,2025-05-13 11:44:43.179000,0,2025-05-13 11:44:43.179000,"秦皇岛,国投曹妃甸,国投京唐港,3640码头,曹二期",,,2025-05-12,珠投2号,570.00,5.00,0.6-0.8%,5000大卡,2025-05-13,2025-05-20
573,1,0,2025-05-13 11:44:43.179000,0,2025-05-13 11:44:43.179000,"国投曹妃甸,国投京唐港,曹二期",,,2025-05-12,珠投5号,505.00,5.00,0.6-0.8%,4500大卡,2025-05-13,2025-05-20
574,1,0,2025-05-13 11:44:43.179000,0,2025-05-13 11:44:43.179000,"秦皇岛,国投曹妃甸,国投京唐港,3640码头,曹二期",,,2025-05-12,珠投2号,570.00,5.00,0.6-0.8%,5000大卡,2025-05-13,2025-05-20
575,1,0,2025-05-13 11:44:43.179000,0,2025-05-13 11:44:43.179000,"秦皇岛,国投曹妃甸,国投京唐港,3640码头,曹二期",,,2025-05-10,珠投2号,570.00,5.00,0.6-0.8%,5000大卡,2025-05-11,2025-05-20
576,1,0,2025-05-13 11:44:43.179000,0,2025-05-13 11:44:43.179000,"秦皇岛,国投曹妃甸,国投京唐港,3640码头,曹二期",,,2025-05-09,珠投2号,580.00,5.00,0.6-0.8%,5000大卡,2025-05-10,2025-05-20
577,1,0,2025-05-13 11:44:43.179000,0,2025-05-13 11:44:43.179000,"国投曹妃甸,曹二期,国投京唐港",,,2025-05-09,珠投5号,510.00,5.00,0.6-0.8%,4500大卡,2025-05-10,2025-05-20
578,1,0,2025-05-13 11:44:43.179000,0,2025-05-13 11:44:43.179000,"国投曹妃甸,国投京唐港,曹二期",,,2025-05-08,珠投5号,515.00,5.00,0.6-0.8%,4500大卡,2025-05-09,2025-05-18
579,1,0,2025-05-13 11:44:43.179000,0,2025-05-13 11:44:43.179000,"秦皇岛,国投曹妃甸,国投京唐港,3640码头,曹二期",,,2025-05-08,珠投2号,585.00,5.00,0.6-0.8%,5000大卡,2025-05-09,2025-05-18
580,1,0,2025-05-13 11:44:43.179000,0,2025-05-13 11:44:43.179000,"秦皇岛,国投曹妃甸,国投京唐港,3640码头,曹二期",,,2025-05-08,珠投2号,585.00,5.00,0.6-0.8%,5000大卡,2025-05-09,2025-05-18
581,1,0,2025-05-13 11:44:43.179000,0,2025-05-13 11:44:43.179000,"国投曹妃甸,国投京唐港,曹二期",,,2025-05-08,珠投5号,515.00,5.00,0.6-0.8%,4500大卡,2025-05-09,2025-05-18
582,1,0,2025-05-13 11:44:43.179000,0,2025-05-13 11:44:43.179000,"国投曹妃甸,国投京唐港,曹二期",,,2025-05-07,珠投5号,520.00,5.00,0.6-0.8%,4500大卡,2025-05-08,2025-05-15
583,1,0,2025-05-13 11:44:43.179000,0,2025-05-13 11:44:43.179000,"秦皇岛,国投曹妃甸,国投京唐港,3640码头,曹二期",,,2025-05-07,珠投2号,590.00,5.00,0.6-0.8%,5000大卡,2025-05-08,2025-05-15
584,1,0,2025-05-14 15:10:04.702000,0,2025-05-30 11:48:25.045000,"秦皇岛,国投曹妃甸,国投京唐港,3640码头,曹二期",,,2025-05-14,珠投2号,560.00,5.00,0.6-0.8%,5000大卡,2025-05-14,2025-05-21
585,1,0,2025-05-14 15:10:04.702000,0,2025-05-30 11:48:49.869000,"国投曹妃甸,国投京唐港,曹二期",,,2025-05-14,珠投5号,500.00,5.00,0.6-0.8%,4500大卡,2025-05-14,2025-05-21
586,1,0,2025-05-14 15:10:04.702000,0,2025-05-30 11:48:42.238000,"秦皇岛,国投曹妃甸,国投京唐港,3640码头,曹二期",,,2025-05-14,珠投2号,560.00,5.00,0.6-0.8%,5000大卡,2025-05-15,2025-05-22
587,1,0,2025-05-14 15:10:04.702000,0,2025-05-30 11:48:33.662000,"国投曹妃甸,国投京唐港,曹二期",,,2025-05-14,珠投5号,500.00,5.00,0.6-0.8%,4500大卡,2025-05-15,2025-05-22
588,1,0,2025-05-19 13:54:31.243000,0,2025-05-30 11:50:30.906000,"秦皇岛,国投曹妃甸,国投京唐港,3640码头,曹二期",,,2025-05-16,珠投2号,560.00,5.00,0.6-0.8%,5000大卡,2025-05-17,2025-05-25
589,1,0,2025-05-19 13:54:31.243000,0,2025-05-30 11:50:52.968000,"国投曹妃甸,曹二期",,,2025-05-16,珠投5号,500.00,5.00,0.6-0.8%,4500大卡,2025-05-17,2025-05-25
590,1,0,2025-05-19 13:54:31.243000,0,2025-05-30 11:50:46.117000,"国投曹妃甸,曹二期",,,2025-05-16,珠投5号,500.00,5.00,0.6-0.8%,4500大卡,2025-05-17,2025-05-25
591,1,0,2025-05-19 13:54:31.243000,0,2025-05-30 11:50:39.471000,"秦皇岛,国投曹妃甸,国投京唐港,3640码头,曹二期",,,2025-05-16,珠投2号,560.00,5.00,0.6-0.8%,5000大卡,2025-05-17,2025-05-25
592,1,0,2025-05-19 13:54:31.243000,0,2025-05-30 11:51:06.381000,"秦皇岛,国投曹妃甸,国投京唐港,3640码头,曹二期",,,2025-05-15,珠投2号,560.00,5.00,0.6-0.8%,5000大卡,2025-05-16,2025-05-25
593,1,0,2025-05-19 13:54:31.243000,0,2025-05-30 11:51:15.208000,"国投曹妃甸,曹二期",,,2025-05-15,珠投5号,500.00,5.00,0.6-0.8%,4500大卡,2025-05-16,2025-05-25
594,1,0,2025-05-19 13:54:31.243000,0,2025-05-30 11:50:59.408000,"秦皇岛,国投曹妃甸,国投京唐港,3640码头,曹二期",,,2025-05-15,珠投2号,560.00,5.00,0.6-0.8%,5000大卡,2025-05-16,2025-05-25
595,1,0,2025-05-19 13:54:31.243000,0,2025-05-30 11:51:22.423000,"国投曹妃甸,曹二期",,,2025-05-15,珠投5号,500.00,5.00,0.6-0.8%,4500大卡,2025-05-16,2025-05-25
596,1,0,2025-05-19 13:54:31.243000,0,2025-05-30 11:49:05.851000,"秦皇岛,国投曹妃甸,国投京唐港,3640码头,曹二期",,,2025-05-14,珠投2号,560.00,5.00,0.6-0.8%,5000大卡,2025-05-15,2025-05-22
597,1,0,2025-05-19 13:54:31.243000,0,2025-05-30 11:48:57.460000,"国投曹妃甸,曹二期",,,2025-05-14,珠投5号,500.00,5.00,0.6-0.8%,4500大卡,2025-05-15,2025-05-25
598,1,0,2025-05-21 13:12:02.430000,0,2025-05-30 11:50:16.544000,"秦皇岛,国投曹妃甸,国投京唐港,3640码头,曹二期",,,2025-05-20,珠投2号,560.00,5.00,0.6-0.8%,5000大卡,2025-05-21,2025-05-31
599,1,0,2025-05-21 13:12:02.430000,0,2025-05-30 11:50:24.139000,"秦皇岛,国投曹妃甸,国投京唐港,3640码头,曹二期",,,2025-05-19,珠投2号,560.00,5.00,0.6-0.8%,5000大卡,2025-05-20,2025-05-31
600,1,0,2025-05-26 16:24:02.106000,0,2025-05-30 11:49:47.206000,"秦皇岛,国投曹妃甸,国投京唐港,3640码头,曹二期",,,2025-05-26,珠投2号,560.00,5.00,0.6-0.8%,5000大卡,2025-05-27,2025-06-05
601,1,0,2025-05-26 16:24:02.106000,0,2025-05-30 11:50:01.780000,"秦皇岛,国投曹妃甸,国投京唐港,3640码头,曹二期",,,2025-05-23,珠投2号,560.00,5.00,0.6-0.8%,5000大卡,2025-05-24,2025-05-31
602,1,0,2025-05-26 16:24:02.106000,0,2025-05-30 11:49:54.846000,"秦皇岛,国投曹妃甸,国投京唐港,3640码头,曹二期",,,2025-05-23,珠投2号,560.00,5.00,0.6-0.8%,5000大卡,2025-05-24,2025-05-31
603,1,0,2025-05-26 16:24:02.106000,0,2025-05-30 11:50:09.066000,"秦皇岛,国投曹妃甸,国投京唐港,3640码头,曹二期",,,2025-05-21,珠投2号,560.00,5.00,0.6-0.8%,5000大卡,2025-05-22,2025-05-31
604,1,0,2025-05-27 19:21:29.413000,0,2025-05-27 19:21:29.413000,"秦皇岛,国投曹妃甸,国投京唐港,3640码头,曹二期",,,2025-05-27,珠投2号,560.00,5.00,0.6-0.8%,5000大卡,2025-05-28,2025-06-05
605,1,0,2025-05-30 11:47:59.512000,0,2025-05-30 11:47:59.512000,3640码头,,,2025-05-29,珠投2号,560.00,5.00,0.6-0.8%,5000大卡,2025-05-30,2025-06-10
606,1,0,2025-05-30 11:47:59.512000,0,2025-05-30 11:47:59.512000,"3640码头,国投曹妃甸",,,2025-05-29,珠投2号,560.00,5.00,0.6-0.8%,5000大卡,2025-05-30,2025-06-10
607,1,0,2025-06-13 18:51:32.541000,0,2025-06-13 18:51:50.950000,"秦皇岛,国投曹妃甸,国投京唐港,3640码头,曹二期",,,2025-06-13,珠投2号,550.00,5.00,0.6-0.8%,5000大卡,2025-06-14,2025-06-30
608,1,0,2025-06-13 18:51:32.541000,0,2025-06-13 18:51:59.013000,"秦皇岛,国投曹妃甸,国投京唐港,3640码头,曹二期",,,2025-06-12,珠投2号,550.00,5.00,0.6-0.8%,5000大卡,2025-06-13,2025-06-30
609,1,0,2025-06-13 18:51:32.541000,0,2025-06-13 18:52:06.965000,国投曹妃甸,,,2025-05-30,珠投2号,560.00,5.00,0.6-0.8%,5000大卡,2025-06-01,2025-06-10
610,1,0,2025-06-17 11:26:21.553000,0,2025-07-11 14:09:33.978000,"秦皇岛,国投曹妃甸,国投京唐港,3640码头,曹二期",,,2025-06-16,珠投2号,550.00,5.00,0.6-0.8%,5000大卡,2025-06-17,2025-06-30
611,1,0,2025-06-23 16:37:39.628000,0,2025-06-23 16:37:39.628000,"秦皇岛,国投曹妃甸,国投京唐港,3640码头,曹二期",,,2025-06-19,珠投2号,555.00,5.00,0.6-0.8%,5000大卡,2025-07-10,2025-07-20
612,1,0,2025-06-23 16:37:39.628000,0,2025-06-23 16:37:39.628000,"秦皇岛,国投曹妃甸,国投京唐港,3640码头,曹二期",,,2025-06-17,珠投2号,550.00,5.00,0.6-0.8%,5000大卡,2025-06-18,2025-07-05
613,1,0,2025-07-02 18:54:07.172000,0,2025-07-21 12:14:06.585000,"秦皇岛,国投曹妃甸,国投京唐港,3640码头,曹二期",,,2025-07-01,珠投2号,560.00,5.00,0.6-0.8%,5000大卡,2025-07-15,2025-07-25
614,1,0,2025-07-11 14:09:20.543000,0,2025-07-21 12:13:53.922000,"秦皇岛,国投曹妃甸,国投京唐港,3640码头,曹二期",,,2025-07-11,珠投2号,580.00,5.00,0.6-0.8%,5000大卡,2025-08-05,2025-08-15
615,1,0,2025-07-11 14:09:20.543000,0,2025-07-21 12:14:00.238000,"秦皇岛,国投曹妃甸,国投京唐港,3640码头,曹二期",,,2025-07-10,珠投2号,570.00,5.00,0.6-0.8%,5000大卡,2025-07-26,2025-08-05
616,1,0,2025-07-21 12:15:18.041000,0,2025-07-21 12:15:18.041000,"国投曹妃甸,曹二期",,,2025-07-18,珠投5号,530.00,5.00,0.6-0.8%,4500大卡,2025-07-20,2025-08-10
617,1,0,2025-07-25 11:44:05.792000,0,2025-07-25 11:44:05.792000,"曹二期,国投曹妃甸",,,2025-07-21,珠投5号,535.00,5.00,0.6-0.8%,4500大卡,2025-07-22,2025-08-10
618,1,0,2025-07-29 18:47:29.744000,0,2025-07-29 18:47:29.744000,"国投曹妃甸,3640码头,曹二期,秦皇岛,国投京唐港",,,2025-07-29,珠投5号,540.00,5.00,0.6-0.8%,4500大卡,2025-07-30,2025-08-15
619,1,0,2025-08-06 16:00:23.725000,0,2025-09-15 15:03:17.076000,"秦皇岛,国投曹妃甸,国投京唐港,3640码头,曹二期",,,2025-08-06,珠投5号,560.00,5.00,0.6-0.8%,4500大卡,2025-08-07,2025-08-20
620,1,0,2025-08-06 16:00:23.725000,0,2025-09-15 15:03:26.281000,"秦皇岛,国投曹妃甸,国投京唐港,3640码头,曹二期",,,2025-08-05,珠投5号,560.00,5.00,0.6-0.8%,4500大卡,2025-08-06,2025-08-20
621,1,0,2025-08-06 16:00:23.725000,0,2025-09-15 15:03:33.275000,"国投曹妃甸,秦皇岛,国投京唐港,3640码头,曹二期",,,2025-08-04,珠投5号,550.00,5.00,0.6-0.8%,4500大卡,2025-08-05,2025-08-20
622,1,0,2025-08-18 14:38:29.056000,0,2025-09-15 15:03:01.660000,"秦皇岛,国投曹妃甸,国投京唐港,3640码头,曹二期",,,2025-08-18,珠投2号,650.00,5.00,0.6-0.8%,5000大卡,2025-08-20,2025-09-05
623,1,0,2025-09-03 10:47:47.375000,0,2025-09-03 10:47:47.375000,"秦皇岛,国投曹妃甸,国投京唐港,3640码头,曹二期",,,2025-09-01,珠投2号,630.00,5.00,0.6-0.8%,5000大卡,2025-09-02,2025-09-15
624,1,0,2025-09-15 15:02:19.262000,0,2025-09-15 15:02:40.983000,"秦皇岛,国投曹妃甸,国投京唐港,3640码头,曹二期",,,2025-09-12,珠投2号,610.00,5.00,0.6-0.8%,5000大卡,2025-09-15,2025-09-30
625,1,0,2025-09-15 15:02:19.262000,0,2025-09-15 15:02:51.256000,"曹二期,3640码头,国投京唐港,国投曹妃甸,秦皇岛",,,2025-09-10,珠投2号,600.00,5.00,0.6-0.8%,5000大卡,2025-09-11,2025-09-25
