date,forecast_day,yongan_7,yongan_8,kemen_1,kemen_2,kemen_3,kemen_4,kemen_5,kemen_6,shaowu_3,shaowu_4,zhangping_5,zhangping_6
2026-05-13,1,573.1053932162306,437.2226218212396,1041.4829192435989,1053.1771394909586,1260.0729118932086,1270.8694811876885,2004.5661049036812,1988.858102868989,1250.804108222006,1158.7256075412647,547.7388498616109,460.3414912324004
2026-05-14,2,567.1845698750478,453.5416593466565,1023.0577200134164,1068.4336990878137,1217.8165645480017,1205.9906797333672,2025.095920380639,1958.4038360889865,1217.9040951878703,1125.9628802509567,539.3411415500428,463.53578770132617
2026-05-15,3,565.8113793895199,462.9541295469081,1038.8187232828593,1063.3752062884075,1216.7268524454132,1178.3346165540088,2009.2733592003397,1959.8752974536296,1214.1154008416088,1188.008544518094,531.9249191418464,466.07270432344336
2026-05-16,4,565.3574451582382,460.61590181918166,1054.855713644359,1074.9363938724346,1206.409915481277,1182.8999802131725,1972.8552521852305,1921.6438379846963,1253.0134635399008,1218.5486126641756,537.4935307895882,466.350180000379
2026-05-17,5,566.1683103079973,462.7320806824856,1056.2819993305425,1099.0139142498012,1194.1727862350476,1161.27151204363,2037.5002501435704,1899.4346745875948,1216.6687745123709,1188.6809679999587,531.5397845662711,462.721933363727
2026-05-18,6,564.1407809858437,466.68501584107895,1065.7736907940323,1110.8309380690737,1157.4816297912053,1151.6819766812937,1932.4028433333328,1849.4732527810552,1242.251325765868,1190.7754795816802,522.3175105268085,467.1237155920748
2026-05-19,7,566.9539040680539,462.8066565249005,1049.2948133357354,1092.0508883565278,1172.079218097036,1137.6523136947012,2036.535707703907,1900.9652110793504,1219.013995085987,1212.115340577462,527.7274506899372,459.5003711743273
2026-05-20,8,566.2047912175019,459.44294863737815,1077.4987531411346,1104.010851989516,1174.1752901861748,1143.28863645088,1980.5635018123385,1866.9504156510795,1253.996155047996,1184.2905228724069,525.9918410034866,472.4694868660928
2026-05-21,9,564.9085925759333,465.9249181461372,1058.2588416145288,1084.3420043750727,1193.9391219434324,1152.745628831375,2065.150559443905,1970.2607175454243,1255.907347290037,1253.939625250448,536.6233219419329,465.97609215795296
2026-05-22,10,562.4199405240162,466.784073568022,1088.0228230383616,1097.662363341819,1178.1237640761676,1167.424508232393,1963.6059543182844,1860.2626014442512,1273.542795403359,1234.359437990485,526.0588402653188,475.13771584526944
2026-05-23,11,564.8740798600262,469.950031650986,1097.875902082016,1084.8006855660997,1181.5632947293325,1175.365933151993,2027.0698283078389,1951.030903352968,1247.242688402464,1210.1502092760925,528.1889008686212,471.0482443307304
2026-05-24,12,565.5216317600843,462.2591049669687,1072.2841558403984,1070.670341003667,1192.5951370557946,1172.4825290491317,2053.009783135053,1918.6960974780527,1231.2432339173174,1224.2216490608612,515.7022369453451,474.3733946826821
2026-05-25,13,563.6250854517244,470.21252631717294,1106.9697122049415,1095.3877045910494,1172.228150135142,1156.6106328621345,1943.6659550389668,1927.8698083283005,1240.7230307777918,1229.368831438966,528.4747945931579,470.2758144705277
2026-05-26,14,564.1753837380544,469.909195269258,1080.0465737470788,1096.8957268464428,1190.7637355670645,1179.795892235055,2033.8034989752575,1861.9943247497,1214.0460120124412,1201.4579231987173,529.1185811058474,477.7339239475664
2026-05-27,15,564.0317290148878,479.3377041786538,1087.8091249311046,1064.088068887802,1186.500175122663,1172.6824941156124,1971.645181578084,1934.68714172428,1236.02813064173,1201.878486585143,524.9605944260201,478.8864018126331
2026-05-28,16,562.784097756223,472.3231124078063,1088.797546073098,1096.42558050752,1176.6510170408478,1169.0711892316388,2020.0834244144796,1850.2055549392792,1251.697070948887,1213.5314510287672,530.1968553082438,480.0400573266882
2026-05-29,17,561.9118278473886,477.6337409158883,1062.0056736843503,1077.950140853495,1192.3113024278653,1184.5954193132995,2045.5195813296657,1914.6273952821907,1220.709877085149,1201.3753930832263,530.0851287378621,475.2111795669023
2026-05-30,18,560.0044915884017,483.97609886318406,1069.4698047758611,1091.792836003311,1181.0078654214751,1169.5990599715662,2007.2627686772769,1866.771329435102,1243.6026671882455,1188.618512591298,534.9074081900567,476.0831342511624
2026-05-31,19,559.7908624507805,486.6869440313077,1068.91768519828,1086.727690349843,1190.6764711121766,1168.7245166978194,1965.4781445167084,1883.5872587356355,1251.5178008514545,1215.4081158862452,534.1906732387779,471.9114790186636
2026-06-01,20,557.6771395744364,495.61853550443817,1082.366799053476,1089.5829208711166,1179.7612153138364,1163.6046291336434,2023.7894031137976,1863.3772180327244,1228.8003641664134,1201.4801878735657,531.4632987469425,477.4427389980549
2026-06-02,21,559.1596899550785,491.195558135161,1081.0495948164566,1095.422584823328,1171.4710745554055,1143.9488931504468,2007.5071844848585,1860.603401837748,1229.4527155711578,1193.2028594154262,534.9661579587515,479.9667509245768
2026-06-03,22,558.068853317732,487.2072921102842,1066.0455523464425,1106.6993193266037,1172.0983704284763,1153.913408359363,2072.7326320648444,1827.4089413407244,1224.8885990503952,1212.1850614460564,537.0460431357611,476.7794394423996
2026-06-04,23,557.6566833262518,496.0025296250522,1067.8237326309595,1096.8768076137212,1178.7181471793613,1144.453925281877,2027.381263799523,1909.8688714887655,1228.1341537423352,1232.9365510343705,529.8170717552441,472.933040072896
2026-06-05,24,559.3431281193668,489.60976193181375,1086.3582435166304,1103.5815232135196,1194.0578430062037,1138.867048275532,2049.5120179846845,1898.793018018157,1226.2325489957948,1175.7274931149293,532.8462312140636,474.9381627746864
2026-06-06,25,560.1001029399517,494.33739998292464,1083.601934736023,1101.896720446148,1196.5415699797804,1121.6723618674769,1957.4870521035823,1873.580097893558,1205.484693203815,1164.7405475297217,525.5384844861894,470.89477239537615
2026-06-07,26,560.0561454157938,486.1158371774849,1071.630939338256,1119.955927570901,1182.9566663159062,1107.2007030415657,1937.599017728328,1844.808114846606,1217.6078335426885,1197.6960333257537,532.9275118564886,474.9298922627062
2026-06-08,27,557.0794263698891,501.5344507682655,1064.5610971570447,1095.2522722502697,1194.7144668005487,1106.738375534417,2069.6647434548267,1907.6889291983848,1248.3875237415878,1216.4376763223202,532.4652381669379,473.4774645033663
2026-06-09,28,557.5531721894214,493.1007074751436,1062.373028454753,1095.0336440507476,1200.465037650158,1105.765763773922,2045.3201655363057,1899.995027977777,1220.8211509505256,1243.1029610554478,523.805097200244,472.7563387865016
2026-06-10,29,558.6364511794413,499.0294516287333,1092.5869905450866,1133.0749106753922,1178.2145782914167,1113.7931069106005,2030.8557957964815,1873.4892356322453,1251.8275867570492,1213.3616252070035,523.7435652354474,478.8973107977287
2026-06-11,30,560.00509303091,494.4589576088356,1062.389954677621,1080.745669966642,1190.5675338205506,1118.3193043595777,2020.224239065724,1940.061894928871,1242.843554468381,1219.8957873297609,518.3461215800138,472.2669042710126
2026-06-12,31,559.546039335404,506.20978434509954,1085.196701160999,1102.4530613783031,1188.3360269699358,1122.5763332676304,2013.14098401816,1879.418989141067,1249.253089798365,1210.8158906866065,519.136370759007,472.36114315915216
2026-06-13,32,561.8635251712176,499.8820876893104,1057.930373538683,1106.5012072984223,1181.1766866440787,1141.4688249379542,2076.074869076173,1852.197272531236,1231.348227705334,1230.3941083526915,521.3872597056338,473.2448383745494
2026-06-14,33,560.3732622808066,497.3593711778116,1070.7841738402597,1105.651476402169,1165.9573522552653,1127.253412808686,1990.2844908395923,1910.3786254712595,1266.1848210980877,1214.258134755955,531.6110991688903,474.3887490679671
2026-06-15,34,561.4592135483182,495.1640458554972,1089.6081934104857,1111.138856144932,1167.487079669636,1151.6045105903097,1986.7095177996543,1893.329250641451,1234.1469327990203,1221.0539360766206,515.6028306729098,478.4481006364304
2026-06-16,35,560.9400120005357,495.2988333388992,1102.6366264119588,1092.6003939741051,1175.8846372292576,1140.061521577795,1992.908851219551,1898.927686366176,1248.3690584394992,1211.4333101604248,531.9898734116281,475.5302415355992
2026-06-17,36,561.0550549871349,491.8931630359239,1115.418623543691,1117.2016770812222,1159.0889753182614,1145.4365593904822,1928.0083012141552,1845.627035033709,1226.0311312481415,1196.5720219105433,520.3281600008002,479.4116827047754
2026-06-18,37,561.5497252436306,492.8281449871285,1089.383851289779,1108.9927310091982,1158.9866053757066,1176.0619963280876,2053.1415472216395,1892.381282846578,1242.907480031956,1174.620126833993,523.248394264632,478.8694427682302
2026-06-19,38,561.4408893598036,493.19420982537,1104.4638406434678,1086.6639101718852,1147.1040749670549,1163.2756892794894,2017.1349628084968,1961.9705462769853,1248.1739877209905,1187.89527221005,516.1404765841249,481.7627555288854
2026-06-20,39,561.2845773330728,489.5505599815838,1124.2891517066118,1090.0023902335788,1149.5272630291588,1149.1131746812111,2025.2794092026732,1955.67597996054,1259.7948356890963,1229.9068611287908,511.1339716376248,488.0422900796851
2026-06-21,40,562.5723233664565,492.0784724531305,1128.9270155272925,1102.8624242282365,1150.083250824849,1172.7181489844968,1997.391712186865,1826.0482506189576,1258.965852087218,1243.3892408369036,516.7608307963422,483.35253671490506
2026-06-22,41,561.9504786318106,492.7149848304352,1109.3949055369785,1110.451318737878,1150.913771940635,1176.7690294000606,2010.450463504933,1833.6968927723865,1257.6323332298,1238.9273393944036,515.19350141999,483.3172252246244
2026-06-23,42,560.3663673006746,486.5982865346725,1109.296059182136,1121.0758080344042,1145.287574284587,1178.1760674468444,2037.9193822985037,1877.156724036011,1249.166762167789,1224.1507574546474,522.9225141128825,484.6710001595396
2026-06-24,43,559.79784566649,482.2499764201423,1102.0207578568393,1108.8192658784349,1146.1216714769148,1155.8392802476435,2010.0303706755385,1799.93580175463,1253.9963023419211,1245.3924417709868,515.2607536087405,479.34345997062576
2026-06-25,44,562.1585615331282,487.5578833337969,1111.3627031356596,1107.1633876030005,1161.365219675905,1163.0150161811282,2034.4482379430644,1889.9147210398,1260.2123202347905,1224.0502943935005,518.6712992901796,488.09191764640974
2026-06-26,45,561.1926268576283,477.38065756478215,1124.0930219767058,1113.6190443938735,1155.1394136928038,1147.3832285986389,1988.6332936885387,1822.1949846417751,1243.7079287833992,1229.4186773147942,531.7375266668856,489.45698362811527
2026-06-27,46,559.5476617895954,482.03068239099497,1113.2607361020755,1099.9986647005996,1154.3597208178471,1147.6363375585288,2047.428643730754,1889.1453933704083,1253.9208075100323,1195.357546910796,521.5224113842531,482.2606673191541
2026-06-28,47,559.2438883047805,474.38118626886313,1124.90302110155,1123.4959463183593,1139.147221325941,1128.08988090582,2002.1182810963687,1824.260574819869,1253.136507528944,1231.8125465058515,516.3602017499309,477.9361289757953
2026-06-29,48,560.5468594771081,472.56139527135497,1115.084182219546,1102.0660945339512,1145.451989008949,1142.1681260201372,2043.4850497878008,1811.665439083446,1244.0971195050809,1217.680614019608,524.1892824008461,478.4544113966587
2026-06-30,49,560.4097251830503,478.2762158702972,1146.0504222280351,1121.6905068761778,1138.9021182678223,1142.6116487650029,2035.8315586049648,1866.5631836096711,1219.016418740576,1203.6238015683923,517.5373667812797,481.6167854872784
2026-07-01,50,558.7873700315847,478.5741328150995,1138.7204287266277,1122.276831880397,1151.0096330145202,1166.2955727483495,2067.213607848715,1845.1274774054093,1216.039220190154,1225.894454065305,518.0040301313752,479.8293480546189
2026-07-02,51,559.1169605261022,476.4312158447118,1137.0492095698698,1110.769902980942,1148.9881643733772,1179.737149687974,1988.452130709936,1828.545796597044,1211.3190926217976,1226.360490278215,519.6871065372756,479.4911740114982
2026-07-03,52,557.6139989154273,478.4768991796887,1107.1193826638469,1117.657227806176,1148.8512588298076,1158.13425718634,2022.322377369264,1815.2854634584376,1244.6490700142062,1273.216715427384,519.9624348691193,476.54754147822433
2026-07-04,53,557.736347447703,482.8062079944996,1123.0882258954096,1102.7234744087198,1163.6652801769972,1163.9482965873974,2045.874752790228,1835.0376751125889,1257.2517257268555,1261.075036894489,514.4121921886599,474.1011330241688
2026-07-05,54,559.2820096757372,477.2713325709232,1116.7897142346876,1098.7106125068194,1171.4101730654447,1158.371382369017,2033.571748902016,1878.0488158099,1251.0343420175882,1282.413121123766,513.9529104687214,472.2169935291495
2026-07-06,55,557.6240271589255,474.7766692575559,1116.570533582085,1108.7246727831096,1176.8871492054,1157.586996911792,2024.539032564192,1811.6458111016225,1220.2227292079722,1220.5935882712035,515.5872858564311,470.43044607549655
2026-07-07,56,556.1844060878537,476.5382015138951,1145.814145726852,1132.4600203728082,1169.422014860908,1158.3232306987072,1989.5522799340288,1827.987304041502,1237.6940651078096,1214.188138419686,517.3237957709182,475.7163370448406
2026-07-08,57,559.1889535544842,471.9601597439557,1142.356470974039,1143.3027799025976,1172.6875136877093,1152.2331841691168,1969.224610588373,1811.129289289032,1279.5758474603067,1234.888322153493,514.730745850718,471.4891794852051
2026-07-09,58,558.8779087377883,474.59214100027657,1123.2727726123865,1137.3009711445982,1179.5716393967953,1138.9082097505905,2025.0778192513228,1801.8320687258868,1241.4917711642274,1213.42215922863,519.1778124150296,475.13180063126623
2026-07-10,59,558.155408817863,477.4107446872987,1149.3975131325176,1127.4072648520491,1189.2713800531733,1145.7581571030707,2012.306309597068,1875.274821178725,1266.16389197034,1237.1713844721996,521.6159967414494,476.0672944227829
2026-07-11,60,558.3988399719855,472.98708172553216,1150.3312602725832,1123.3904694123426,1198.2185715128792,1147.7509150346816,2008.036010494684,1858.4835543098984,1249.3020047719176,1239.4829439219063,521.1865148470553,470.0308634809229
2026-07-12,61,557.0320060494937,478.76125385852026,1138.239558006295,1136.9874925231484,1189.5684312518067,1108.910588184242,1965.0494308980728,1794.2576305401064,1267.3922027940314,1219.8024175612504,528.2525089918186,474.1746147251754
2026-07-13,62,557.8897080844008,482.6968040536268,1155.2391015886544,1115.1004126861728,1193.74383833922,1129.4136538692774,1980.7818024431276,1840.4278503028984,1248.0532736540383,1231.058398651446,526.3058539680724,474.5115392018122
2026-07-14,63,558.5788639596401,483.281672618508,1153.7163655108156,1111.5489046536652,1195.789786876366,1134.809816582641,2011.302101414532,1850.395309090832,1255.3512725510036,1210.3169774066607,528.3265758228949,474.6860559942813
2026-07-15,64,559.1239293360031,479.6747663770438,1168.1594254597785,1109.265786853367,1200.6397361530967,1136.188666436955,1999.5308055595283,1887.524695616691,1246.079213686613,1203.8084475510816,524.2057430285362,483.3441852957425
2026-07-16,65,559.6138258676804,486.3385009975949,1155.3551255759023,1127.4485287477628,1171.0956069866083,1109.2551165528257,1990.154749225556,1826.766876917119,1266.3363731568525,1222.7835425156914,523.1006993287923,480.0929796136746
2026-07-17,66,559.3150674049778,488.7385650127528,1153.3150189592702,1113.351040169552,1204.4592666061633,1149.287393521185,2100.970444359841,1937.974777697985,1273.702060307666,1268.0477022360192,530.0213348152697,477.3712485127043
2026-07-18,67,561.0868936248244,483.06229133213486,1141.3744410865647,1117.7303069247823,1192.3803853259744,1132.7138517480978,1994.9451777058036,1902.4556886445655,1266.4752311573286,1271.3276132043702,528.7720244782003,480.74590956545046
2026-07-19,68,561.18026487314,484.0342703471271,1144.1854965658335,1120.3552460921585,1189.1613257858814,1145.6697265307669,2041.8600436562604,1860.3942363768977,1251.0589267127546,1222.638729158837,534.7345416316665,480.9700539246442
2026-07-20,69,560.1204115285983,493.6239807487412,1148.5559817993594,1131.9849193717562,1160.4785310586476,1110.097984658315,1933.474677941736,1845.2274908946115,1247.1623998228251,1223.996495556533,516.9878680673701,480.1412991809502
2026-07-21,70,563.1177704967471,481.8934101542074,1164.6554550036158,1100.1808858906106,1185.7440820136694,1130.995276238746,1966.8020803283805,1864.911858557043,1252.7634789679732,1225.4391610917278,518.8366631491295,483.768476044857
2026-07-22,71,560.1442567432515,494.2793780827975,1149.4322076487545,1093.5741448376964,1181.9416219897555,1144.5091970968465,2001.0836094210597,1889.2277161850832,1256.989167609851,1231.326277192198,524.9168584471458,481.77494104952575
2026-07-23,72,562.169792661643,493.3931105942892,1152.6219888792143,1115.5037224289422,1178.7156968505449,1128.0008168301508,1976.3370271620067,1858.2684239818448,1263.8988193776158,1243.972488545613,514.9382418202164,483.5480039727762
2026-07-24,73,562.7411360335833,492.3193564130326,1152.8875258157782,1119.621376805372,1177.080456172047,1122.937638646273,1960.670209008456,1829.658766893664,1228.003383517393,1227.8617477879252,523.6216832297474,484.18046890224446
2026-07-25,74,564.0006700915878,491.4616677435645,1163.7549302709265,1132.2037967157946,1179.2026456084268,1143.7823088382067,2008.1683307612211,1851.5701330210825,1232.1359823984887,1252.807287824755,516.8511508790098,478.5821233841008
2026-07-26,75,562.5588197216383,493.2596776754419,1175.828482585993,1123.889809024725,1187.1445823611673,1169.4686557404025,2023.94644810725,1821.452091020632,1240.1913264882153,1229.1261168703438,523.9032280497356,473.8410883502
2026-07-27,76,562.5510693966219,499.5351903550281,1181.187734270998,1118.1779341177307,1164.2171421803723,1147.098233302703,1957.0788286599616,1834.738335644334,1249.5415314751497,1238.3449318621035,523.6146372372073,475.1104681041695
2026-07-28,77,562.5117685500877,500.7065999149541,1177.2792913037335,1126.2797145012044,1171.425009543266,1140.9554895807937,2026.1043251937149,1858.047787622526,1248.8126541810398,1243.492954416618,512.8602254255086,478.8578460720841
2026-07-29,78,562.8440889453312,498.6157547329074,1178.5177770940995,1108.2791287492364,1187.3565504238834,1166.8503700885751,2003.1153095013556,1827.381181766431,1252.3621431926335,1205.8381209287518,525.2097693952842,480.6937379173232
2026-07-30,79,561.766559673661,507.0446739479681,1156.6207938866728,1111.2374191883457,1180.987689683011,1155.295117100659,2042.746872588217,1872.9586301054248,1265.322294652314,1227.0534980821094,527.4198040517177,479.6025787068401
2026-07-31,80,562.2238900743156,503.3382674607723,1176.474865595152,1113.8749374946158,1179.0556551196453,1169.23457895426,2005.4519731611767,1835.493158999884,1269.4706138123452,1255.9764056941387,521.3193889847038,480.8933718950887
2026-08-01,81,562.2783692409156,507.8430734099803,1173.1755849093083,1117.9390401186968,1167.1159513466182,1139.5173530162515,2012.410568056984,1818.5706777980215,1247.8462319565106,1214.3005430045528,513.6598173173053,476.5458019738024
2026-08-02,82,562.6312413228255,499.568998374964,1196.868443997887,1110.1978475345682,1172.895505083134,1117.4012713505413,1948.3604298372045,1818.8020713110157,1267.8515991566485,1212.0255381153456,521.7171243553764,481.3977562599506
2026-08-03,83,559.7110326625307,515.3500327760278,1169.9932248037635,1122.736773112655,1175.1430823480384,1151.099251047415,2095.0545351868204,1809.0377111531864,1250.0049583351768,1215.635183890916,525.4613537631543,480.45514713122486
2026-08-04,84,561.2904909174952,517.397477875947,1183.682880035196,1113.5668312307814,1178.987285682433,1129.7355439680346,2031.551602196158,1809.163190036988,1234.6880371191016,1211.102804043715,528.427687853647,481.032806434294
2026-08-05,85,559.9984015328242,520.5466721837703,1164.6985883990424,1107.6645820942608,1182.8501325687755,1127.270964100636,2103.160605164374,1871.912280238021,1218.6583338178436,1195.0894204491362,530.000192042826,482.1630438138835
2026-08-06,86,559.3469852746143,515.6450868527988,1197.757113104895,1130.2916628732116,1183.2645188446684,1112.7530243344377,2029.644157773109,1741.579543103849,1248.9072838328589,1224.644450622148,522.5721108384063,477.5547460024215
2026-08-07,87,559.9020320755977,521.8986335645376,1204.3095726311906,1105.268770788164,1190.0647193297837,1119.2578016931316,2035.4488562368256,1831.990328970912,1221.9459074495612,1206.483527918371,525.0690209594055,482.4916033868273
2026-08-08,88,560.0760866563216,518.998681212327,1192.5212883578708,1106.6047499593274,1202.9440686475068,1138.4529103406037,2029.563359994765,1812.0317431078709,1224.057526552849,1193.538682058267,521.1675705010013,479.8969909539613
2026-08-09,89,559.7968192526287,521.5086706341604,1200.2655866036353,1129.668322112289,1189.1528344316062,1127.833666696529,2028.1490955028603,1829.7089074654127,1225.5751628168769,1205.0253397796787,522.8353130626391,482.0798802200478
2026-08-10,90,561.4727514069319,522.3938203991556,1167.2633897504052,1114.01797999351,1183.919119217127,1132.994983756418,2069.630563668744,1835.7342772856905,1264.862978631838,1223.470104375986,532.1165478430129,483.314164236223
2026-08-11,91,559.303414906562,520.132422658847,1164.1291367084957,1111.926881022008,1187.638256365204,1143.4254461049582,2051.336996089536,1893.258398725244,1240.188943004697,1197.371160523002,523.0063060439043,482.10353658121727
2026-08-12,92,557.7482898630165,523.8807022267167,1175.091349820726,1121.730615461359,1175.0835843877098,1145.182670734143,1991.261269238179,1834.615839194134,1240.142049975028,1192.5181294151716,525.2602708695474,487.3589525118516
2026-08-13,93,558.731259407163,511.4804448886067,1155.8729747015277,1112.2335112375424,1187.969009819133,1138.0134295637902,2024.4607881574411,1847.56932579871,1237.3787088137676,1196.1337872727534,526.6898617602199,489.23334718623335
2026-08-14,94,558.6579158342265,517.322821008965,1181.6267377306851,1125.9013650297436,1167.5766219361558,1118.5436349401025,2041.2855350477275,1792.3089670537342,1235.4584914712134,1213.3072341145348,526.6623694432907,484.4517237158211
2026-08-15,95,560.670477521265,515.6851649276825,1172.1706494926054,1107.694485163674,1179.0657020525964,1144.4354183203209,2065.885753496479,1851.882345386507,1261.689115910443,1219.0397026621456,521.2750104995347,479.2429822397533
2026-08-16,96,559.0648114990402,521.0670555811478,1174.3142096195886,1104.2243684308594,1162.6625869116108,1126.2091231204322,2032.366886161684,1858.5016783294789,1257.8455211011194,1233.9142822273554,529.8599134996108,480.9518543034443
2026-08-17,97,558.9321231976556,509.3381553392244,1152.9939598922174,1092.520667728897,1175.0384492139517,1148.2856947514802,2075.1405878820287,1941.524689392449,1247.6479207716454,1252.0171501185832,525.1221547915487,485.9770173826126
2026-08-18,98,560.6729571210669,499.9262502333882,1168.2825010302115,1108.5621454648046,1156.8057250085365,1134.3237489429748,2063.343985839252,1888.3182268818507,1253.5160036322702,1232.9694694215573,525.7862413865229,481.4506605675631
2026-08-19,99,561.1331578790812,504.9667926966287,1155.9621978262244,1103.3169734658736,1157.3913243554478,1116.2706221586768,2055.0163792748317,1876.776017661287,1243.518642699047,1228.22930430695,526.6715958816341,479.5173564746963
2026-08-20,100,561.0868396030421,495.70314177272735,1167.3779598029762,1099.7329314142253,1152.7459307505628,1132.6212519656128,2090.0446937158817,1927.5903262598388,1239.2999036523713,1254.2928849971297,527.918770125014,477.3586180025607
2026-08-21,101,560.1442081236476,504.47871317081655,1177.042917873572,1118.7272417288289,1123.7133099175062,1116.541871243773,1988.3474171936969,1824.6610621217292,1252.9532872762422,1229.5083007229218,529.6013982149548,480.68966558914167
2026-08-22,102,561.2018771874632,505.9668103668815,1171.1257551045214,1099.5085700270986,1145.7374581640963,1134.645176096965,2061.624479677846,1960.8427275395704,1218.0988110619228,1235.284733911495,517.3854739778192,479.19635273362144
2026-08-23,103,561.8276547078517,504.5002989464654,1138.1420353378153,1130.0770369410177,1144.635962260637,1104.9987590500484,1996.7113018594705,1823.0692073049388,1223.542881577892,1206.1605696159618,535.0212972256548,479.18452680045846
2026-08-24,104,560.286047714933,510.0069985962834,1132.9288616814508,1113.0412598509383,1164.4774267506805,1114.038104861593,2082.1925198859853,1924.3241791025976,1271.2512634655104,1263.545541192788,527.3335571712706,481.9223539358859
2026-08-25,105,561.232336468981,506.2363437826256,1136.335981913922,1105.5508465638516,1158.677887337005,1138.4866890649068,2098.2656906960483,1994.2842966804888,1251.098883537578,1232.2248389753297,532.7328708077118,476.59426537606896
2026-08-26,106,561.1214261487183,510.7716357445257,1160.2209663539834,1132.7881285638834,1140.304859876702,1136.3126571233663,2012.7810344662,1865.2275504283368,1257.6916525106208,1257.1896066558882,527.6850248964741,481.8120954256281
2026-08-27,107,562.2275257402562,508.8099042486436,1135.423898400548,1119.5157493489744,1143.0962887920075,1117.8476922379382,2031.6293157038644,1871.579190837384,1260.0038055980096,1203.0720260415749,520.9359230075661,480.9149471437327
2026-08-28,108,560.7265377253567,514.4383640857899,1153.704122169221,1107.385804517408,1144.2207777272658,1122.174367260607,2028.436994470252,1921.4425109711328,1270.0575131528342,1246.4776191306853,519.419519447321,473.6272416773903
2026-08-29,109,560.0798285651005,518.5977321816966,1166.9072605673236,1112.2573931099269,1143.9973650500062,1139.708928224063,2069.129344409216,1934.0588933606075,1253.8034544226484,1230.3477746897222,519.925831189601,481.75323095557775
2026-08-30,110,559.7604679954014,516.5233931582188,1147.1452653303454,1117.902620017848,1151.8530198186018,1136.4037056347906,2114.997504972695,1914.9435587348655,1249.6821168316587,1277.1995372625531,524.6798227712561,476.6119885438613
2026-08-31,111,560.9544394178292,517.1913721532308,1169.6275238840565,1138.879086057237,1149.7321052549712,1121.4527121729282,2090.574530961982,1892.2364946170208,1253.91733940761,1278.5861588992273,521.173971589835,479.62252682214887
2026-09-01,112,561.2161785539316,516.4574142301094,1155.542840658864,1105.4457795803396,1162.3055494412972,1127.295378345708,2056.9977703504637,1931.067665403326,1257.2360857900612,1280.652607211537,527.6880684104347,475.6344679659236
2026-09-02,113,560.953142895057,514.9716833669091,1164.5377226431217,1124.5664904401797,1153.3085385276854,1137.4581178404906,2054.38587345759,1909.8989124973104,1263.797347253449,1300.5495960713686,520.9856956687187,476.6586135551497
2026-09-03,114,561.3507918314879,519.849499414031,1151.7647974579695,1114.9367447850905,1155.423426685957,1109.8255565530671,1992.818396134784,1878.3746275627311,1256.130457415778,1306.5248067343691,528.4496181757843,478.6677906057478
2026-09-04,115,560.9605258719546,510.5255433592577,1158.757726494752,1124.2674384726247,1169.7275866540176,1134.8349563785755,2068.223883448899,1850.2726214589911,1264.5570625393716,1263.2587517961333,525.0810475744372,478.4453542870717
2026-09-05,116,559.2546620488728,523.2163215534973,1153.4834694077574,1089.9285092705522,1178.9418230184267,1110.6726371852071,2043.2942800645887,1883.4384556916143,1296.131523978412,1296.8745955898562,525.3011707105601,478.0915336938406
2026-09-06,117,560.7070736772381,510.2328680806693,1156.043309207034,1100.8497530049071,1186.4856368948886,1122.103330958051,2060.413726486214,1861.3311283820271,1258.6879620116265,1287.5660745496664,525.6165262256128,474.1458836857312
2026-09-07,118,561.713049297688,501.1109125038882,1136.4643582878662,1117.312783262352,1181.4629949929852,1102.316099710117,2069.553810835498,1824.148172760321,1262.372399039498,1235.7500814552172,519.1797303442681,471.2374862303991
2026-09-08,119,560.1339349814035,513.4215514771015,1157.307444828332,1107.882170759767,1186.8795550303105,1118.166937324782,2006.9259005932856,1787.9459789576645,1249.9612120393665,1259.230918542836,522.5324312798717,470.08020787250905
2026-09-09,120,559.4736483465599,502.5856053280102,1162.6718579814412,1116.960398822351,1181.7594555395651,1108.9106991826948,1990.5337353003856,1756.7365701860435,1255.2477918733102,1231.6397456331963,516.4413924894228,475.43488792627966
2026-09-10,121,558.5405589146241,503.6522231147188,1190.8575993711297,1111.2179736429473,1172.1600906440565,1117.5668282502727,1940.5689554646929,1795.575662265013,1275.0623866594865,1250.8661222111273,521.9783918684898,479.9579769901283
2026-09-11,122,559.5926997493968,502.9446314166947,1151.829951905696,1112.454237732999,1186.0845315181414,1121.7904344412552,2012.251753400051,1792.6099315659387,1222.7340236823509,1234.6837736312702,523.7081219031185,475.1817293525032
2026-09-12,123,560.0429118798864,503.51615378111705,1150.5739401444075,1131.9500440487293,1178.4851378682408,1130.192530013049,1986.2024333697336,1780.3382751663255,1239.3810224341346,1226.4225531454383,536.8368438053577,479.5972478224877
2026-09-13,124,559.1016597566635,500.44521881717407,1167.7366576039876,1124.741698355244,1179.1974057644663,1126.96199584616,2025.5088587133905,1763.1500706014422,1243.7044071195492,1249.672603414771,529.5813834246445,477.1575771387898
2026-09-14,125,557.0857433169517,507.0959354906399,1129.2526060240896,1111.5302642255217,1173.370623255824,1124.0618363914743,1993.9260285073092,1761.003986579707,1218.0494341210592,1242.5858806823226,531.6113880569818,477.7388727702241
2026-09-15,126,557.908367207965,499.6338575020075,1124.8855314789944,1106.4796311378502,1167.029169355042,1151.7628647733616,1988.3357879765383,1698.8612480717147,1237.6958995866971,1185.1292530764838,524.7419456979993,484.7295275163299
2026-09-16,127,557.2762943492268,492.0524947304439,1127.5355576346917,1115.0633642011253,1169.586719063257,1154.387626237365,2015.0096222491693,1763.2065456582352,1243.3004602246249,1189.9683592933325,525.2433727142499,483.795791208609
2026-09-17,128,557.810004346976,498.85120381416687,1130.8453369405177,1084.7605884358384,1177.2717748050482,1157.2583169564546,1990.5362128292584,1791.4683413776402,1220.4615261367562,1178.7495043590625,524.5897064685701,483.4548528367558
2026-09-18,129,558.8823853428047,496.8314587283695,1127.9138169151736,1101.2361037381893,1163.9355941361357,1161.4124854933305,2025.6405975190696,1751.4403798905184,1241.7370021594752,1193.460642065882,525.9244929182739,479.7677911733315
2026-09-19,130,559.1339449744188,495.5526479886607,1112.9781426943289,1106.2598995840417,1169.282901682188,1189.6394813977704,2016.1126534966447,1789.3461678064905,1224.9150583955195,1180.9806134742255,523.4528694955795,485.3524184292124
2026-09-20,131,560.2856623595535,487.4665291733704,1110.011216330562,1112.6814166214122,1159.396982820087,1171.549291959332,1995.329877265585,1726.5045074548177,1255.440987941861,1212.386042661885,521.9681405367096,483.08879727960607
2026-09-21,132,559.7998120593613,495.9269565571982,1121.5350177699593,1092.0246844081591,1157.5790405957262,1145.2571263305026,1929.9383467679424,1803.569648562276,1263.8033193526016,1222.1829127966766,532.8278814260735,485.0839818824899
2026-09-22,133,560.7256157536076,485.9617533818378,1118.0706003950802,1099.268024883126,1147.7509091422148,1138.0606851246391,1950.1320652285683,1747.3161904096755,1256.0584708573826,1226.0585777061913,516.8278120775879,486.727080901721
2026-09-23,134,559.858675993948,486.176011422518,1128.689545588062,1101.7595085016808,1150.395658976876,1147.130818116818,1964.286655376108,1763.1549329878487,1250.7876916445148,1229.4325057920896,521.5745311113114,485.78525837060215
2026-09-24,135,561.1499586533384,487.9184011055339,1124.5600318531149,1101.8958989647217,1165.7022782887173,1145.2053252476449,2039.762739622647,1805.6243031504964,1246.0924835302458,1217.4387809475463,523.9494789133239,487.7576226532015
2026-09-25,136,560.6419270093842,490.3072837304568,1142.1695676712725,1106.1226377288503,1161.4297703429104,1144.1019681387893,1996.3948607482275,1804.210400205279,1239.569853246354,1222.328731610546,517.0199742028238,485.50583642644506
2026-09-26,137,561.1873111142621,487.3429272353094,1147.5788407672376,1110.9723556057038,1158.8523285261776,1138.8590753378808,2009.477957579607,1823.7835383888955,1230.5033229691676,1233.4847454814098,519.447262293757,487.5218321545834
2026-09-27,138,561.8647964838249,482.9787321505567,1133.9991696360817,1103.4508127545246,1177.6937050527144,1132.9106871996632,2017.629760717681,1795.088059862006,1236.468834066192,1258.7597999513184,522.5325535478607,487.6772099035679
2026-09-28,139,561.9049922912171,485.4162918422219,1131.73056506879,1091.1305894238371,1175.2284637340026,1139.394591434659,1994.6062113065425,1812.561252526616,1254.0297380629615,1236.1161917689471,514.8293753618117,490.779294658758
2026-09-29,140,562.6728795118019,486.6431907651706,1135.0142825955254,1098.092811427169,1177.0296016150369,1120.353640687265,1967.011722248568,1849.8566229533128,1224.8274720714005,1209.334163835068,520.3187525578849,489.2163656676131
2026-09-30,141,562.784445296355,483.7382564408709,1142.040355284889,1113.1594844468189,1169.9749704477886,1123.7379781006382,1935.3367557774131,1822.806319802928,1250.0036728609198,1227.998972010328,517.1188938007149,479.6426187724486
2026-10-01,142,561.7307864495031,491.2175054050316,1128.344193695776,1118.7967256388818,1191.4027567606045,1101.4224890679911,2007.014409048224,1895.3537877484705,1262.9086292696877,1251.9992309463114,525.4352147850441,487.6304590366624
2026-10-02,143,562.5277625990644,495.8457512431667,1130.673397048805,1109.0995906877354,1188.1073452085152,1139.199342448786,2024.518529748724,1877.134980310692,1259.5515061245203,1236.2983585425595,519.4658877840752,488.4141619642817
2026-10-03,144,561.3179645951845,490.45502267924815,1119.1832299649427,1103.2018302435508,1202.1009917895524,1151.779660734376,2002.7061380237271,1914.1917560492457,1250.3889268176893,1243.9485641780216,531.7926683312004,486.7158572775827
2026-10-04,145,562.673182033782,490.8414226062338,1129.7406676630137,1120.267550495264,1186.8438235050885,1129.180056271578,1944.5835381941265,1833.760416059016,1233.4939520475043,1242.8697776683878,526.7691777238812,485.6730895518707
2026-10-05,146,562.8088235259257,489.9324433083518,1144.0027369768975,1098.1502463974955,1192.1247967318948,1137.2595361937515,1990.8490640517268,1914.4233152529944,1229.6563427276903,1222.0915952623466,531.4041114506401,484.5306936207016
2026-10-06,147,563.11451838546,496.7764721331724,1167.3941469423837,1104.6712428719031,1187.6320048103005,1129.9261228970497,1959.0771073813803,1853.4788650353412,1252.673227962842,1264.6518193764073,515.3713821646331,480.1642768207561
2026-10-07,148,560.2762193520289,501.6228797340709,1127.229365049714,1109.2208442918236,1193.5351159387783,1145.7750775989348,1964.3128843169816,1879.1127416428455,1234.8416646831772,1246.3427914770568,525.8849739863132,483.7202823331985
2026-10-08,149,560.6948323413967,502.2552930993107,1138.3251705265432,1093.6785192076352,1190.1634050070538,1138.1559651136688,1921.227077160921,1867.9135760137012,1231.8704917933353,1208.9174914295545,528.8557360959353,480.19187515964654
2026-10-09,150,559.9137151863566,498.4705877947275,1114.3722631048076,1088.5506550018574,1189.9743846538256,1136.1481709526136,1889.860095337663,1869.1824485659497,1241.7103821300686,1225.0089081298263,518.6797166021254,482.9654138264233
2026-10-10,151,559.460823575471,491.8387934739672,1121.095093484976,1087.8169747212555,1179.2214470574593,1149.1637574883666,1976.4859317034484,1900.8336271284747,1245.3136735954631,1242.053759774131,523.9185499069404,476.65438840229024
2026-10-11,152,560.3703126914996,494.5166678760131,1119.0042808964731,1084.8538183956491,1174.7058185391395,1157.1130660053996,1971.9953474190863,1921.4226280804544,1244.1829383020963,1248.1707811963263,528.497782173788,481.81514742434257
2026-10-12,153,558.0946433165436,498.6514990322374,1128.8196121610683,1090.741300503501,1178.7493991058402,1149.5309078831006,1997.181096951764,1950.1268436083435,1243.3672781052785,1230.9014371701146,528.1238890609624,479.6265452122088
2026-10-13,154,557.9870895496801,500.2535562428997,1125.527528451877,1097.9633831010378,1159.4136000261294,1133.9603318864486,1922.548737690975,1842.4002458036573,1247.6842354194073,1262.9794275734764,519.78305813967,474.896998998211
2026-10-14,155,558.0881715070387,497.6161941243141,1117.8950741311637,1105.135988625014,1161.6994059293932,1120.588340147655,1949.4261211852383,1843.048313330795,1239.411512276669,1245.6868616222448,519.693392550355,475.3411794296693
2026-10-15,156,558.8249529854456,495.4921080943,1103.0819332842784,1102.346005329704,1165.8969361526354,1137.4114957830068,1964.802120426655,1946.1745327956075,1227.2186818255989,1202.7429867902358,527.6216433286681,479.6648098146477
2026-10-16,157,557.0355984980085,495.7059153059796,1137.7442993907189,1092.484502909129,1148.337768741775,1136.3794186318476,1974.095520835629,1910.829992580549,1235.7578864598968,1234.2219658471745,519.1444644203939,483.7189159007844
2026-10-17,158,559.0084487729682,489.9369183575095,1111.499575940374,1103.283545553846,1157.922145110419,1117.394497737637,2000.2504518543797,1884.9493387106609,1234.619773079909,1219.3088070340525,520.9858419108231,480.5755370186584
2026-10-18,159,557.7299764788582,500.17211824293247,1127.69840437661,1122.7500542745213,1129.138413210463,1130.858358293494,2036.802497114065,1840.560963706903,1231.2433276498152,1242.0315019859745,526.0262043019129,481.78021799575663
2026-10-19,160,558.2825112669703,493.731381928524,1125.1915786705042,1113.6697700537454,1133.4499451280878,1142.4085107671376,1970.3879873605383,1827.741431705553,1218.939410798364,1224.3193849920235,518.8632744173148,482.45046208456927
2026-10-20,161,558.8286462746205,494.42294115006285,1099.653258470216,1098.7473979378044,1143.5457793908176,1120.616059980799,2019.5106096267068,1869.8651072246907,1220.0361144998103,1240.3379267188209,523.3679627681878,481.293152262775
2026-10-21,162,560.1791115971125,493.2099410566706,1126.6543096525986,1124.4315972988622,1132.6510853015905,1126.4544297012694,2041.391285081149,1824.263340580944,1210.4218182000127,1253.475021469449,519.7617811121795,481.901039388163
2026-10-22,163,560.3907815447667,496.99708125336736,1118.3008430673524,1094.6254733307328,1156.8499859002943,1152.9182936930088,2121.6226699878443,1913.1737010647307,1230.8421659491146,1239.9577124601203,519.6594499976553,485.1262244213975
2026-10-23,164,558.3912823246588,496.2347792746948,1135.5551584116022,1097.954361533102,1147.4625218150404,1164.6869777548343,2041.4198525059076,1848.500291172964,1242.514178470723,1244.4682064005262,526.9295285952838,488.224169425754
2026-10-24,165,559.1664282720423,492.70904302886106,1140.183559540758,1103.7319975010553,1139.4459479880732,1182.0248981908371,2040.2322566249643,1852.9336914674657,1248.8777580960173,1261.9697421301676,526.243046580332,481.217148954583
2026-10-25,166,560.0036164355305,486.5398200382037,1126.7140360775295,1120.487588059086,1127.1540379568885,1159.6235586230953,2009.40734800673,1760.280842022094,1234.3756534842792,1242.964111573761,523.6076463851326,488.5635975302022
2026-10-26,167,561.1317749214575,490.7831597099588,1131.3164784146345,1125.0642623648998,1123.374410874675,1171.2989660826015,2032.6573637815757,1778.3086016458808,1242.2393146157783,1278.9982585413325,524.9852242335606,486.1941902395882
2026-10-27,168,561.4254913511569,492.05746008210906,1099.0010778965311,1093.9512195401708,1137.213350477973,1165.7863226757108,2026.907853537548,1860.1321773286647,1237.106081148416,1284.7545688162322,518.4966358718341,477.27572409933305
2026-10-28,169,561.5303260216507,486.9571131782692,1134.8658782714017,1089.8097119286572,1139.7525943585574,1173.4014554603496,2028.5417079864917,1892.4169318499291,1231.9906166845865,1268.851847473475,523.1603493255236,479.23125968799
2026-10-29,170,561.5026398582846,488.1248101509878,1128.320961031245,1116.032445548282,1128.44754036907,1168.528650452257,2024.884015819287,1820.1663307567496,1258.8370770254455,1293.7080395698515,522.0635143629208,479.7284747775213
2026-10-30,171,562.0567286729975,481.05283221123045,1111.1834935705606,1105.0415362615668,1138.441055859596,1166.7027854627308,2004.486470047053,1846.1993691400692,1234.2707534287604,1255.6457067500562,522.9840628595599,480.14151942828016
2026-10-31,172,560.8255092317581,494.1584520329978,1099.9919040888033,1097.7447013088529,1140.1160836791491,1158.7399351344482,2087.323178810837,1886.6209672535776,1233.8899182897494,1268.2998377991337,526.4691860207352,478.5109250635756
2026-11-01,173,562.5283154219686,483.3498412874773,1119.8266384660744,1133.943687831251,1131.2250070885543,1153.668015145587,1971.516084627172,1726.2995161264653,1226.053265508005,1268.793062671586,511.30932551049625,480.22667873261537
2026-11-02,174,563.3303786226851,480.8740296900135,1134.1810144577832,1107.4929055674795,1142.1366678042218,1154.8500349628944,1989.178274197852,1827.3795248588744,1240.577504379607,1267.768240279525,517.794978241782,481.2887518110203
2026-11-03,175,562.3950869027624,481.4619854986498,1116.1263020156205,1094.916663131927,1150.2081620381027,1148.828552989824,1970.9293653406228,1885.0931200502407,1242.58755762623,1264.1353450321674,516.8470345233815,476.43370956741
2026-11-04,176,563.5178612177323,478.4087679066735,1114.8618210848367,1119.935863459807,1155.28138948717,1137.9098165689572,1978.937737253592,1857.401937802426,1231.863381513851,1216.1055724930943,520.2748991058448,472.1304588027132
2026-11-05,177,561.6361078740587,475.86618791096106,1122.1271508414718,1140.550898945001,1152.1703286282614,1121.7710232484,1974.2029141279963,1789.2486205604594,1246.6851808952483,1254.0598255705231,514.9174059164508,473.6500664925183
2026-11-06,178,561.6076311919468,475.1438892152643,1098.7031061005416,1116.7657109971274,1174.06422420794,1146.64246824067,2149.59622096337,1881.2858523759169,1240.7935443969343,1243.0252378508892,524.3679866563562,476.93961768420735
2026-11-07,179,561.1732456429091,475.0265448668332,1128.4924829167378,1114.2067832625396,1174.8913183722068,1122.2827396525165,2046.2640787559665,1903.8155509125536,1268.4811601740437,1255.068023488386,505.2652807812155,468.4500270334035
2026-11-08,180,560.9148918718231,477.78125133384987,1140.888275620783,1112.057467113297,1183.6631037161176,1135.468833348271,2042.1952179194916,1859.9933794571973,1244.4107350527331,1241.9762707170962,521.5675306695906,477.927328072286
